Instrument,TR.ACCOUNTSPAYABLE,TR.ACCOUNTSPAYABLE.CALCDATE,TR.ACCTSRECEIVTRADENET,TR.ACCTSRECEIVTRADENET.CALCDATE,TR.ADVERTISINGEXPENSE,TR.ADVERTISINGEXPENSE.CALCDATE,TR.BACKLOGVALUEACTUAL,TR.BACKLOGVALUEACTUAL.CALCDATE,TR.CAPITALEXPENDITURES,TR.CAPITALEXPENDITURES.CALCDATE,TR.CAPITALLEASEOBLIGATIONS,TR.CAPITALLEASEOBLIGATIONS.CALCDATE,TR.CASHANDSTINVESTMENTS,TR.CASHANDSTINVESTMENTS.CALCDATE,TR.CASHFROMOPERATINGACT,TR.CASHFROMOPERATINGACT.CALCDATE,TR.COSTOFREVENUETOTAL,TR.COSTOFREVENUETOTAL.CALCDATE,TR.DEFERREDREVENUECURRENT,TR.DEFERREDREVENUECURRENT.CALCDATE,TR.DEFERREDREVENUELT,TR.DEFERREDREVENUELT.CALCDATE,TR.DEPRDEPLETIONANDAMORT,TR.DEPRDEPLETIONANDAMORT.CALCDATE,TR.EBITACTVALUE,TR.EBITACTVALUE.CALCDATE,TR.EBITDAACTVALUE,TR.EBITDAACTVALUE.CALCDATE,TR.EMPLOYEES,TR.EMPLOYEES.CALCDATE,TR.GOODWILLNET,TR.GOODWILLNET.CALCDATE,TR.GROSSDIVIDENDSCMNSTOCK,TR.GROSSDIVIDENDSCMNSTOCK.CALCDATE,TR.INCOMETAXESPAYABLE,TR.INCOMETAXESPAYABLE.CALCDATE,TR.INTEXPENSENETNONOPER,TR.INTEXPENSENETNONOPER.CALCDATE,TR.INTANGIBLESNET,TR.INTANGIBLESNET.CALCDATE,TR.INTERESTINCOMENONOPERATING,TR.INTERESTINCOMENONOPERATING.CALCDATE,TR.INVENTORYACTVALUE,TR.INVENTORYACTVALUE.CALCDATE,TR.ISSUANCERETIREMENTOFSTOCKNET,TR.ISSUANCERETIREMENTOFSTOCKNET.CALCDATE,TR.LEASEEXPENSETOTAL,TR.LEASEEXPENSETOTAL.CALCDATE,TR.MINORITYINTERESTBSSTMT,TR.MINORITYINTERESTBSSTMT.CALCDATE,TR.NETINCOME,TR.NETINCOME.CALCDATE,TR.NETINCOMEBEFOREEXTRAITEMS,TR.NETINCOMEBEFOREEXTRAITEMS.CALCDATE,TR.NETINCOMEBEFORETAXES,TR.NETINCOMEBEFORETAXES.CALCDATE,TR.OTHERCURRENTASSETS,TR.OTHERCURRENTASSETS.CALCDATE,TR.OTHERCURRENTLIABTOTAL,TR.OTHERCURRENTLIABTOTAL.CALCDATE,TR.OTHERLTASSETSTOTAL,TR.OTHERLTASSETSTOTAL.CALCDATE,TR.OTHERLIABILITIESTOTAL,TR.OTHERLIABILITIESTOTAL.CALCDATE,TR.OTHERNONOPERATINGINCOME,TR.OTHERNONOPERATINGINCOME.CALCDATE,TR.PPTYPLANTEQPMTTTLGROSS,TR.PPTYPLANTEQPMTTTLGROSS.CALCDATE,TR.PROPERTYPLANTEQUIPMENTTOTALNET,TR.PROPERTYPLANTEQUIPMENTTOTALNET.CALCDATE,TR.RECEIVABLESOTHER,TR.RECEIVABLESOTHER.CALCDATE,TR.REDEEMABLEPREFERREDTTL,TR.REDEEMABLEPREFERREDTTL.CALCDATE,TR.RESEARCHANDDEVELOPMENT,TR.RESEARCHANDDEVELOPMENT.CALCDATE,TR.REVENUE,TR.REVENUE.CALCDATE,TR.RIGHTOFUSEASSETSCAPLEASEGROSSSUPP,TR.RIGHTOFUSEASSETSCAPLEASEGROSSSUPP.CALCDATE,TR.RIGHTOFUSEASSETSOPERLEASEGROSSSUPP,TR.RIGHTOFUSEASSETSOPERLEASEGROSSSUPP.CALCDATE,TR.SGAEXPENSETOTAL,TR.SGAEXPENSETOTAL.CALCDATE,TR.SPECIALITEMSMM,TR.SPECIALITEMSMM.CALCDATE,TR.TAXCURDOM,TR.TAXCURDOM.CALCDATE,TR.TAXDEFTOT,TR.TAXDEFTOT.CALCDATE,TR.TAXOTHINCTOT,TR.TAXOTHINCTOT.CALCDATE,TR.TOTALASSETSREPORTED,TR.TOTALASSETSREPORTED.CALCDATE,TR.TOTALCURRLIABILITIES,TR.TOTALCURRLIABILITIES.CALCDATE,TR.TOTALCURRENTASSETS,TR.TOTALCURRENTASSETS.CALCDATE,TR.TOTALDEBTOUTSTANDING,TR.TOTALDEBTOUTSTANDING.CALCDATE,TR.TOTALEQUITY,TR.TOTALEQUITY.CALCDATE,TR.TOTALINVENTORY,TR.TOTALINVENTORY.CALCDATE,TR.TOTALLIABILITIES,TR.TOTALLIABILITIES.CALCDATE,TR.TOTALLONGTERMDEBT,TR.TOTALLONGTERMDEBT.CALCDATE,TR.TTLPREFERREDSHARESOUT,TR.TTLPREFERREDSHARESOUT.CALCDATE,TR.WARRANTSCONVERTED,TR.WARRANTSCONVERTED.CALCDATE
0GU6.L^A08,,,,,,,,,,,,,,,,,,,,,,,,,,,,,,,,,,,,,,,,,,,,,,,,,,,,,,,,,,,,,,,,,,,,,,,,,,,,,,,,,,,,,,,,,,,,,,,,,,,,,,,,,,,,,,,,
0GTX.L^A08,,,,,,,,,,,,,,,,,,,,,,,,,,,,,,,,,,,,,,,,,,,,,,,,,,,,,,,,,,,,,,,,,,,,,,,,,,,,,,,,,,,,,,,,,,,,,,,,,,,,,,,,,,,,,,,,
0GTQ.L^A08,,,,,,,,,,,,,,,,,,,,,,,,,,,,,,,,,,,,,,,,,,,,,,,,,,,,,,,,,,,,,,,,,,,,,,,,,,,,,,,,,,,,,,,,,,,,,,,,,,,,,,,,,,,,,,,,
0GTP.L^A08,,,,,,,,,,,,,,,,,,,,,,,,,,,,,,,,,,,,,,,,,,,,,,,,,,,,,,,,,,,,,,,,,,,,,,,,,,,,,,,,,,,,,,,,,,,,,,,,,,,,,,,,,,,,,,,,
0GTN.L^A08,,,,,,,,,,,,,,,,,,,,,,,,,,,,,,,,,,,,,,,,,,,,,,,,,,,,,,,,,,,,,,,,,,,,,,,,,,,,,,,,,,,,,,,,,,,,,,,,,,,,,,,,,,,,,,,,
0GTM.L^A08,,,,,,,,,,,,,,,,,,,,,,,,,,,,,,,,,,,,,,,,,,,,,,,,,,,,,,,,,,,,,,,,,,,,,,,,,,,,,,,,,,,,,,,,,,,,,,,,,,,,,,,,,,,,,,,,
0GTL.L^A08,,,,,,,,,,,,,,,,,,,,,,,,,,,,,,,,,,,,,,,,,,,,,,,,,,,,,,,,,,,,,,,,,,,,,,,,,,,,,,,,,,,,,,,,,,,,,,,,,,,,,,,,,,,,,,,,
0GTE.L^A08,,,,,,,,,,,,,,,,,,,,,,,,,,,,,,,,,,,,,,,,,,,,,,,,,,,,,,,,,,,,,,,,,,,,,,,,,,,,,,,,,,,,,,,,,,,,,,,,,,,,,,,,,,,,,,,,
0GTC.L^A08,,,,,,,,,,,,,,,,,,,,,,,,,,,,,,,,,,,,,,,,,,,,,,,,,,,,,,,,,,,,,,,,,,,,,,,,,,,,,,,,,,,,,,,,,,,,,,,,,,,,,,,,,,,,,,,,
0GT8.L^A08,,,,,,,,,,,,,,,,,,,,,,,,,,,,,,,,,,,,,,,,,,,,,,,,,,,,,,,,,,,,,,,,,,,,,,,,,,,,,,,,,,,,,,,,,,,,,,,,,,,,,,,,,,,,,,,,
0GT3.L^A08,,,,,,,,,,,,,,,,,,,,,,,,,,,,,,,,,,,,,,,,,,,,,,,,,,,,,,,,,,,,,,,,,,,,,,,,,,,,,,,,,,,,,,,,,,,,,,,,,,,,,,,,,,,,,,,,
0GT0.L^A08,,,,,,,,,,,,,,,,,,,,,,,,,,,,,,,,,,,,,,,,,,,,,,,,,,,,,,,,,,,,,,,,,,,,,,,,,,,,,,,,,,,,,,,,,,,,,,,,,,,,,,,,,,,,,,,,
0GSS.L^A08,,,,,,,,,,,,,,,,,,,,,,,,,,,,,,,,,,,,,,,,,,,,,,,,,,,,,,,,,,,,,,,,,,,,,,,,,,,,,,,,,,,,,,,,,,,,,,,,,,,,,,,,,,,,,,,,
0GSQ.L^A08,,,,,,,,,,,,,,,,,,,,,,,,,,,,,,,,,,,,,,,,,,,,,,,,,,,,,,,,,,,,,,,,,,,,,,,,,,,,,,,,,,,,,,,,,,,,,,,,,,,,,,,,,,,,,,,,
0GSI.L^A08,,,,,,,,,,,,,,,,,,,,,,,,,,,,,,,,,,,,,,,,,,,,,,,,,,,,,,,,,,,,,,,,,,,,,,,,,,,,,,,,,,,,,,,,,,,,,,,,,,,,,,,,,,,,,,,,
0GSH.L^A08,,,,,,,,,,,,,,,,,,,,,,,,,,,,,,,,,,,,,,,,,,,,,,,,,,,,,,,,,,,,,,,,,,,,,,,,,,,,,,,,,,,,,,,,,,,,,,,,,,,,,,,,,,,,,,,,
0GSE.L^A08,,,,,,,,,,,,,,,,,,,,,,,,,,,,,,,,,,,,,,,,,,,,,,,,,,,,,,,,,,,,,,,,,,,,,,,,,,,,,,,,,,,,,,,,,,,,,,,,,,,,,,,,,,,,,,,,
0GSB.L^A08,,,,,,,,,,,,,,,,,,,,,,,,,,,,,,,,,,,,,,,,,,,,,,,,,,,,,,,,,,,,,,,,,,,,,,,,,,,,,,,,,,,,,,,,,,,,,,,,,,,,,,,,,,,,,,,,
0GS5.L^A08,,,,,,,,,,,,,,,,,,,,,,,,,,,,,,,,,,,,,,,,,,,,,,,,,,,,,,,,,,,,,,,,,,,,,,,,,,,,,,,,,,,,,,,,,,,,,,,,,,,,,,,,,,,,,,,,
0GS3.L^A08,,,,,,,,,,,,,,,,,,,,,,,,,,,,,,,,,,,,,,,,,,,,,,,,,,,,,,,,,,,,,,,,,,,,,,,,,,,,,,,,,,,,,,,,,,,,,,,,,,,,,,,,,,,,,,,,
0GS2.L^A08,,,,,,,,,,,,,,,,,,,,,,,,,,,,,,,,,,,,,,,,,,,,,,,,,,,,,,,,,,,,,,,,,,,,,,,,,,,,,,,,,,,,,,,,,,,,,,,,,,,,,,,,,,,,,,,,
0GRZ.L^A08,,,,,,,,,,,,,,,,,,,,,,,,,,,,,,,,,,,,,,,,,,,,,,,,,,,,,,,,,,,,,,,,,,,,,,,,,,,,,,,,,,,,,,,,,,,,,,,,,,,,,,,,,,,,,,,,
0GRY.L^A08,,,,,,,,,,,,,,,,,,,,,,,,,,,,,,,,,,,,,,,,,,,,,,,,,,,,,,,,,,,,,,,,,,,,,,,,,,,,,,,,,,,,,,,,,,,,,,,,,,,,,,,,,,,,,,,,
0GRR.L^A08,,,,,,,,,,,,,,,,,,,,,,,,,,,,,,,,,,,,,,,,,,,,,,,,,,,,,,,,,,,,,,,,,,,,,,,,,,,,,,,,,,,,,,,,,,,,,,,,,,,,,,,,,,,,,,,,
0GRP.L^A08,,,,,,,,,,,,,,,,,,,,,,,,,,,,,,,,,,,,,,,,,,,,,,,,,,,,,,,,,,,,,,,,,,,,,,,,,,,,,,,,,,,,,,,,,,,,,,,,,,,,,,,,,,,,,,,,
0GRO.L^A08,,,,,,,,,,,,,,,,,,,,,,,,,,,,,,,,,,,,,,,,,,,,,,,,,,,,,,,,,,,,,,,,,,,,,,,,,,,,,,,,,,,,,,,,,,,,,,,,,,,,,,,,,,,,,,,,
0GRE.L^A08,,,,,,,,,,,,,,,,,,,,,,,,,,,,,,,,,,,,,,,,,,,,,,,,,,,,,,,,,,,,,,,,,,,,,,,,,,,,,,,,,,,,,,,,,,,,,,,,,,,,,,,,,,,,,,,,
0GR9.L^A08,,,,,,,,,,,,,,,,,,,,,,,,,,,,,,,,,,,,,,,,,,,,,,,,,,,,,,,,,,,,,,,,,,,,,,,,,,,,,,,,,,,,,,,,,,,,,,,,,,,,,,,,,,,,,,,,
0GR3.L^A08,,,,,,,,,,,,,,,,,,,,,,,,,,,,,,,,,,,,,,,,,,,,,,,,,,,,,,,,,,,,,,,,,,,,,,,,,,,,,,,,,,,,,,,,,,,,,,,,,,,,,,,,,,,,,,,,
0GR2.L^A08,,,,,,,,,,,,,,,,,,,,,,,,,,,,,,,,,,,,,,,,,,,,,,,,,,,,,,,,,,,,,,,,,,,,,,,,,,,,,,,,,,,,,,,,,,,,,,,,,,,,,,,,,,,,,,,,
0GR1.L^B21,,,,,,,,,,,,,,,,,,,,,,,,,,,,,,,,,,,,,,,,,,,,,,,,,,,,,,,,,,,,,,,,,,,,,,,,,,,,,,,,,,,,,,,,,,,,,,,,,,,,,,,,,,,,,,,,
0GR0.L^A08,,,,,,,,,,,,,,,,,,,,,,,,,,,,,,,,,,,,,,,,,,,,,,,,,,,,,,,,,,,,,,,,,,,,,,,,,,,,,,,,,,,,,,,,,,,,,,,,,,,,,,,,,,,,,,,,
0GQU.L^A08,,,,,,,,,,,,,,,,,,,,,,,,,,,,,,,,,,,,,,,,,,,,,,,,,,,,,,,,,,,,,,,,,,,,,,,,,,,,,,,,,,,,,,,,,,,,,,,,,,,,,,,,,,,,,,,,
0GQT.L^A08,,,,,,,,,,,,,,,,,,,,,,,,,,,,,,,,,,,,,,,,,,,,,,,,,,,,,,,,,,,,,,,,,,,,,,,,,,,,,,,,,,,,,,,,,,,,,,,,,,,,,,,,,,,,,,,,
0GQO.L^A08,,,,,,,,,,,,,,,,,,,,,,,,,,,,,,,,,,,,,,,,,,,,,,,,,,,,,,,,,,,,,,,,,,,,,,,,,,,,,,,,,,,,,,,,,,,,,,,,,,,,,,,,,,,,,,,,
0GQN.L^A08,,,,,,,,,,,,,,,,,,,,,,,,,,,,,,,,,,,,,,,,,,,,,,,,,,,,,,,,,,,,,,,,,,,,,,,,,,,,,,,,,,,,,,,,,,,,,,,,,,,,,,,,,,,,,,,,
0GQM.L^A08,,,,,,,,,,,,,,,,,,,,,,,,,,,,,,,,,,,,,,,,,,,,,,,,,,,,,,,,,,,,,,,,,,,,,,,,,,,,,,,,,,,,,,,,,,,,,,,,,,,,,,,,,,,,,,,,
0GQE.L^A08,,,,,,,,,,,,,,,,,,,,,,,,,,,,,,,,,,,,,,,,,,,,,,,,,,,,,,,,,,,,,,,,,,,,,,,,,,,,,,,,,,,,,,,,,,,,,,,,,,,,,,,,,,,,,,,,
0GQB.L^A08,,,,,,,,,,,,,,,,,,,,,,,,,,,,,,,,,,,,,,,,,,,,,,,,,,,,,,,,,,,,,,,,,,,,,,,,,,,,,,,,,,,,,,,,,,,,,,,,,,,,,,,,,,,,,,,,
0GQ5.L^A08,,,,,,,,,,,,,,,,,,,,,,,,,,,,,,,,,,,,,,,,,,,,,,,,,,,,,,,,,,,,,,,,,,,,,,,,,,,,,,,,,,,,,,,,,,,,,,,,,,,,,,,,,,,,,,,,
0GPW.L^A08,,,,,,,,,,,,,,,,,,,,,,,,,,,,,,,,,,,,,,,,,,,,,,,,,,,,,,,,,,,,,,,,,,,,,,,,,,,,,,,,,,,,,,,,,,,,,,,,,,,,,,,,,,,,,,,,
0GPL.L^A08,,,,,,,,,,,,,,,,,,,,,,,,,,,,,,,,,,,,,,,,,,,,,,,,,,,,,,,,,,,,,,,,,,,,,,,,,,,,,,,,,,,,,,,,,,,,,,,,,,,,,,,,,,,,,,,,
0GPJ.L^A08,,,,,,,,,,,,,,,,,,,,,,,,,,,,,,,,,,,,,,,,,,,,,,,,,,,,,,,,,,,,,,,,,,,,,,,,,,,,,,,,,,,,,,,,,,,,,,,,,,,,,,,,,,,,,,,,
0GPI.L^A08,,,,,,,,,,,,,,,,,,,,,,,,,,,,,,,,,,,,,,,,,,,,,,,,,,,,,,,,,,,,,,,,,,,,,,,,,,,,,,,,,,,,,,,,,,,,,,,,,,,,,,,,,,,,,,,,
0GPD.L^A08,,,,,,,,,,,,,,,,,,,,,,,,,,,,,,,,,,,,,,,,,,,,,,,,,,,,,,,,,,,,,,,,,,,,,,,,,,,,,,,,,,,,,,,,,,,,,,,,,,,,,,,,,,,,,,,,
0GPB.L^A08,,,,,,,,,,,,,,,,,,,,,,,,,,,,,,,,,,,,,,,,,,,,,,,,,,,,,,,,,,,,,,,,,,,,,,,,,,,,,,,,,,,,,,,,,,,,,,,,,,,,,,,,,,,,,,,,
0GPA.L^A08,,,,,,,,,,,,,,,,,,,,,,,,,,,,,,,,,,,,,,,,,,,,,,,,,,,,,,,,,,,,,,,,,,,,,,,,,,,,,,,,,,,,,,,,,,,,,,,,,,,,,,,,,,,,,,,,
0GP7.L^A08,,,,,,,,,,,,,,,,,,,,,,,,,,,,,,,,,,,,,,,,,,,,,,,,,,,,,,,,,,,,,,,,,,,,,,,,,,,,,,,,,,,,,,,,,,,,,,,,,,,,,,,,,,,,,,,,
0GP3.L^A08,,,,,,,,,,,,,,,,,,,,,,,,,,,,,,,,,,,,,,,,,,,,,,,,,,,,,,,,,,,,,,,,,,,,,,,,,,,,,,,,,,,,,,,,,,,,,,,,,,,,,,,,,,,,,,,,
0GP2.L^A08,,,,,,,,,,,,,,,,,,,,,,,,,,,,,,,,,,,,,,,,,,,,,,,,,,,,,,,,,,,,,,,,,,,,,,,,,,,,,,,,,,,,,,,,,,,,,,,,,,,,,,,,,,,,,,,,
0GU6.L^A08,,,,,,,,,,,,,,,,,,,,,,,,,,,,,,,,,,,,,,,,,,,,,,,,,,,,,,,,,,,,,,,,,,,,,,,,,,,,,,,,,,,,,,,,,,,,,,,,,,,,,,,,,,,,,,,,
0GTX.L^A08,,,,,,,,,,,,,,,,,,,,,,,,,,,,,,,,,,,,,,,,,,,,,,,,,,,,,,,,,,,,,,,,,,,,,,,,,,,,,,,,,,,,,,,,,,,,,,,,,,,,,,,,,,,,,,,,
0GTQ.L^A08,,,,,,,,,,,,,,,,,,,,,,,,,,,,,,,,,,,,,,,,,,,,,,,,,,,,,,,,,,,,,,,,,,,,,,,,,,,,,,,,,,,,,,,,,,,,,,,,,,,,,,,,,,,,,,,,
0GTP.L^A08,,,,,,,,,,,,,,,,,,,,,,,,,,,,,,,,,,,,,,,,,,,,,,,,,,,,,,,,,,,,,,,,,,,,,,,,,,,,,,,,,,,,,,,,,,,,,,,,,,,,,,,,,,,,,,,,
0GTN.L^A08,,,,,,,,,,,,,,,,,,,,,,,,,,,,,,,,,,,,,,,,,,,,,,,,,,,,,,,,,,,,,,,,,,,,,,,,,,,,,,,,,,,,,,,,,,,,,,,,,,,,,,,,,,,,,,,,
0GTM.L^A08,,,,,,,,,,,,,,,,,,,,,,,,,,,,,,,,,,,,,,,,,,,,,,,,,,,,,,,,,,,,,,,,,,,,,,,,,,,,,,,,,,,,,,,,,,,,,,,,,,,,,,,,,,,,,,,,
0GTL.L^A08,,,,,,,,,,,,,,,,,,,,,,,,,,,,,,,,,,,,,,,,,,,,,,,,,,,,,,,,,,,,,,,,,,,,,,,,,,,,,,,,,,,,,,,,,,,,,,,,,,,,,,,,,,,,,,,,
0GTE.L^A08,,,,,,,,,,,,,,,,,,,,,,,,,,,,,,,,,,,,,,,,,,,,,,,,,,,,,,,,,,,,,,,,,,,,,,,,,,,,,,,,,,,,,,,,,,,,,,,,,,,,,,,,,,,,,,,,
0GTC.L^A08,,,,,,,,,,,,,,,,,,,,,,,,,,,,,,,,,,,,,,,,,,,,,,,,,,,,,,,,,,,,,,,,,,,,,,,,,,,,,,,,,,,,,,,,,,,,,,,,,,,,,,,,,,,,,,,,
0GT8.L^A08,,,,,,,,,,,,,,,,,,,,,,,,,,,,,,,,,,,,,,,,,,,,,,,,,,,,,,,,,,,,,,,,,,,,,,,,,,,,,,,,,,,,,,,,,,,,,,,,,,,,,,,,,,,,,,,,
0GT3.L^A08,,,,,,,,,,,,,,,,,,,,,,,,,,,,,,,,,,,,,,,,,,,,,,,,,,,,,,,,,,,,,,,,,,,,,,,,,,,,,,,,,,,,,,,,,,,,,,,,,,,,,,,,,,,,,,,,
0GT0.L^A08,,,,,,,,,,,,,,,,,,,,,,,,,,,,,,,,,,,,,,,,,,,,,,,,,,,,,,,,,,,,,,,,,,,,,,,,,,,,,,,,,,,,,,,,,,,,,,,,,,,,,,,,,,,,,,,,
0GSS.L^A08,,,,,,,,,,,,,,,,,,,,,,,,,,,,,,,,,,,,,,,,,,,,,,,,,,,,,,,,,,,,,,,,,,,,,,,,,,,,,,,,,,,,,,,,,,,,,,,,,,,,,,,,,,,,,,,,
0GSQ.L^A08,,,,,,,,,,,,,,,,,,,,,,,,,,,,,,,,,,,,,,,,,,,,,,,,,,,,,,,,,,,,,,,,,,,,,,,,,,,,,,,,,,,,,,,,,,,,,,,,,,,,,,,,,,,,,,,,
0GSI.L^A08,,,,,,,,,,,,,,,,,,,,,,,,,,,,,,,,,,,,,,,,,,,,,,,,,,,,,,,,,,,,,,,,,,,,,,,,,,,,,,,,,,,,,,,,,,,,,,,,,,,,,,,,,,,,,,,,
0GSH.L^A08,587808.345532198,2013-03-27,28634.1336794289,2013-03-27,,,,,0.0,2013-03-27,,,34012213.7905015,2013-03-27,1572308.84203854,2013-03-27,,,,,,,1581726.71324872,2013-03-27,,,,,16,2013-03-27,,,0.0,2013-03-27,,,-1426.95018336025,2013-03-27,0.0,2013-03-27,1136993.90610144,2013-03-27,,,27397.4435205167,2013-03-27,,,,,-4257353.43706141,2013-03-27,-4257353.43706141,2013-03-27,-4257353.43706141,2013-03-27,,2013-03-27,-4090.59052563271,2013-03-27,,,13864438.2415526,2013-03-27,,2013-03-27,,,,,0.0,2013-03-27,,,,,0.0,2013-03-27,,,,,0.0,2013-03-27,-906589.016494876,2013-03-27,,,,,,,37309324.8841737,2013-03-27,649642.853477808,2013-03-27,34413472.1820624,2013-03-27,0.0,2013-03-27,22795243.7891433,2013-03-27,,,14514081.0950304,2013-03-27,0.0,2013-03-27,,,,
0GSH.L^A08,487.09058496495,2013-10-28,0.0,2013-10-28,,,,,0.0,2013-10-28,,,19423808.6747643,2013-10-28,-645492.443195552,2013-10-28,,,,,,,0.0,2013-10-28,,,,,0,2013-10-28,,,0.0,2013-10-28,,,-2143.19857384578,2013-10-28,0.0,2013-10-28,430977.749576988,2013-10-28,,,-11212922.6840102,2013-10-28,,,,,10414970.8877206,2013-10-28,10414970.8877206,2013-10-28,10414970.8877206,2013-10-28,97.4181169929901,2013-10-28,,2013-10-28,,,0.0,2013-10-28,97.4181169929901,2013-10-28,,,,,161032.147389413,2013-10-28,,,,,16561.0798888083,2013-10-28,,,,,0.0,2013-10-28,10610683.8847595,2013-10-28,,,,,,,22485075.583152,2013-10-28,17243.0067077592,2013-10-28,19636472.42416,2013-10-28,0.0,2013-10-28,22467832.5764443,2013-10-28,,,17243.0067077592,2013-10-28,0.0,2013-10-28,,,,
0GSH.L^A08,487.09058496495,2014-04-25,0.0,2014-04-25,,,,,0.0,2014-04-25,,,19423808.6747643,2014-04-25,-645492.443195552,2014-04-25,,,,,,,0.0,2014-04-25,,,,,0,2014-04-25,,,0.0,2014-04-25,,,-2143.19857384578,2014-04-25,0.0,2014-04-25,430977.749576988,2014-04-25,,,-11212922.6840102,2014-04-25,,,,,10414970.8877206,2014-04-25,10414970.8877206,2014-04-25,10414970.8877206,2014-04-25,97.4181169929901,2014-04-25,,2014-04-25,,,0.0,2014-04-25,97.4181169929901,2014-04-25,,,,,161032.147389413,2014-04-25,,,,,16561.0798888083,2014-04-25,,,,,0.0,2014-04-25,10610683.8847595,2014-04-25,,,,,,,22485075.583152,2014-04-25,17243.0067077592,2014-04-25,19636472.42416,2014-04-25,0.0,2014-04-25,22467832.5764443,2014-04-25,,,17243.0067077592,2014-04-25,0.0,2014-04-25,,,,
0GSH.L^A08,172.404715577429,2014-12-01,,2014-12-01,,,,,,2014-12-01,,,1918692.07966121,2014-12-01,190938.222502003,2014-12-01,,,,,,,,2014-12-01,,,,,,2014-12-01,,,0.0,2014-12-01,,,0.0,2014-12-01,,2014-12-01,100167.139750486,2014-12-01,,,-10688316.5445805,2014-12-01,,,,,20688.5658692915,2014-12-01,20688.5658692915,2014-12-01,20688.5658692915,2014-12-01,,2014-12-01,,2014-12-01,,,,2014-12-01,,2014-12-01,,,,,14826.8055396589,2014-12-01,,,,,0.0,2014-12-01,,,,,0.0,2014-12-01,0.0,2014-12-01,,,,,,,9230979.48380451,2014-12-01,17412.8762733204,2014-12-01,1938777.22902598,2014-12-01,0.0,2014-12-01,9213566.60753119,2014-12-01,,,17412.8762733204,2014-12-01,0.0,2014-12-01,,,,
0GSH.L^A08,172.404715577429,2015-10-20,,2015-10-20,,,,,,2015-10-20,,,1918692.07966121,2015-10-20,190938.222502003,2015-10-20,,,,,,,,2015-10-20,,,,,,2015-10-20,,,0.0,2015-10-20,,,0.0,2015-10-20,,2015-10-20,100167.139750486,2015-10-20,,,-10688316.5445805,2015-10-20,,,,,20688.5658692915,2015-10-20,20688.5658692915,2015-10-20,20688.5658692915,2015-10-20,,2015-10-20,,2015-10-20,,,,2015-10-20,,2015-10-20,,,,,14826.8055396589,2015-10-20,,,,,0.0,2015-10-20,,,,,0.0,2015-10-20,0.0,2015-10-20,,,,,,,9230979.48380451,2015-10-20,17412.8762733204,2015-10-20,1938777.22902598,2015-10-20,0.0,2015-10-20,9213566.60753119,2015-10-20,,,17412.8762733204,2015-10-20,0.0,2015-10-20,,,,
0GSH.L^A08,0.0,2016-02-22,,2016-02-22,,,,,,2016-02-22,,,1412870.39128633,2016-02-22,25384.7534481738,2016-02-22,,,,,,,,2016-02-22,,,,,,2016-02-22,,,,2016-02-22,,,-2731.27094062629,2016-02-22,,2016-02-22,80.3314982537146,2016-02-22,,,,2016-02-22,,,,,-5542.87337950631,2016-02-22,-5542.87337950631,2016-02-22,-5542.87337950631,2016-02-22,,2016-02-22,,2016-02-22,,,,2016-02-22,,2016-02-22,,,,,13977.6806961463,2016-02-22,,,,,0.0,2016-02-22,,,,,0.0,2016-02-22,-28919.3393713372,2016-02-22,,,,,,,8596112.96513349,2016-02-22,15584.3106612206,2016-02-22,1428936.69093707,2016-02-22,0.0,2016-02-22,8580528.65447227,2016-02-22,,,15584.3106612206,2016-02-22,0.0,2016-02-22,,,,
0GSH.L^A08,0.0,2016-08-26,,2016-08-26,,,,,,2016-08-26,,,1412870.39128633,2016-08-26,25384.7534481738,2016-08-26,,,,,,,,2016-08-26,,,,,,2016-08-26,,,,2016-08-26,,,-2731.27094062629,2016-08-26,,2016-08-26,80.3314982537146,2016-08-26,,,,2016-08-26,,,,,-5542.87337950631,2016-08-26,-5542.87337950631,2016-08-26,-5542.87337950631,2016-08-26,,2016-08-26,,2016-08-26,,,,2016-08-26,,2016-08-26,,,,,13977.6806961463,2016-08-26,,,,,0.0,2016-08-26,,,,,0.0,2016-08-26,-28919.3393713372,2016-08-26,,,,,,,8596112.96513349,2016-08-26,15584.3106612206,2016-08-26,1428936.69093707,2016-08-26,0.0,2016-08-26,8580528.65447227,2016-08-26,,,15584.3106612206,2016-08-26,0.0,2016-08-26,,,,
0GSH.L^A08,0.0,2017-02-27,,2017-02-27,,,,,,2017-02-27,,,1331618.85437597,2017-02-27,41832.8227763321,2017-02-27,,,,,,,,2017-02-27,,,,,,2017-02-27,,,0.0,2017-02-27,,,-890.060059070896,2017-02-27,,2017-02-27,89.0060059070896,2017-02-27,,,,2017-02-27,,,,,72450.8888083709,2017-02-27,72450.8888083709,2017-02-27,72450.8888083709,2017-02-27,-89.0060059070896,2017-02-27,0.0,2017-02-27,,,,2017-02-27,,2017-02-27,,,,,10413.7026911295,2017-02-27,,,,,0.0,2017-02-27,,,,,0.0,2017-02-27,32042.1621265523,2017-02-27,,,,,,,9590753.16051253,2017-02-27,11214.7567442933,2017-02-27,1341943.55106119,2017-02-27,0.0,2017-02-27,9579538.40376824,2017-02-27,,,11214.7567442933,2017-02-27,0.0,2017-02-27,,,,
0GSH.L^A08,0.0,2017-08-28,,2017-08-28,,,,,,2017-08-28,,,1331618.85437597,2017-08-28,41832.8227763321,2017-08-28,,,,,,,,2017-08-28,,,,,,2017-08-28,,,0.0,2017-08-28,,,-890.060059070896,2017-08-28,,2017-08-28,89.0060059070896,2017-08-28,,,,2017-08-28,,,,,72450.8888083709,2017-08-28,72450.8888083709,2017-08-28,72450.8888083709,2017-08-28,-89.0060059070896,2017-08-28,0.0,2017-08-28,,,,2017-08-28,,2017-08-28,,,,,10413.7026911295,2017-08-28,,,,,0.0,2017-08-28,,,,,0.0,2017-08-28,32042.1621265523,2017-08-28,,,,,,,9590753.16051253,2017-08-28,11214.7567442933,2017-08-28,1341943.55106119,2017-08-28,0.0,2017-08-28,9579538.40376824,2017-08-28,,,11214.7567442933,2017-08-28,0.0,2017-08-28,,,,
0GSH.L^A08,,2018-03-05,,2018-03-05,,,,,,2018-03-05,,,42540816.6111904,2018-03-05,-142571.223039126,2018-03-05,,,,,,,,2018-03-05,,,,,,2018-03-05,,,,2018-03-05,,,-631.644659034103,2018-03-05,,2018-03-05,81933.3357718522,2018-03-05,,,,2018-03-05,,,,,63390865.3961983,2018-03-05,63390865.3961983,2018-03-05,63390865.3961983,2018-03-05,90.2349512905861,2018-03-05,,2018-03-05,,,,2018-03-05,,2018-03-05,,,,,2714718.50957728,2018-03-05,,,,,0.0,2018-03-05,,,,,0.0,2018-03-05,,2018-03-05,,,,,,,73114042.3375642,2018-03-05,11369.6038626138,2018-03-05,45337558.6914908,2018-03-05,0.0,2018-03-05,73102672.7337015,2018-03-05,,,11369.6038626138,2018-03-05,0.0,2018-03-05,,,,
0GSH.L^A08,,2018-08-28,,2018-08-28,,,,,,2018-08-28,,,42540816.6111904,2018-08-28,-142571.223039126,2018-08-28,,,,,,,,2018-08-28,,,,,,2018-08-28,,,,2018-08-28,,,-631.644659034103,2018-08-28,,2018-08-28,81933.3357718522,2018-08-28,,,,2018-08-28,,,,,63390865.3961983,2018-08-28,63390865.3961983,2018-08-28,63390865.3961983,2018-08-28,90.2349512905861,2018-08-28,,2018-08-28,,,,2018-08-28,,2018-08-28,,,,,2714718.50957728,2018-08-28,,,,,0.0,2018-08-28,,,,,0.0,2018-08-28,,2018-08-28,,,,,,,73114042.3375642,2018-08-28,11369.6038626138,2018-08-28,45337558.6914908,2018-08-28,0.0,2018-08-28,73102672.7337015,2018-08-28,,,11369.6038626138,2018-08-28,0.0,2018-08-28,,,,
0GSH.L^A08,,2019-02-28,,2019-02-28,,,,,,2019-02-28,,,22390132.5787357,2019-02-28,-450808.038498034,2019-02-28,,,,,,,,2019-02-28,,,,,,2019-02-28,,,,2019-02-28,,,-97050.7975238354,2019-02-28,,2019-02-28,384218.440197009,2019-02-28,,,,2019-02-28,,,,,2240226.39284262,2019-02-28,2240226.39284262,2019-02-28,2240226.39284262,2019-02-28,,2019-02-28,,2019-02-28,,,,2019-02-28,,2019-02-28,,,,,14172781.3383941,2019-02-28,,,,,0.0,2019-02-28,,,,,0.0,2019-02-28,-688830.432425105,2019-02-28,,,,,,,73990784.2121911,2019-02-28,12928.299670146,2019-02-28,37027535.7552754,2019-02-28,0.0,2019-02-28,73977855.9125209,2019-02-28,,,12928.299670146,2019-02-28,0.0,2019-02-28,,,,
0GSH.L^A08,,2019-08-29,,2019-08-29,,,,,,2019-08-29,,,22390132.5787357,2019-08-29,-450808.038498034,2019-08-29,,,,,,,,2019-08-29,,,,,,2019-08-29,,,,2019-08-29,,,-97050.7975238354,2019-08-29,,2019-08-29,384218.440197009,2019-08-29,,,,2019-08-29,,,,,2240226.39284262,2019-08-29,2240226.39284262,2019-08-29,2240226.39284262,2019-08-29,,2019-08-29,,2019-08-29,,,,2019-08-29,,2019-08-29,,,,,14172781.3383941,2019-08-29,,,,,0.0,2019-08-29,,,,,0.0,2019-08-29,-688830.432425105,2019-08-29,,,,,,,73990784.2121911,2019-08-29,12928.299670146,2019-08-29,37027535.7552754,2019-08-29,0.0,2019-08-29,73977855.9125209,2019-08-29,,,12928.299670146,2019-08-29,0.0,2019-08-29,,,,
0GSH.L^A08,,2020-03-05,,2020-03-05,,,,,,2020-03-05,,,6692658.98312326,2020-03-05,195035.056611835,2020-03-05,,,,,,,,2020-03-05,,,,,,2020-03-05,,,,2020-03-05,,,0.0,2020-03-05,,2020-03-05,186173.488570818,2020-03-05,,,,2020-03-05,,,,,6202453.1510361,2020-03-05,6202453.1510361,2020-03-05,6202453.1510361,2020-03-05,,2020-03-05,,2020-03-05,,,,2020-03-05,,2020-03-05,,,,,1772.31360820337,2020-03-05,,,,,0.0,2020-03-05,,,,,0.0,2020-03-05,626673.979918821,2020-03-05,,,,,,,73517663.0207221,2020-03-05,12728.4340952788,2020-03-05,6873676.6502884,2020-03-05,0.0,2020-03-05,73504934.5866268,2020-03-05,,,12728.4340952788,2020-03-05,0.0,2020-03-05,,,,
0GSH.L^A08,,2020-08-31,,2020-08-31,,,,,,2020-08-31,,,6692658.98312326,2020-08-31,195035.056611835,2020-08-31,,,,,,,,2020-08-31,,,,,,2020-08-31,,,,2020-08-31,,,0.0,2020-08-31,,2020-08-31,186173.488570818,2020-08-31,,,,2020-08-31,,,,,6202453.1510361,2020-08-31,6202453.1510361,2020-08-31,6202453.1510361,2020-08-31,,2020-08-31,,2020-08-31,,,,2020-08-31,,2020-08-31,,,,,1772.31360820337,2020-08-31,,,,,0.0,2020-08-31,,,,,0.0,2020-08-31,626673.979918821,2020-08-31,,,,,,,73517663.0207221,2020-08-31,12728.4340952788,2020-08-31,6873676.6502884,2020-08-31,0.0,2020-08-31,73504934.5866268,2020-08-31,,,12728.4340952788,2020-08-31,0.0,2020-08-31,,,,
0GSE.L^A08,,,,,,,,,,,,,,,,,,,,,,,,,,,,,,,,,,,,,,,,,,,,,,,,,,,,,,,,,,,,,,,,,,,,,,,,,,,,,,,,,,,,,,,,,,,,,,,,,,,,,,,,,,,,,,,,
0GSB.L^A08,,,,,,,,,,,,,,,,,,,,,,,,,,,,,,,,,,,,,,,,,,,,,,,,,,,,,,,,,,,,,,,,,,,,,,,,,,,,,,,,,,,,,,,,,,,,,,,,,,,,,,,,,,,,,,,,
0GS5.L^A08,,,,,,,,,,,,,,,,,,,,,,,,,,,,,,,,,,,,,,,,,,,,,,,,,,,,,,,,,,,,,,,,,,,,,,,,,,,,,,,,,,,,,,,,,,,,,,,,,,,,,,,,,,,,,,,,
0GS3.L^A08,,,,,,,,,,,,,,,,,,,,,,,,,,,,,,,,,,,,,,,,,,,,,,,,,,,,,,,,,,,,,,,,,,,,,,,,,,,,,,,,,,,,,,,,,,,,,,,,,,,,,,,,,,,,,,,,
0GS2.L^A08,,,,,,,,,,,,,,,,,,,,,,,,,,,,,,,,,,,,,,,,,,,,,,,,,,,,,,,,,,,,,,,,,,,,,,,,,,,,,,,,,,,,,,,,,,,,,,,,,,,,,,,,,,,,,,,,
0GRZ.L^A08,,,,,,,,,,,,,,,,,,,,,,,,,,,,,,,,,,,,,,,,,,,,,,,,,,,,,,,,,,,,,,,,,,,,,,,,,,,,,,,,,,,,,,,,,,,,,,,,,,,,,,,,,,,,,,,,
0GRY.L^A08,,,,,,,,,,,,,,,,,,,,,,,,,,,,,,,,,,,,,,,,,,,,,,,,,,,,,,,,,,,,,,,,,,,,,,,,,,,,,,,,,,,,,,,,,,,,,,,,,,,,,,,,,,,,,,,,
0GRR.L^A08,,,,,,,,,,,,,,,,,,,,,,,,,,,,,,,,,,,,,,,,,,,,,,,,,,,,,,,,,,,,,,,,,,,,,,,,,,,,,,,,,,,,,,,,,,,,,,,,,,,,,,,,,,,,,,,,
0GRP.L^A08,,,,,,,,,,,,,,,,,,,,,,,,,,,,,,,,,,,,,,,,,,,,,,,,,,,,,,,,,,,,,,,,,,,,,,,,,,,,,,,,,,,,,,,,,,,,,,,,,,,,,,,,,,,,,,,,
0GRO.L^A08,,,,,,,,,,,,,,,,,,,,,,,,,,,,,,,,,,,,,,,,,,,,,,,,,,,,,,,,,,,,,,,,,,,,,,,,,,,,,,,,,,,,,,,,,,,,,,,,,,,,,,,,,,,,,,,,
0GRE.L^A08,,,,,,,,,,,,,,,,,,,,,,,,,,,,,,,,,,,,,,,,,,,,,,,,,,,,,,,,,,,,,,,,,,,,,,,,,,,,,,,,,,,,,,,,,,,,,,,,,,,,,,,,,,,,,,,,
0GR9.L^A08,,,,,,,,,,,,,,,,,,,,,,,,,,,,,,,,,,,,,,,,,,,,,,,,,,,,,,,,,,,,,,,,,,,,,,,,,,,,,,,,,,,,,,,,,,,,,,,,,,,,,,,,,,,,,,,,
0GR3.L^A08,22210839.4087352,2011-07-28,52225487.2583774,2011-07-28,,,,,-6946247.07377433,2011-07-28,,,37989968.5639757,2011-07-28,9090150.49160591,2011-07-28,93302676.7440305,2011-07-28,10548004.8157314,2011-07-28,,,5659905.02307538,2011-07-28,,,,,1769,2011-07-28,139267966.02234,2011-07-28,0.0,2011-07-28,1800878.87097853,2011-07-28,-1286342.05069895,2011-07-28,8918638.21817939,2011-07-28,257268.41013979,2011-07-28,,,,,,,-85756.1367132633,2011-07-28,428780.683566317,2011-07-28,428780.683566317,2011-07-28,2829952.51153769,2011-07-28,12777664.3702762,2011-07-28,24354742.8265668,2011-07-28,48623729.5164203,2011-07-28,9433175.03845897,2011-07-28,-600292.956992843,2011-07-28,31043721.4902013,2011-07-28,8918638.21817939,2011-07-28,6345954.11678149,2011-07-28,,,,,139610990.569193,2011-07-28,,,,,35588796.7360043,2011-07-28,-8146832.98776002,2011-07-28,,,2229659.55454485,2011-07-28,2401171.82797137,2011-07-28,318927072.436626,2011-07-28,83183452.6118654,2011-07-28,111568733.863956,2011-07-28,29928891.7129289,2011-07-28,209931022.674069,2011-07-28,,,108996049.762558,2011-07-28,13377957.3272691,2011-07-28,,,,
0GR3.L^A08,17082271.8446602,2012-02-23,54163300.9708738,2012-02-23,,,,,-9499409.70873787,2012-02-23,,,34247871.8446602,2012-02-23,19748772.815534,2012-02-23,107076679.611651,2012-02-23,17082271.8446602,2012-02-23,,,6666252.42718447,2012-02-23,,,,,2066,2012-02-23,157656869.902913,2012-02-23,0.0,2012-02-23,4083079.61165049,2012-02-23,-999937.86407767,2012-02-23,12915864.0776699,2012-02-23,166656.310679612,2012-02-23,,,,,,,166656.310679612,2012-02-23,14582427.184466,2012-02-23,14582427.184466,2012-02-23,19248803.8834951,2012-02-23,18582178.6407767,2012-02-23,30914745.631068,2012-02-23,42330702.9126214,2012-02-23,11749269.9029126,2012-02-23,-83328.1553398058,2012-02-23,36664388.3495146,2012-02-23,12082582.5242718,2012-02-23,5166345.63106796,2012-02-23,,,,,163823153.398058,2012-02-23,,,,,37830982.5242718,2012-02-23,-2499844.66019417,2012-02-23,,,1916547.57281553,2012-02-23,4416392.23300971,2012-02-23,341562108.737864,2012-02-23,80494998.0582524,2012-02-23,115076182.524272,2012-02-23,36997700.9708738,2012-02-23,222569502.912621,2012-02-23,,,118992605.825243,2012-02-23,24831790.2912621,2012-02-23,,,,
0GR3.L^A08,17082271.8446602,2012-07-27,54163300.9708738,2012-07-27,,,,,-9499409.70873787,2012-07-27,,,34247871.8446602,2012-07-27,19748772.815534,2012-07-27,107076679.611651,2012-07-27,17082271.8446602,2012-07-27,,,6666252.42718447,2012-07-27,,,,,2066,2012-07-27,157656869.902913,2012-07-27,0.0,2012-07-27,4083079.61165049,2012-07-27,-999937.86407767,2012-07-27,12915864.0776699,2012-07-27,166656.310679612,2012-07-27,,,,,,,166656.310679612,2012-07-27,14582427.184466,2012-07-27,14582427.184466,2012-07-27,19248803.8834951,2012-07-27,18582178.6407767,2012-07-27,30914745.631068,2012-07-27,42330702.9126214,2012-07-27,11749269.9029126,2012-07-27,-83328.1553398058,2012-07-27,36664388.3495146,2012-07-27,12082582.5242718,2012-07-27,5166345.63106796,2012-07-27,,,,,163823153.398058,2012-07-27,,,,,37830982.5242718,2012-07-27,-2499844.66019417,2012-07-27,,,1916547.57281553,2012-07-27,4416392.23300971,2012-07-27,341562108.737864,2012-07-27,80494998.0582524,2012-07-27,115076182.524272,2012-07-27,36997700.9708738,2012-07-27,222569502.912621,2012-07-27,,,118992605.825243,2012-07-27,24831790.2912621,2012-07-27,,,,
0GR2.L^A08,,,,,,,,,,,,,,,,,,,,,,,,,,,,,,,,,,,,,,,,,,,,,,,,,,,,,,,,,,,,,,,,,,,,,,,,,,,,,,,,,,,,,,,,,,,,,,,,,,,,,,,,,,,,,,,,
0GR1.L^B21,4648865.46937467,2002-06-30,17488355.8753083,2002-06-30,,2002-06-30,,,-2338516.49467095,2002-06-30,,2002-06-30,11344774.8354985,2002-06-30,4031017.04226732,2002-06-30,19187592.1342012,2002-06-30,89401.259026436,2002-06-30,,,,2002-06-30,,,,,786,2002-06-30,3941003.44585029,2002-06-30,1288970.20719622,2002-06-30,,2002-06-30,-402918.003009554,2002-06-30,1514922.70432468,2002-06-30,396182.291713042,2002-06-30,,,-83890.2225111078,2002-06-30,,,134101.888539654,2002-06-30,4186550.73947769,2002-06-30,4186550.73947769,2002-06-30,6008866.81387957,2002-06-30,,,3239877.13362242,2002-06-30,42251.2799508499,2002-06-30,976678.137994284,2002-06-30,0.0,2002-06-30,24421852.1489818,2002-06-30,14101517.7679438,2002-06-30,2222784.72784906,2002-06-30,,,,,65703802.0105245,2002-06-30,,2002-06-30,,,23958312.7443037,2002-06-30,-1863955.01696213,2002-06-30,,,,2002-06-30,,2002-06-30,59654520.9288659,2002-06-30,15111874.4624206,2002-06-30,39902353.7205389,2002-06-30,5654323.46472678,2002-06-30,36462854.5975835,2002-06-30,8742953.26287297,2002-06-30,23191053.9938919,2002-06-30,5608398.16043238,2002-06-30,,,,
0GR1.L^B21,4945694.97449462,2003-05-19,19068061.4963159,2003-05-19,,2003-05-19,,,-1978668.90232382,2003-05-19,,2003-05-19,12431669.8469677,2003-05-19,6139932.74135651,2003-05-19,23138112.4126204,2003-05-19,171349.990553561,2003-05-19,,,,2003-05-19,,,,,883,2003-05-19,4360629.22728132,2003-05-19,1396860.75949367,2003-05-19,,2003-05-19,-302305.686756093,2003-05-19,958387.20952201,2003-05-19,313381.541658795,2003-05-19,,,9121.29227281315,2003-05-19,,,177213.678443227,2003-05-19,3993822.9737389,2003-05-19,3993822.9737389,2003-05-19,5601124.9763839,2003-05-19,,,4193839.88286416,2003-05-19,59288.3997732855,2003-05-19,1162313.24390705,2003-05-19,0.0,2003-05-19,25514860.5705649,2003-05-19,14853372.9453996,2003-05-19,1624241.54543737,2003-05-19,,,,,75403117.1358398,2003-05-19,,2003-05-19,,,28156777.7252976,2003-05-19,-1563650.10391083,2003-05-19,,,,2003-05-19,,2003-05-19,64490793.9731721,2003-05-19,15729668.5244663,2003-05-19,44161388.0597015,2003-05-19,4477902.98507463,2003-05-19,40578023.2382392,2003-05-19,9944163.13999622,2003-05-19,23912770.7349329,2003-05-19,4476599.94332137,2003-05-19,,,,
0GR1.L^B21,4945694.97449462,2003-10-07,19068061.4963159,2003-10-07,,2003-10-07,,,-1978668.90232382,2003-10-07,,2003-10-07,12431669.8469677,2003-10-07,6139932.74135651,2003-10-07,23138112.4126204,2003-10-07,171349.990553561,2003-10-07,,,,2003-10-07,,,,,883,2003-10-07,4360629.22728132,2003-10-07,1396860.75949367,2003-10-07,,2003-10-07,-302305.686756093,2003-10-07,958387.20952201,2003-10-07,313381.541658795,2003-10-07,,,9121.29227281315,2003-10-07,,,177213.678443227,2003-10-07,3993822.9737389,2003-10-07,3993822.9737389,2003-10-07,5601124.9763839,2003-10-07,,,4193839.88286416,2003-10-07,59288.3997732855,2003-10-07,1162313.24390705,2003-10-07,0.0,2003-10-07,25514860.5705649,2003-10-07,14853372.9453996,2003-10-07,1624241.54543737,2003-10-07,,,,,75403117.1358398,2003-10-07,,2003-10-07,,,28156777.7252976,2003-10-07,-1563650.10391083,2003-10-07,,,,2003-10-07,,2003-10-07,64490793.9731721,2003-10-07,15729668.5244663,2003-10-07,44161388.0597015,2003-10-07,4477902.98507463,2003-10-07,40578023.2382392,2003-10-07,9944163.13999622,2003-10-07,23912770.7349329,2003-10-07,4476599.94332137,2003-10-07,,,,
0GR1.L^B21,6246852.76830328,2004-04-29,21893241.4760928,2004-04-29,,2004-04-29,,,-2217170.96900054,2004-04-29,,2004-04-29,17702118.6110027,2004-04-29,11032276.1506803,2004-04-29,25232745.0945842,2004-04-29,152276.289126905,2004-04-29,,,,2004-04-29,,,,,910,2004-04-29,4368778.53573811,2004-04-29,2710658.94302292,2004-04-29,,2004-04-29,,2004-04-29,719082.476432608,2004-04-29,,2004-04-29,,,0.0,2004-04-29,,,0.0,2004-04-29,5407218.2296452,2004-04-29,5407218.2296452,2004-04-29,7113276.65412256,2004-04-29,,,5605318.40207418,2004-04-29,76843.1273834846,2004-04-29,1530517.7022894,2004-04-29,366591.066416624,2004-04-29,27996982.7319296,2004-04-29,15758480.9761746,2004-04-29,1631330.24555398,2004-04-29,,,,,88055879.136093,2004-04-29,,2004-04-29,,,37058831.9006205,2004-04-29,-2451225.26525116,2004-04-29,,,,2004-04-29,,2004-04-29,73945647.9931532,2004-04-29,20400087.8632651,2004-04-29,52951259.6126012,2004-04-29,4026861.8680226,2004-04-29,46135485.7085321,2004-04-29,10617041.2696814,2004-04-29,27808752.318981,2004-04-29,3982447.95036059,2004-04-29,,,,
0GR1.L^B21,6246852.76830328,2004-08-09,21893241.4760928,2004-08-09,,2004-08-09,,,-2217170.96900054,2004-08-09,,2004-08-09,17702118.6110027,2004-08-09,11032276.1506803,2004-08-09,25232745.0945842,2004-08-09,152276.289126905,2004-08-09,,,,2004-08-09,,,,,910,2004-08-09,4368778.53573811,2004-08-09,2710658.94302292,2004-08-09,,2004-08-09,,2004-08-09,719082.476432608,2004-08-09,,2004-08-09,,,0.0,2004-08-09,,,0.0,2004-08-09,5407218.2296452,2004-08-09,5407218.2296452,2004-08-09,7113276.65412256,2004-08-09,,,5605318.40207418,2004-08-09,76843.1273834846,2004-08-09,1530517.7022894,2004-08-09,366591.066416624,2004-08-09,27996982.7319296,2004-08-09,15758480.9761746,2004-08-09,1631330.24555398,2004-08-09,,,,,88055879.136093,2004-08-09,,2004-08-09,,,37058831.9006205,2004-08-09,-2451225.26525116,2004-08-09,,,,2004-08-09,,2004-08-09,73945647.9931532,2004-08-09,20400087.8632651,2004-08-09,52951259.6126012,2004-08-09,4026861.8680226,2004-08-09,46135485.7085321,2004-08-09,10617041.2696814,2004-08-09,27808752.318981,2004-08-09,3982447.95036059,2004-08-09,,,,
0GR1.L^B21,5662398.47065363,2005-02-14,24796669.0890356,2005-02-14,,2005-02-14,,,-5014318.16641132,2005-02-14,2846040.76901176,2005-02-14,19643829.9415649,2005-02-14,11526217.7556029,2005-02-14,29577763.1546836,2005-02-14,,2005-02-14,,,3339345.07911114,2005-02-14,,,,,951,2005-02-14,3810740.45853275,2005-02-14,1385916.55029353,2005-02-14,1436095.06894261,2005-02-14,-313792.426481554,2005-02-14,1305348.22457529,2005-02-14,308138.508887292,2005-02-14,,,557617.622734113,2005-02-14,,,,2005-02-14,6964919.7364318,2005-02-14,6964919.7364318,2005-02-14,9813080.7245414,2005-02-14,,,8993969.41307266,2005-02-14,1484153.36849384,2005-02-14,2573945.98478788,2005-02-14,,2005-02-14,35911564.3396559,2005-02-14,21118088.9542687,2005-02-14,1426907.45285193,2005-02-14,,,,,95880548.0428976,2005-02-14,,2005-02-14,,,44118225.7277275,2005-02-14,-310965.467684423,2005-02-14,,,76327.8875225402,2005-02-14,2848160.9881096,2005-02-14,87349493.1328552,2005-02-14,25808013.5987093,2005-02-14,57363941.1716854,2005-02-14,5791025.0959231,2005-02-14,52245732.2694795,2005-02-14,11490880.7706387,2005-02-14,35103760.8633757,2005-02-14,4881451.10294616,2005-02-14,,,,
0GR1.L^B21,5662398.47065363,2005-10-05,24796669.0890356,2005-10-05,,2005-10-05,,,-5014318.16641132,2005-10-05,2846040.76901176,2005-10-05,19643829.9415649,2005-10-05,11526217.7556029,2005-10-05,29577763.1546836,2005-10-05,,2005-10-05,,,3339345.07911114,2005-10-05,,,,,951,2005-10-05,3810740.45853275,2005-10-05,1385916.55029353,2005-10-05,1436095.06894261,2005-10-05,-313792.426481554,2005-10-05,1305348.22457529,2005-10-05,308138.508887292,2005-10-05,,,557617.622734113,2005-10-05,,,,2005-10-05,6964919.7364318,2005-10-05,6964919.7364318,2005-10-05,9813080.7245414,2005-10-05,,,8993969.41307266,2005-10-05,1484153.36849384,2005-10-05,2573945.98478788,2005-10-05,,2005-10-05,35911564.3396559,2005-10-05,21118088.9542687,2005-10-05,1426907.45285193,2005-10-05,,,,,95880548.0428976,2005-10-05,,2005-10-05,,,44118225.7277275,2005-10-05,-310965.467684423,2005-10-05,,,76327.8875225402,2005-10-05,2848160.9881096,2005-10-05,87349493.1328552,2005-10-05,25808013.5987093,2005-10-05,57363941.1716854,2005-10-05,5791025.0959231,2005-10-05,52245732.2694795,2005-10-05,11490880.7706387,2005-10-05,35103760.8633757,2005-10-05,4881451.10294616,2005-10-05,,,,
0GR1.L^B21,6731408.96766478,2006-02-17,27542022.425082,2006-02-17,,2006-02-17,,,-4942099.3381404,2006-02-17,2580430.76522336,2006-02-17,14848999.7513586,2006-02-17,6917838.3831208,2006-02-17,29299687.2091784,2006-02-17,,2006-02-17,,,3257355.28481275,2006-02-17,,,,,1020,2006-02-17,6988007.38820019,2006-02-17,1621454.36247173,2006-02-17,1988121.81058265,2006-02-17,-279988.088895204,2006-02-17,2138090.86065428,2006-02-17,302689.825832653,2006-02-17,,,68105.2108123468,2006-02-17,,,,2006-02-17,7822468.20350703,2006-02-17,7822468.20350703,2006-02-17,10244674.7415906,2006-02-17,,,8945860.21619958,2006-02-17,1470797.38097775,2006-02-17,1827833.78917581,2006-02-17,,2006-02-17,38300581.9391658,2006-02-17,23492858.0731479,2006-02-17,1237588.62880214,2006-02-17,,,,,97457180.8096236,2006-02-17,,2006-02-17,,,44716230.3839733,2006-02-17,,2006-02-17,,,30956.9140056122,2006-02-17,2422206.53808357,2006-02-17,93074369.7178513,2006-02-17,26168223.3746552,2006-02-17,56790114.7775844,2006-02-17,7256300.6429155,2006-02-17,57326013.3555927,2006-02-17,13100278.0757527,2006-02-17,35748356.3622586,2006-02-17,5935472.31200938,2006-02-17,,,,
0GR1.L^B21,6731408.96766478,2006-07-25,27542022.425082,2006-07-25,,2006-07-25,,,-4942099.3381404,2006-07-25,2580430.76522336,2006-07-25,14848999.7513586,2006-07-25,6917838.3831208,2006-07-25,29299687.2091784,2006-07-25,,2006-07-25,,,3257355.28481275,2006-07-25,,,,,1020,2006-07-25,6988007.38820019,2006-07-25,1621454.36247173,2006-07-25,1988121.81058265,2006-07-25,-279988.088895204,2006-07-25,2138090.86065428,2006-07-25,302689.825832653,2006-07-25,,,68105.2108123468,2006-07-25,,,,2006-07-25,7822468.20350703,2006-07-25,7822468.20350703,2006-07-25,10244674.7415906,2006-07-25,,,8945860.21619958,2006-07-25,1470797.38097775,2006-07-25,1827833.78917581,2006-07-25,,2006-07-25,38300581.9391658,2006-07-25,23492858.0731479,2006-07-25,1237588.62880214,2006-07-25,,,,,97457180.8096236,2006-07-25,,2006-07-25,,,44716230.3839733,2006-07-25,,2006-07-25,,,30956.9140056122,2006-07-25,2422206.53808357,2006-07-25,93074369.7178513,2006-07-25,26168223.3746552,2006-07-25,56790114.7775844,2006-07-25,7256300.6429155,2006-07-25,57326013.3555927,2006-07-25,13100278.0757527,2006-07-25,35748356.3622586,2006-07-25,5935472.31200938,2006-07-25,,,,
0GR1.L^B21,7406417.0174582,2007-02-12,34402045.7898418,2007-02-12,,2007-02-12,,,-4225309.0352463,2007-02-12,1796025.81121917,2007-02-12,10782891.6483023,2007-02-12,7740561.35442921,2007-02-12,34058469.9594885,2007-02-12,250608.252728256,2007-02-12,,,4077773.53162402,2007-02-12,,,,,1219,2007-02-12,,2007-02-12,2979004.55259234,2007-02-12,2446125.17649543,2007-02-12,-266776.527097821,2007-02-12,17846406.513506,2007-02-12,279576.410973727,2007-02-12,,,1393839.98627624,2007-02-12,,,,2007-02-12,9333136.37983136,2007-02-12,9333136.37983136,2007-02-12,12104648.0780143,2007-02-12,,,9453051.08140563,2007-02-12,1387776.88338766,2007-02-12,2342378.74929072,2007-02-12,,2007-02-12,39340779.9316451,2007-02-12,23778142.1728402,2007-02-12,3014035.8137264,2007-02-12,,,,,111096928.939972,2007-02-12,,2007-02-12,,,46662987.1867619,2007-02-12,-47831.1450099629,2007-02-12,,,-167745.846584236,2007-02-12,2771511.69818292,2007-02-12,105984385.848696,2007-02-12,33262182.4467875,2007-02-12,62864271.7831646,2007-02-12,9754858.86963751,2007-02-12,62767262.1369473,2007-02-12,14289386.1522017,2007-02-12,43217123.7117483,2007-02-12,5495192.25135588,2007-02-12,,,,
0GR1.L^B21,7406417.0174582,2007-08-07,34402045.7898418,2007-08-07,,2007-08-07,,,-4225309.0352463,2007-08-07,1796025.81121917,2007-08-07,10782891.6483023,2007-08-07,7740561.35442921,2007-08-07,34058469.9594885,2007-08-07,250608.252728256,2007-08-07,,,4077773.53162402,2007-08-07,,,,,1219,2007-08-07,,2007-08-07,2979004.55259234,2007-08-07,2446125.17649543,2007-08-07,-266776.527097821,2007-08-07,17846406.513506,2007-08-07,279576.410973727,2007-08-07,,,1393839.98627624,2007-08-07,,,,2007-08-07,9333136.37983136,2007-08-07,9333136.37983136,2007-08-07,12104648.0780143,2007-08-07,,,9453051.08140563,2007-08-07,1387776.88338766,2007-08-07,2342378.74929072,2007-08-07,,2007-08-07,39340779.9316451,2007-08-07,23778142.1728402,2007-08-07,3014035.8137264,2007-08-07,,,,,111096928.939972,2007-08-07,,2007-08-07,,,46662987.1867619,2007-08-07,-47831.1450099629,2007-08-07,,,-167745.846584236,2007-08-07,2771511.69818292,2007-08-07,105984385.848696,2007-08-07,33262182.4467875,2007-08-07,62864271.7831646,2007-08-07,9754858.86963751,2007-08-07,62767262.1369473,2007-08-07,14289386.1522017,2007-08-07,43217123.7117483,2007-08-07,5495192.25135588,2007-08-07,,,,
0GR1.L^B21,10338682.9819826,2008-02-01,45044020.9351521,2008-02-01,,2008-02-01,,,-5646030.85564228,2008-02-01,1240053.90619301,2008-02-01,12257936.5380407,2008-02-01,15309924.5750967,2008-02-01,46282604.7122328,2008-02-01,1500266.75906339,2008-02-01,,,5189555.76628492,2008-02-01,,,,,1432,2008-02-01,,2008-02-01,3702520.16923189,2008-02-01,2822647.89554307,2008-02-01,-400610.1830914,2008-02-01,27256193.7413378,2008-02-01,335924.502151871,2008-02-01,,,-35283.0986942884,2008-02-01,,,,2008-02-01,12399068.9328179,2008-02-01,12399068.9328179,2008-02-01,16034698.2274418,2008-02-01,,,14293330.2939675,2008-02-01,1802378.29163323,2008-02-01,2606538.91604056,2008-02-01,,2008-02-01,46347290.3931724,2008-02-01,27451720.9132687,2008-02-01,1436316.14267999,2008-02-01,,,,,145486917.207674,2008-02-01,,2008-02-01,,,59601239.4047706,2008-02-01,-49984.3898169086,2008-02-01,,,-459415.347581881,2008-02-01,3635629.29462397,2008-02-01,135225416.004085,2008-02-01,50277680.5748049,2008-02-01,78508569.9175724,2008-02-01,12685009.0451528,2008-02-01,75623441.5347582,2008-02-01,19770296.3016996,2008-02-01,59601974.4693267,2008-02-01,4080343.35108323,2008-02-01,,,,
0GR1.L^B21,10338682.9819826,2008-07-25,45044020.9351521,2008-07-25,,2008-07-25,,,-5646030.85564228,2008-07-25,1240053.90619301,2008-07-25,12257936.5380407,2008-07-25,15309924.5750967,2008-07-25,46282604.7122328,2008-07-25,1500266.75906339,2008-07-25,,,5189555.76628492,2008-07-25,,,,,1432,2008-07-25,,2008-07-25,3702520.16923189,2008-07-25,2822647.89554307,2008-07-25,-400610.1830914,2008-07-25,27256193.7413378,2008-07-25,335924.502151871,2008-07-25,,,-35283.0986942884,2008-07-25,,,,2008-07-25,12399068.9328179,2008-07-25,12399068.9328179,2008-07-25,16034698.2274418,2008-07-25,,,14293330.2939675,2008-07-25,1802378.29163323,2008-07-25,2606538.91604056,2008-07-25,,2008-07-25,46347290.3931724,2008-07-25,27451720.9132687,2008-07-25,1436316.14267999,2008-07-25,,,,,145486917.207674,2008-07-25,,2008-07-25,,,59601239.4047706,2008-07-25,-49984.3898169086,2008-07-25,,,-459415.347581881,2008-07-25,3635629.29462397,2008-07-25,135225416.004085,2008-07-25,50277680.5748049,2008-07-25,78508569.9175724,2008-07-25,12685009.0451528,2008-07-25,75623441.5347582,2008-07-25,19770296.3016996,2008-07-25,59601974.4693267,2008-07-25,4080343.35108323,2008-07-25,,,,
0GR1.L^B21,13747596.9723655,2009-01-28,65645372.8491355,2009-01-28,,2009-01-28,,,-6770106.1489216,2009-01-28,1149694.76244391,2009-01-28,14131784.2495911,2009-01-28,15012930.1938748,2009-01-28,67903667.7150166,2009-01-28,3105991.66911282,2009-01-28,,,7587220.88033435,2009-01-28,,,,,1713,2009-01-28,34460260.8014984,2009-01-28,5058465.81680435,2009-01-28,3587659.30026139,2009-01-28,-643179.197942439,2009-01-28,11156722.0754532,2009-01-28,348826.756684978,2009-01-28,,,-817114.731412756,2009-01-28,,,,2009-01-28,16614666.2053927,2009-01-28,16614666.2053927,2009-01-28,21095895.4166143,2009-01-28,,,8687219.77607246,2009-01-28,2498172.99171105,2009-01-28,3614418.61310298,2009-01-28,,2009-01-28,66923130.0373213,2009-01-28,37891186.9836877,2009-01-28,2949258.55104066,2009-01-28,,,,,218109424.833312,2009-01-28,,2009-01-28,,,90435009.1276331,2009-01-28,-185403.810402427,2009-01-28,,,-4778.44872171203,2009-01-28,4481229.21122154,2009-01-28,200798060.804294,2009-01-28,77195839.0992578,2009-01-28,114506922.40813,2009-01-28,23726909.2827889,2009-01-28,113331424.022588,2009-01-28,31780506.7583623,2009-01-28,87466636.7817056,2009-01-28,2175149.85812331,2009-01-28,,,,
0GR1.L^B21,13747596.9723655,2009-07-29,65645372.8491355,2009-07-29,,2009-07-29,,,-6770106.1489216,2009-07-29,1149694.76244391,2009-07-29,14131784.2495911,2009-07-29,15012930.1938748,2009-07-29,67903667.7150166,2009-07-29,3105991.66911282,2009-07-29,,,7587220.88033435,2009-07-29,,,,,1713,2009-07-29,34460260.8014984,2009-07-29,5058465.81680435,2009-07-29,3587659.30026139,2009-07-29,-643179.197942439,2009-07-29,11156722.0754532,2009-07-29,348826.756684978,2009-07-29,,,-817114.731412756,2009-07-29,,,,2009-07-29,16614666.2053927,2009-07-29,16614666.2053927,2009-07-29,21095895.4166143,2009-07-29,,,8687219.77607246,2009-07-29,2498172.99171105,2009-07-29,3614418.61310298,2009-07-29,,2009-07-29,66923130.0373213,2009-07-29,37891186.9836877,2009-07-29,2949258.55104066,2009-07-29,,,,,218109424.833312,2009-07-29,,2009-07-29,,,90435009.1276331,2009-07-29,-185403.810402427,2009-07-29,,,-4778.44872171203,2009-07-29,4481229.21122154,2009-07-29,200798060.804294,2009-07-29,77195839.0992578,2009-07-29,114506922.40813,2009-07-29,23726909.2827889,2009-07-29,113331424.022588,2009-07-29,31780506.7583623,2009-07-29,87466636.7817056,2009-07-29,2175149.85812331,2009-07-29,,,,
0GR1.L^B21,10202125.1789498,2010-01-29,47713014.0296627,2010-01-29,,2010-01-29,,,-5475045.98293535,2010-01-29,798481.131535246,2010-01-29,18982758.9761209,2010-01-29,25515061.3296684,2010-01-29,58570053.2554544,2010-01-29,2278462.80707782,2010-01-29,,,8032667.01025024,2010-01-29,,,,,1705,2010-01-29,32582638.4928134,2010-01-29,4913769.57911012,2010-01-29,3271911.58449293,2010-01-29,-441335.852946229,2010-01-29,10341261.1807822,2010-01-29,147998.167554258,2010-01-29,,,4431.08286090592,2010-01-29,,,,2010-01-29,13113346.618565,2010-01-29,13113346.618565,2010-01-29,17507208.3834393,2010-01-29,,,8545786.40554315,2010-01-29,2618769.9707954,2010-01-29,2453047.47179751,2010-01-29,,2010-01-29,64506818.0724961,2010-01-29,34529656.3018954,2010-01-29,1906251.84676172,2010-01-29,,,,,196855287.178606,2010-01-29,,2010-01-29,,,86936959.5144019,2010-01-29,-4431.08286090592,2010-01-29,,,-542364.542174884,2010-01-29,4393861.76487431,2010-01-29,177245973.085953,2010-01-29,56314632.0792533,2010-01-29,96583426.902594,2010-01-29,14091729.714253,2010-01-29,113444583.404913,2010-01-29,27981402.0500487,2010-01-29,63801389.6810399,2010-01-29,1175123.17471225,2010-01-29,,,,
0GR1.L^B21,10202125.1789498,2010-07-28,47713014.0296627,2010-07-28,,2010-07-28,,,-5475045.98293535,2010-07-28,798481.131535246,2010-07-28,18982758.9761209,2010-07-28,25515061.3296684,2010-07-28,58570053.2554544,2010-07-28,2278462.80707782,2010-07-28,,,8032667.01025024,2010-07-28,,,,,1705,2010-07-28,32582638.4928134,2010-07-28,4913769.57911012,2010-07-28,3271911.58449293,2010-07-28,-441335.852946229,2010-07-28,10341261.1807822,2010-07-28,147998.167554258,2010-07-28,,,4431.08286090592,2010-07-28,,,,2010-07-28,13113346.618565,2010-07-28,13113346.618565,2010-07-28,17507208.3834393,2010-07-28,,,8545786.40554315,2010-07-28,2618769.9707954,2010-07-28,2453047.47179751,2010-07-28,,2010-07-28,64506818.0724961,2010-07-28,34529656.3018954,2010-07-28,1906251.84676172,2010-07-28,,,,,196855287.178606,2010-07-28,,2010-07-28,,,86936959.5144019,2010-07-28,-4431.08286090592,2010-07-28,,,-542364.542174884,2010-07-28,4393861.76487431,2010-07-28,177245973.085953,2010-07-28,56314632.0792533,2010-07-28,96583426.902594,2010-07-28,14091729.714253,2010-07-28,113444583.404913,2010-07-28,27981402.0500487,2010-07-28,63801389.6810399,2010-07-28,1175123.17471225,2010-07-28,,,,
0GR1.L^B21,13612071.5804963,2011-04-27,50932284.7167414,2011-04-27,767517.423583707,2011-04-27,,,-6098118.88168016,2011-04-27,547981.713597753,2011-04-27,21559092.7697144,2011-04-27,18633093.3850579,2011-04-27,58232704.6351415,2011-04-27,2390023.53019865,2011-04-27,,,7956454.36425657,2011-04-27,,,,,1744,2011-04-27,33133598.5419036,2011-04-27,5187148.5926025,2011-04-27,2918281.33235235,2011-04-27,-351600.16052438,2011-04-27,10365344.2445321,2011-04-27,142355.186944017,2011-04-27,,,-182660.571199251,2011-04-27,,,,2011-04-27,10304457.3874657,2011-04-27,10304457.3874657,2011-04-27,13772435.5561501,2011-04-27,,,8389522.85465855,2011-04-27,3252730.26553408,2011-04-27,6373396.08052973,2011-04-27,,2011-04-27,69997589.030834,2011-04-27,36129917.958665,2011-04-27,4213198.99672263,2011-04-27,,,,,194751328.914454,2011-04-27,,2011-04-27,,,86117170.0488262,2011-04-27,-15436.1046083874,2011-04-27,,,-182660.571199251,2011-04-27,3467978.16868437,2011-04-27,191391403.478028,2011-04-27,57958284.997659,2011-04-27,108281701.143736,2011-04-27,11406423.7442312,2011-04-27,121949514.213096,2011-04-27,31577124.6605578,2011-04-27,69441889.2649321,2011-04-27,935599.451541703,2011-04-27,,,,
0GR1.L^B21,13612071.5804963,2011-07-28,50932284.7167414,2011-07-28,767517.423583707,2011-07-28,,,-6098118.88168016,2011-07-28,547981.713597753,2011-07-28,21559092.7697144,2011-07-28,18633093.3850579,2011-07-28,58232704.6351415,2011-07-28,2390023.53019865,2011-07-28,,,7956454.36425657,2011-07-28,,,,,1744,2011-07-28,33133598.5419036,2011-07-28,5187148.5926025,2011-07-28,2918281.33235235,2011-07-28,-351600.16052438,2011-07-28,10365344.2445321,2011-07-28,142355.186944017,2011-07-28,,,-182660.571199251,2011-07-28,,,,2011-07-28,10304457.3874657,2011-07-28,10304457.3874657,2011-07-28,13772435.5561501,2011-07-28,,,8389522.85465855,2011-07-28,3252730.26553408,2011-07-28,6373396.08052973,2011-07-28,,2011-07-28,69997589.030834,2011-07-28,36129917.958665,2011-07-28,4213198.99672263,2011-07-28,,,,,194751328.914454,2011-07-28,,2011-07-28,,,86117170.0488262,2011-07-28,-15436.1046083874,2011-07-28,,,-182660.571199251,2011-07-28,3467978.16868437,2011-07-28,191391403.478028,2011-07-28,57958284.997659,2011-07-28,108281701.143736,2011-07-28,11406423.7442312,2011-07-28,121949514.213096,2011-07-28,31577124.6605578,2011-07-28,69441889.2649321,2011-07-28,935599.451541703,2011-07-28,,,,
0GR1.L^B21,13263342.4854369,2012-01-26,52255919.4951456,2012-01-26,694956.815533981,2012-01-26,,,-7221217.94174757,2012-01-26,,2012-01-26,25210933.3980583,2012-01-26,18992986.4466019,2012-01-26,59144658.0970874,2012-01-26,,2012-01-26,,,8229488.62135922,2012-01-26,,,,,1766,2012-01-26,32313825.3592233,2012-01-26,5849861.49087379,2012-01-26,1751557.82524272,2012-01-26,-419973.902912621,2012-01-26,9227759.9223301,2012-01-26,160823.339805825,2012-01-26,,,-510801.59223301,2012-01-26,,,,2012-01-26,15806517.7864078,2012-01-26,15806517.7864078,2012-01-26,19692109.6699029,2012-01-26,,,16057335.5339806,2012-01-26,3751433.55339806,2012-01-26,8225322.21359223,2012-01-26,,2012-01-26,72413833.5533981,2012-01-26,35705281.2815534,2012-01-26,3518948.0,2012-01-26,,,,,200890850.019418,2012-01-26,,2012-01-26,,,88945306.2912621,2012-01-26,56663.145631068,2012-01-26,,,-509135.029126214,2012-01-26,3885591.88349515,2012-01-26,194739565.592233,2012-01-26,55050745.8252427,2012-01-26,113540444.621359,2012-01-26,9266090.87378641,2012-01-26,129131975.76699,2012-01-26,32554643.7281553,2012-01-26,65607589.8252427,2012-01-26,250817.747572815,2012-01-26,,,,
0GR1.L^B21,13263342.4854369,2012-07-26,52255919.4951456,2012-07-26,694956.815533981,2012-07-26,,,-7221217.94174757,2012-07-26,,2012-07-26,25210933.3980583,2012-07-26,18992986.4466019,2012-07-26,59144658.0970874,2012-07-26,,2012-07-26,,,8229488.62135922,2012-07-26,,,,,1766,2012-07-26,32313825.3592233,2012-07-26,5849861.49087379,2012-07-26,1751557.82524272,2012-07-26,-419973.902912621,2012-07-26,9227759.9223301,2012-07-26,160823.339805825,2012-07-26,,,-510801.59223301,2012-07-26,,,,2012-07-26,15806517.7864078,2012-07-26,15806517.7864078,2012-07-26,19692109.6699029,2012-07-26,,,16057335.5339806,2012-07-26,3751433.55339806,2012-07-26,8225322.21359223,2012-07-26,,2012-07-26,72413833.5533981,2012-07-26,35705281.2815534,2012-07-26,3518948.0,2012-07-26,,,,,200890850.019418,2012-07-26,,2012-07-26,,,88945306.2912621,2012-07-26,56663.145631068,2012-07-26,,,-509135.029126214,2012-07-26,3885591.88349515,2012-07-26,194739565.592233,2012-07-26,55050745.8252427,2012-07-26,113540444.621359,2012-07-26,9266090.87378641,2012-07-26,129131975.76699,2012-07-26,32554643.7281553,2012-07-26,65607589.8252427,2012-07-26,250817.747572815,2012-07-26,,,,
0GR1.L^B21,10874495.8570825,2013-01-29,49616409.6474562,2013-01-29,664940.429069031,2013-01-29,,,-5622359.54982056,2013-01-29,811.893075786363,2013-01-29,41203573.5961579,2013-01-29,27861734.6817606,2013-01-29,57004636.6371121,2013-01-29,1667628.37766519,2013-01-29,,,8192001.1346844,2013-01-29,,,,,,2013-01-29,31581828.7550137,2013-01-29,,2013-01-29,2228646.49303357,2013-01-29,-339371.3056787,2013-01-29,7640725.73622546,2013-01-29,190794.872809795,2013-01-29,,,-38158.974561959,2013-01-29,,,,2013-01-29,15572109.1935824,2013-01-29,15572109.1935824,2013-01-29,19871894.922947,2013-01-29,,,7307037.68207726,2013-01-29,4083010.27812962,2013-01-29,8479411.28351277,2013-01-29,,2013-01-29,71780278.7233481,2013-01-29,33303042.0756808,2013-01-29,3232958.2277813,2013-01-29,,,,,205917193.239392,2013-01-29,,2013-01-29,,,103580506.715748,2013-01-29,42218.4399408909,2013-01-29,,,-474145.556259236,2013-01-29,4299785.72936458,2013-01-29,199797955.12719,2013-01-29,52962221.0127718,2013-01-29,123023722.09468,2013-01-29,8850446.41914714,2013-01-29,134952055.164133,2013-01-29,28970780.6232848,2013-01-29,64845899.9630568,2013-01-29,11366.5030610091,2013-01-29,,,,
0GR1.L^B21,10874495.8570825,2013-07-29,49616409.6474562,2013-07-29,664940.429069031,2013-07-29,,,-5622359.54982056,2013-07-29,811.893075786363,2013-07-29,41203573.5961579,2013-07-29,27861734.6817606,2013-07-29,57004636.6371121,2013-07-29,1667628.37766519,2013-07-29,,,8192001.1346844,2013-07-29,,,,,,2013-07-29,31581828.7550137,2013-07-29,,2013-07-29,2228646.49303357,2013-07-29,-339371.3056787,2013-07-29,7640725.73622546,2013-07-29,190794.872809795,2013-07-29,,,-38158.974561959,2013-07-29,,,,2013-07-29,15572109.1935824,2013-07-29,15572109.1935824,2013-07-29,19871894.922947,2013-07-29,,,7307037.68207726,2013-07-29,4083010.27812962,2013-07-29,8479411.28351277,2013-07-29,,2013-07-29,71780278.7233481,2013-07-29,33303042.0756808,2013-07-29,3232958.2277813,2013-07-29,,,,,205917193.239392,2013-07-29,,2013-07-29,,,103580506.715748,2013-07-29,42218.4399408909,2013-07-29,,,-474145.556259236,2013-07-29,4299785.72936458,2013-07-29,199797955.12719,2013-07-29,52962221.0127718,2013-07-29,123023722.09468,2013-07-29,8850446.41914714,2013-07-29,134952055.164133,2013-07-29,28970780.6232848,2013-07-29,64845899.9630568,2013-07-29,11366.5030610091,2013-07-29,,,,
0GR1.L^B21,12780231.9322649,2014-01-31,52105555.1859692,2014-01-31,713149.228908376,2014-01-31,,,-5549944.81403084,2014-01-31,0.0,2014-01-31,50953225.5820986,2014-01-31,32472781.0704566,2014-01-31,60012462.3525854,2014-01-31,2201713.33534926,2014-01-31,,,7501765.34623526,2014-01-31,,,,,1812,2014-01-31,33475673.1176293,2014-01-31,7637919.56456002,2014-01-31,2785350.01511944,2014-01-31,-275629.271242818,2014-01-31,10287945.570003,2014-01-31,281440.73178107,2014-01-31,,,-1548339.12912005,2014-01-31,,,,2014-01-31,19166196.8551557,2014-01-31,19166196.8551557,2014-01-31,25044904.293922,2014-01-31,,,7073377.68370124,2014-01-31,3763335.80284246,2014-01-31,8605112.63985485,2014-01-31,,2014-01-31,74511226.1868763,2014-01-31,32336626.8521319,2014-01-31,2533796.79467796,2014-01-31,,,,,217211639.703659,2014-01-31,,2014-01-31,,,106875249.924403,2014-01-31,-21585.4248563653,2014-01-31,,,-486502.267916541,2014-01-31,5878707.43876626,2014-01-31,212925272.452374,2014-01-31,52313107.3480496,2014-01-31,132864101.451467,2014-01-31,3496838.82673118,2014-01-31,148661311.611733,2014-01-31,27271523.8887209,2014-01-31,64263960.8406411,2014-01-31,10792.7124281826,2014-01-31,,,,
0GR1.L^B21,12780231.9322649,2014-07-28,52105555.1859692,2014-07-28,713149.228908376,2014-07-28,,,-5549944.81403084,2014-07-28,0.0,2014-07-28,50953225.5820986,2014-07-28,32472781.0704566,2014-07-28,60012462.3525854,2014-07-28,2201713.33534926,2014-07-28,,,7501765.34623526,2014-07-28,,,,,1812,2014-07-28,33475673.1176293,2014-07-28,7637919.56456002,2014-07-28,2785350.01511944,2014-07-28,-275629.271242818,2014-07-28,10287945.570003,2014-07-28,281440.73178107,2014-07-28,,,-1548339.12912005,2014-07-28,,,,2014-07-28,19166196.8551557,2014-07-28,19166196.8551557,2014-07-28,25044904.293922,2014-07-28,,,7073377.68370124,2014-07-28,3763335.80284246,2014-07-28,8605112.63985485,2014-07-28,,2014-07-28,74511226.1868763,2014-07-28,32336626.8521319,2014-07-28,2533796.79467796,2014-07-28,,,,,217211639.703659,2014-07-28,,2014-07-28,,,106875249.924403,2014-07-28,-21585.4248563653,2014-07-28,,,-486502.267916541,2014-07-28,5878707.43876626,2014-07-28,212925272.452374,2014-07-28,52313107.3480496,2014-07-28,132864101.451467,2014-07-28,3496838.82673118,2014-07-28,148661311.611733,2014-07-28,27271523.8887209,2014-07-28,64263960.8406411,2014-07-28,10792.7124281826,2014-07-28,,,,
0GR1.L^B21,11219292.3486361,2015-01-27,49186067.4529728,2015-01-27,829620.177826166,2015-01-27,,,-6300607.92354685,2015-01-27,22527.1396600738,2015-01-27,48438787.8545938,2015-01-27,25747743.833545,2015-01-27,62985105.691647,2015-01-27,1757116.89348576,2015-01-27,,,8013447.33563177,2015-01-27,,,,,2104,2015-01-27,33598840.4040404,2015-01-27,8777816.48823565,2015-01-27,3062137.39793141,2015-01-27,-295183.209338898,2015-01-27,14995307.034416,2015-01-27,374416.597108813,2015-01-27,,,-21750.3417407609,2015-01-27,,,,2015-01-27,19447912.7079175,2015-01-27,19447912.7079175,2015-01-27,24583323.752495,2015-01-27,,,6635407.8267707,2015-01-27,4563687.77596323,2015-01-27,13370245.7872135,2015-01-27,,2015-01-27,75362603.7379786,2015-01-27,32349749.3497853,2015-01-27,3610556.72896631,2015-01-27,,,,,225895942.127865,2015-01-27,,2015-01-27,,,111350874.541825,2015-01-27,83117.3773664792,2015-01-27,,,-638527.889675195,2015-01-27,5135411.04457751,2015-01-27,216313362.995222,2015-01-27,46332888.6953366,2015-01-27,130570408.661465,2015-01-27,2005692.22766588,2015-01-27,152578647.311438,2015-01-27,29334996.624932,2015-01-27,63734715.683784,2015-01-27,399274.130526825,2015-01-27,,,,
0GR1.L^B21,11219292.3486361,2015-07-21,49186067.4529728,2015-07-21,829620.177826166,2015-07-21,,,-6300607.92354685,2015-07-21,22527.1396600738,2015-07-21,48438787.8545938,2015-07-21,25747743.833545,2015-07-21,62985105.691647,2015-07-21,1757116.89348576,2015-07-21,,,8013447.33563177,2015-07-21,,,,,2104,2015-07-21,33598840.4040404,2015-07-21,8777816.48823565,2015-07-21,3062137.39793141,2015-07-21,-295183.209338898,2015-07-21,14995307.034416,2015-07-21,374416.597108813,2015-07-21,,,-21750.3417407609,2015-07-21,,,,2015-07-21,19447912.7079175,2015-07-21,19447912.7079175,2015-07-21,24583323.752495,2015-07-21,,,6635407.8267707,2015-07-21,4563687.77596323,2015-07-21,13370245.7872135,2015-07-21,,2015-07-21,75362603.7379786,2015-07-21,32349749.3497853,2015-07-21,3610556.72896631,2015-07-21,,,,,225895942.127865,2015-07-21,,2015-07-21,,,111350874.541825,2015-07-21,83117.3773664792,2015-07-21,,,-638527.889675195,2015-07-21,5135411.04457751,2015-07-21,216313362.995222,2015-07-21,46332888.6953366,2015-07-21,130570408.661465,2015-07-21,2005692.22766588,2015-07-21,152578647.311438,2015-07-21,29334996.624932,2015-07-21,63734715.683784,2015-07-21,399274.130526825,2015-07-21,,,,
0GR1.L^B21,14819989.1834363,2016-01-26,55340633.8332555,2016-01-26,855509.518793236,2016-01-26,,,-10720764.84834,2016-01-26,43475.5052616718,2016-01-26,39150060.9246207,2016-01-26,23687518.5108763,2016-01-26,68166644.7584192,2016-01-26,3086024.00060816,2016-01-26,,,8768051.4764175,2016-01-26,,,,,2296,2016-01-26,36263729.499028,2016-01-26,9137224.83465644,2016-01-26,1235735.97159023,2016-01-26,-109794.072609985,2016-01-26,25920243.6116028,2016-01-26,356646.517739816,2016-01-26,,,-21369.3161455675,2016-01-26,,,,2016-01-26,18667939.8355795,2016-01-26,18667939.8355795,2016-01-26,24291754.3467165,2016-01-26,,,8230134.20792563,2016-01-26,4415342.83945657,2016-01-26,13438352.3636798,2016-01-26,,2016-01-26,83132534.7900218,2016-01-26,36701432.0435269,2016-01-26,2786116.70159968,2016-01-26,,,,,241471798.698972,2016-01-26,,2016-01-26,,,119254784.678707,2016-01-26,33159.2836741564,2016-01-26,,,-291801.696332577,2016-01-26,5623814.51113693,2016-01-26,233974116.22376,2016-01-26,51981229.9605782,2016-01-26,130438305.752544,2016-01-26,410438.244589003,2016-01-26,162202688.893474,2016-01-26,33161494.2930681,2016-01-26,71771427.3302853,2016-01-26,257905.539687883,2016-01-26,,,,
0GR1.L^B21,14819989.1834363,2016-07-26,55340633.8332555,2016-07-26,855509.518793236,2016-07-26,,,-10720764.84834,2016-07-26,43475.5052616718,2016-07-26,39150060.9246207,2016-07-26,23687518.5108763,2016-07-26,68166644.7584192,2016-07-26,3086024.00060816,2016-07-26,,,8768051.4764175,2016-07-26,,,,,2296,2016-07-26,36263729.499028,2016-07-26,9137224.83465644,2016-07-26,1235735.97159023,2016-07-26,-109794.072609985,2016-07-26,25920243.6116028,2016-07-26,356646.517739816,2016-07-26,,,-21369.3161455675,2016-07-26,,,,2016-07-26,18667939.8355795,2016-07-26,18667939.8355795,2016-07-26,24291754.3467165,2016-07-26,,,8230134.20792563,2016-07-26,4415342.83945657,2016-07-26,13438352.3636798,2016-07-26,,2016-07-26,83132534.7900218,2016-07-26,36701432.0435269,2016-07-26,2786116.70159968,2016-07-26,,,,,241471798.698972,2016-07-26,,2016-07-26,,,119254784.678707,2016-07-26,33159.2836741564,2016-07-26,,,-291801.696332577,2016-07-26,5623814.51113693,2016-07-26,233974116.22376,2016-07-26,51981229.9605782,2016-07-26,130438305.752544,2016-07-26,410438.244589003,2016-07-26,162202688.893474,2016-07-26,33161494.2930681,2016-07-26,71771427.3302853,2016-07-26,257905.539687883,2016-07-26,,,,
0GR1.L^B21,19302981.4970564,2017-01-26,71750844.0706476,2017-01-26,962166.274179983,2017-01-26,,,-12853314.2136249,2017-01-26,6817.83010933558,2017-01-26,43061414.9705635,2017-01-26,24044782.3380992,2017-01-26,82385806.8124474,2017-01-26,2404137.34230446,2017-01-26,,,11185502.5231287,2017-01-26,,,,,2495,2017-01-26,37260293.7762826,2017-01-26,11334642.5567704,2017-01-26,986028.679562658,2017-01-26,-67326.0723296888,2017-01-26,33224990.5803196,2017-01-26,86075.1051303617,2017-01-26,,,136356.602186712,2017-01-26,,,,2017-01-26,18557281.3288478,2017-01-26,18557281.3288478,2017-01-26,24108699.4953743,2017-01-26,,,9816823.12867956,2017-01-26,5735499.57947855,2017-01-26,17572104.8780488,2017-01-26,,2017-01-26,104963051.219512,2017-01-26,47177679.8990749,2017-01-26,4958266.9470143,2017-01-26,,,,,299858394.953743,2017-01-26,,2017-01-26,,,153189824.726661,2017-01-26,-4521073.59125315,2017-01-26,,,-1018413.372582,2017-01-26,5551418.16652649,2017-01-26,286188645.584525,2017-01-26,64979034.31455,2017-01-26,162572863.414634,2017-01-26,367310.597140454,2017-01-26,195820864.171573,2017-01-26,42802337.4264087,2017-01-26,90367781.4129521,2017-01-26,92040.7064760303,2017-01-26,,,,
0GR1.L^B21,19302981.4970564,2017-07-26,71750844.0706476,2017-07-26,962166.274179983,2017-07-26,,,-12853314.2136249,2017-07-26,6817.83010933558,2017-07-26,43061414.9705635,2017-07-26,24044782.3380992,2017-07-26,82385806.8124474,2017-07-26,2404137.34230446,2017-07-26,,,11185502.5231287,2017-07-26,,,,,2495,2017-07-26,37260293.7762826,2017-07-26,11334642.5567704,2017-07-26,986028.679562658,2017-07-26,-67326.0723296888,2017-07-26,33224990.5803196,2017-07-26,86075.1051303617,2017-07-26,,,136356.602186712,2017-07-26,,,,2017-07-26,18557281.3288478,2017-07-26,18557281.3288478,2017-07-26,24108699.4953743,2017-07-26,,,9816823.12867956,2017-07-26,5735499.57947855,2017-07-26,17572104.8780488,2017-07-26,,2017-07-26,104963051.219512,2017-07-26,47177679.8990749,2017-07-26,4958266.9470143,2017-07-26,,,,,299858394.953743,2017-07-26,,2017-07-26,,,153189824.726661,2017-07-26,-4521073.59125315,2017-07-26,,,-1018413.372582,2017-07-26,5551418.16652649,2017-07-26,286188645.584525,2017-07-26,64979034.31455,2017-07-26,162572863.414634,2017-07-26,367310.597140454,2017-07-26,195820864.171573,2017-07-26,42802337.4264087,2017-07-26,90367781.4129521,2017-07-26,92040.7064760303,2017-07-26,,,,
0GR1.L^B21,19985293.9384124,2018-01-25,74446573.8174926,2018-01-25,851401.39873562,2018-01-25,,,-11030042.7298137,2018-01-25,0.0,2018-01-25,55229227.9603172,2018-01-25,34146611.6769233,2018-01-25,86885557.1310325,2018-01-25,3053148.49869843,2018-01-25,,,11842380.87355,2018-01-25,,,,,2520,2018-01-25,36758522.9543792,2018-01-25,15358961.6247406,2018-01-25,3043382.6849486,2018-01-25,-86116.7212485455,2018-01-25,30267808.0157388,2018-01-25,80789.9137486354,2018-01-25,,,35512.0499994002,2018-01-25,,,,2018-01-25,29210436.7270066,2018-01-25,29210436.7270066,2018-01-25,37878040.3306102,2018-01-25,,,8377292.59485851,2018-01-25,6184423.50739555,2018-01-25,17366280.2509567,2018-01-25,,2018-01-25,105999030.24196,2018-01-25,48873458.8116745,2018-01-25,5254007.79741126,2018-01-25,,,,,325825722.148247,2018-01-25,,2018-01-25,,,164695122.083468,2018-01-25,156253.019997361,2018-01-25,,,-296525.617494992,2018-01-25,8667603.6036036,2018-01-25,300746224.63742,2018-01-25,62469247.1539449,2018-01-25,178439173.234486,2018-01-25,99433.7399983206,2018-01-25,213102485.238901,2018-01-25,43509363.6592651,2018-01-25,87643739.3985197,2018-01-25,8878.01249985005,2018-01-25,,,,
0GR1.L^B21,19985293.9384124,2018-07-25,74446573.8174926,2018-07-25,851401.39873562,2018-07-25,,,-11030042.7298137,2018-07-25,0.0,2018-07-25,55229227.9603172,2018-07-25,34146611.6769233,2018-07-25,86885557.1310325,2018-07-25,3053148.49869843,2018-07-25,,,11842380.87355,2018-07-25,,,,,2520,2018-07-25,36758522.9543792,2018-07-25,15358961.6247406,2018-07-25,3043382.6849486,2018-07-25,-86116.7212485455,2018-07-25,30267808.0157388,2018-07-25,80789.9137486354,2018-07-25,,,35512.0499994002,2018-07-25,,,,2018-07-25,29210436.7270066,2018-07-25,29210436.7270066,2018-07-25,37878040.3306102,2018-07-25,,,8377292.59485851,2018-07-25,6184423.50739555,2018-07-25,17366280.2509567,2018-07-25,,2018-07-25,105999030.24196,2018-07-25,48873458.8116745,2018-07-25,5254007.79741126,2018-07-25,,,,,325825722.148247,2018-07-25,,2018-07-25,,,164695122.083468,2018-07-25,156253.019997361,2018-07-25,,,-296525.617494992,2018-07-25,8667603.6036036,2018-07-25,300746224.63742,2018-07-25,62469247.1539449,2018-07-25,178439173.234486,2018-07-25,99433.7399983206,2018-07-25,213102485.238901,2018-07-25,43509363.6592651,2018-07-25,87643739.3985197,2018-07-25,8878.01249985005,2018-07-25,,,,
0GR1.L^B21,19529572.9424718,2019-01-24,78774581.7964951,2019-01-24,876551.747866777,2019-01-24,,,-8471535.50784476,2019-01-24,17980.5486741903,2019-01-24,72288997.8897146,2019-01-24,36879903.3856317,2019-01-24,90492505.3674649,2019-01-24,4393547.0685384,2019-01-24,,,11654991.6506101,2019-01-24,,,,,2588,2019-01-24,37791517.2034132,2019-01-24,13575314.2490137,2019-01-24,2488507.93650794,2019-01-24,-27869.850444995,2019-01-24,29658915.0380769,2019-01-24,116873.566382237,2019-01-24,,,-122267.730984494,2019-01-24,,,,2019-01-24,23262334.8472337,2019-01-24,23262334.8472337,2019-01-24,31660150.1055143,2019-01-24,,,11076017.9833012,2019-01-24,6435238.37049271,2019-01-24,16538508.6705202,2019-01-24,,2019-01-24,111500079.410955,2019-01-24,48800108.1291862,2019-01-24,5811313.3314983,2019-01-24,,,,,339480850.215616,2019-01-24,,2019-01-24,,,199606565.969355,2019-01-24,792043.169098082,2019-01-24,,,-347024.589411873,2019-01-24,8397815.25828058,2019-01-24,328674540.462428,2019-01-24,72675579.6862097,2019-01-24,205776591.246903,2019-01-24,32364.9876135425,2019-01-24,231314364.528856,2019-01-24,48901698.2291953,2019-01-24,97360175.9335719,2019-01-24,27869.850444995,2019-01-24,,,,
0GR1.L^B21,19529572.9424718,2019-07-24,78774581.7964951,2019-07-24,876551.747866777,2019-07-24,,,-8471535.50784476,2019-07-24,17980.5486741903,2019-07-24,72288997.8897146,2019-07-24,36879903.3856317,2019-07-24,90492505.3674649,2019-07-24,4393547.0685384,2019-07-24,,,11654991.6506101,2019-07-24,,,,,2588,2019-07-24,37791517.2034132,2019-07-24,13575314.2490137,2019-07-24,2488507.93650794,2019-07-24,-27869.850444995,2019-07-24,29658915.0380769,2019-07-24,116873.566382237,2019-07-24,,,-122267.730984494,2019-07-24,,,,2019-07-24,23262334.8472337,2019-07-24,23262334.8472337,2019-07-24,31660150.1055143,2019-07-24,,,11076017.9833012,2019-07-24,6435238.37049271,2019-07-24,16538508.6705202,2019-07-24,,2019-07-24,111500079.410955,2019-07-24,48800108.1291862,2019-07-24,5811313.3314983,2019-07-24,,,,,339480850.215616,2019-07-24,,2019-07-24,,,199606565.969355,2019-07-24,792043.169098082,2019-07-24,,,-347024.589411873,2019-07-24,8397815.25828058,2019-07-24,328674540.462428,2019-07-24,72675579.6862097,2019-07-24,205776591.246903,2019-07-24,32364.9876135425,2019-07-24,231314364.528856,2019-07-24,48901698.2291953,2019-07-24,97360175.9335719,2019-07-24,27869.850444995,2019-07-24,,,,
0GR1.L^B21,19786272.8964419,2020-01-23,77577610.9230321,2020-01-23,849686.119767729,2020-01-23,,,-10817645.6740578,2020-01-23,8818135.55142031,2020-01-23,94706606.730489,2020-01-23,48363626.6618837,2020-01-23,92941288.7025536,2020-01-23,3856983.16256754,2020-01-23,,,13863833.822837,2020-01-23,,,,,2665,2020-01-23,35035813.7345022,2020-01-23,7355491.78306392,2020-01-23,3053797.27820999,2020-01-23,-222355.671143197,2020-01-23,26587143.6898863,2020-01-23,251946.73004058,2020-01-23,,,14372.800035872,2020-01-23,,,,2020-01-23,34095663.520391,2020-01-23,34095663.520391,2020-01-23,43925813.2861018,2020-01-23,,,10194542.5195615,2020-01-23,6683352.01668049,2020-01-23,18398874.9635675,2020-01-23,,2020-01-23,123596780.261417,2020-01-23,58378931.9104096,2020-01-23,3999020.24527498,2020-01-23,,,,,341842676.05318,2020-01-23,14191871.8471852,2020-01-23,,,183215154.810215,2020-01-23,-1364570.5445822,2020-01-23,,,-465847.812927382,2020-01-23,9830149.76571083,2020-01-23,350569502.051432,2020-01-23,74217757.5499406,2020-01-23,223691496.087707,2020-01-23,11603076.9230769,2020-01-23,242115734.816044,2020-01-23,47408258.1889111,2020-01-23,108453767.235388,2020-01-23,8826590.1396767,2020-01-23,,,,
0GR1.L^B21,19786272.8964419,2020-07-16,77577610.9230321,2020-07-16,849686.119767729,2020-07-16,,,-10817645.6740578,2020-07-16,8818135.55142031,2020-07-16,94706606.730489,2020-07-16,48363626.6618837,2020-07-16,92941288.7025536,2020-07-16,3856983.16256754,2020-07-16,,,13863833.822837,2020-07-16,,,,,2665,2020-07-16,35035813.7345022,2020-07-16,7355491.78306392,2020-07-16,3053797.27820999,2020-07-16,-222355.671143197,2020-07-16,26587143.6898863,2020-07-16,251946.73004058,2020-07-16,,,14372.800035872,2020-07-16,,,,2020-07-16,34095663.520391,2020-07-16,34095663.520391,2020-07-16,43925813.2861018,2020-07-16,,,10194542.5195615,2020-07-16,6683352.01668049,2020-07-16,18398874.9635675,2020-07-16,,2020-07-16,123596780.261417,2020-07-16,58378931.9104096,2020-07-16,3999020.24527498,2020-07-16,,,,,341842676.05318,2020-07-16,14191871.8471852,2020-07-16,,,183215154.810215,2020-07-16,-1364570.5445822,2020-07-16,,,-465847.812927382,2020-07-16,9830149.76571083,2020-07-16,350569502.051432,2020-07-16,74217757.5499406,2020-07-16,223691496.087707,2020-07-16,11603076.9230769,2020-07-16,242115734.816044,2020-07-16,47408258.1889111,2020-07-16,108453767.235388,2020-07-16,8826590.1396767,2020-07-16,,,,
0GR0.L^A08,,,,,,,,,,,,,,,,,,,,,,,,,,,,,,,,,,,,,,,,,,,,,,,,,,,,,,,,,,,,,,,,,,,,,,,,,,,,,,,,,,,,,,,,,,,,,,,,,,,,,,,,,,,,,,,,
0GQU.L^A08,,,,,,,,,,,,,,,,,,,,,,,,,,,,,,,,,,,,,,,,,,,,,,,,,,,,,,,,,,,,,,,,,,,,,,,,,,,,,,,,,,,,,,,,,,,,,,,,,,,,,,,,,,,,,,,,
0GQT.L^A08,,,,,,,,,,,,,,,,,,,,,,,,,,,,,,,,,,,,,,,,,,,,,,,,,,,,,,,,,,,,,,,,,,,,,,,,,,,,,,,,,,,,,,,,,,,,,,,,,,,,,,,,,,,,,,,,
0GQO.L^A08,,,,,,,,,,,,,,,,,,,,,,,,,,,,,,,,,,,,,,,,,,,,,,,,,,,,,,,,,,,,,,,,,,,,,,,,,,,,,,,,,,,,,,,,,,,,,,,,,,,,,,,,,,,,,,,,
0GQN.L^A08,,,,,,,,,,,,,,,,,,,,,,,,,,,,,,,,,,,,,,,,,,,,,,,,,,,,,,,,,,,,,,,,,,,,,,,,,,,,,,,,,,,,,,,,,,,,,,,,,,,,,,,,,,,,,,,,
0GQM.L^A08,,,,,,,,,,,,,,,,,,,,,,,,,,,,,,,,,,,,,,,,,,,,,,,,,,,,,,,,,,,,,,,,,,,,,,,,,,,,,,,,,,,,,,,,,,,,,,,,,,,,,,,,,,,,,,,,
0GQE.L^A08,,,,,,,,,,,,,,,,,,,,,,,,,,,,,,,,,,,,,,,,,,,,,,,,,,,,,,,,,,,,,,,,,,,,,,,,,,,,,,,,,,,,,,,,,,,,,,,,,,,,,,,,,,,,,,,,
0GQB.L^A08,,,,,,,,,,,,,,,,,,,,,,,,,,,,,,,,,,,,,,,,,,,,,,,,,,,,,,,,,,,,,,,,,,,,,,,,,,,,,,,,,,,,,,,,,,,,,,,,,,,,,,,,,,,,,,,,
0GQ5.L^A08,,,,,,,,,,,,,,,,,,,,,,,,,,,,,,,,,,,,,,,,,,,,,,,,,,,,,,,,,,,,,,,,,,,,,,,,,,,,,,,,,,,,,,,,,,,,,,,,,,,,,,,,,,,,,,,,
0GPW.L^A08,,,,,,,,,,,,,,,,,,,,,,,,,,,,,,,,,,,,,,,,,,,,,,,,,,,,,,,,,,,,,,,,,,,,,,,,,,,,,,,,,,,,,,,,,,,,,,,,,,,,,,,,,,,,,,,,
0GPL.L^A08,,,,,,,,,,,,,,,,,,,,,,,,,,,,,,,,,,,,,,,,,,,,,,,,,,,,,,,,,,,,,,,,,,,,,,,,,,,,,,,,,,,,,,,,,,,,,,,,,,,,,,,,,,,,,,,,
0GPJ.L^A08,,,,,,,,,,,,,,,,,,,,,,,,,,,,,,,,,,,,,,,,,,,,,,,,,,,,,,,,,,,,,,,,,,,,,,,,,,,,,,,,,,,,,,,,,,,,,,,,,,,,,,,,,,,,,,,,
0GPI.L^A08,,,,,,,,,,,,,,,,,,,,,,,,,,,,,,,,,,,,,,,,,,,,,,,,,,,,,,,,,,,,,,,,,,,,,,,,,,,,,,,,,,,,,,,,,,,,,,,,,,,,,,,,,,,,,,,,
0GPD.L^A08,,,,,,,,,,,,,,,,,,,,,,,,,,,,,,,,,,,,,,,,,,,,,,,,,,,,,,,,,,,,,,,,,,,,,,,,,,,,,,,,,,,,,,,,,,,,,,,,,,,,,,,,,,,,,,,,
0GPB.L^A08,,,,,,,,,,,,,,,,,,,,,,,,,,,,,,,,,,,,,,,,,,,,,,,,,,,,,,,,,,,,,,,,,,,,,,,,,,,,,,,,,,,,,,,,,,,,,,,,,,,,,,,,,,,,,,,,
0GPA.L^A08,,,,,,,,,,,,,,,,,,,,,,,,,,,,,,,,,,,,,,,,,,,,,,,,,,,,,,,,,,,,,,,,,,,,,,,,,,,,,,,,,,,,,,,,,,,,,,,,,,,,,,,,,,,,,,,,
0GP7.L^A08,,,,,,,,,,,,,,,,,,,,,,,,,,,,,,,,,,,,,,,,,,,,,,,,,,,,,,,,,,,,,,,,,,,,,,,,,,,,,,,,,,,,,,,,,,,,,,,,,,,,,,,,,,,,,,,,
0GP3.L^A08,,,,,,,,,,,,,,,,,,,,,,,,,,,,,,,,,,,,,,,,,,,,,,,,,,,,,,,,,,,,,,,,,,,,,,,,,,,,,,,,,,,,,,,,,,,,,,,,,,,,,,,,,,,,,,,,
0GP2.L^A08,,,,,,,,,,,,,,,,,,,,,,,,,,,,,,,,,,,,,,,,,,,,,,,,,,,,,,,,,,,,,,,,,,,,,,,,,,,,,,,,,,,,,,,,,,,,,,,,,,,,,,,,,,,,,,,,
