datadate,acoq,actq,aoq,apq,atq,capxq,ceqq,cheq,cogsq,count,countq,dcpstkq,dcq,dcvtq,dlcq,dlttq,dmq,dpq,drcq,drltq,drq,dvtq,ebitdaq,ebitq,empq,fatlq,gdwliaq,ibq,intanq,invtq,lcoq,lctq,loq,ltq,niq,nopiq,oancfq,obq,piq,ppegtq,ppentq,pstkq,pstkqq,rectq,revtq,scstkcq,spiq,txdiq,txfedq,txfoq,txpq,txtq,xadq,xintq,xrdq,xsgaq
2001-03-31,,54839866.1682695,7471113.05895977,21079516.8829364,68514358.6568652,-321777.130859473,21221024.0177232,3163696.16152258,268541528.085796,1,1,,,,15061185.34071799,6347219.17144152,,2631802.11634842,,,,,,,504,,,2262556.5951362,5006011.22239565,23432268.2386587,7427960.76290217,35516748.8331907,5429366.63450984,47293334.639142,2505348.17864156,85599.8920497457,-10067306.5384422,,2618184.23019989,,1197368.20724032,,,27202812.62836718,289798664.869241,,,,,,,,1017858.31609687,-403875.31101153,,19976642.6047027
2001-06-30,,73006488.7080605,1129526.96435672,28680438.5033024,96761855.8071701,-8412760.376577,40099459.227644,11431478.9206577,334499022.66911,1,1,,,,27192535.39876569,13204670.7522495,499151.175823244,2969302.83594692,705954.588948038,,705954.588948038,,,,606,,5920881.73861591,-247374.285033212,23712595.86922314,28874783.0901776,7031721.7234654,40406757.2038818,2394015.9373251,56662396.5795261,-247374.285033212,487056.451180101,-2892784.74346822,,1947011.92272106,,16514766.3313893,,,29827821.56478074,362061652.862355,16706073.4806143,,,,,2501155.03978895,,1017858.31609687,-804878.097724596,,22841864.5155509
2001-09-30,,73006488.7080605,1129526.96435672,28680438.5033024,96761855.8071701,-8412760.376577,40099459.227644,11431478.9206577,334499022.66911,1,3,,,,27192535.39876569,13204670.7522495,499151.175823244,2969302.83594692,705954.588948038,,705954.588948038,,,,606,,5920881.73861591,-247374.285033212,23712595.86922314,28874783.0901776,7031721.7234654,40406757.2038818,2394015.9373251,56662396.5795261,-247374.285033212,487056.451180101,-2892784.74346822,,1947011.92272106,,16514766.3313893,,,29827821.56478074,362061652.862355,16706073.4806143,,,,,2501155.03978895,,1017858.31609687,-804878.097724596,,22841864.5155509
2002-04-30,,81126504.4434462,1512680.32480033,32279358.19701,105777808.597744,-2143987.9277529,37429517.3452172,11975041.4648871,484022384.927753,2,5,,,,28655555.9292221,13226629.6990624,507265.805402951,4018608.79414273,1053074.57551933,,1053074.57551933,,,,755,,5108715.54127452,-5736232.16344193,20675647.92317624,27491827.700861,9572159.12540402,51606026.848712,3013342.30363551,68348291.8648639,-5736232.16344193,704250.4575946721,17122288.3364646,,-5614935.47441434,24207861.0504412,17603041.7698671,,,36470519.22470154,513419966.408195,-487214.734882467,,,,,5651208.50442084,,1017858.31609687,-1913564.75533573,,31163481.0740368
2002-05-15,,81126504.4434462,1512680.32480033,32279358.19701,105777808.597744,-2143987.9277529,37429517.3452172,11975041.4648871,484022384.927753,2,5,,,,28655555.9292221,13226629.6990624,507265.805402951,4018608.79414273,1053074.57551933,,1053074.57551933,,,,755,,5108715.54127452,-5736232.16344193,20675647.92317624,27491827.700861,9572159.12540402,51606026.848712,3013342.30363551,68348291.8648639,-5736232.16344193,704250.4575946721,17122288.3364646,,-5614935.47441434,24207861.0504412,17603041.7698671,,,36470519.22470154,513419966.408195,-487214.734882467,,,,,5651208.50442084,,1017858.31609687,-1913564.75533573,,31163481.0740368
2002-08-14,,81126504.4434462,1512680.32480033,32279358.19701,105777808.597744,-2143987.9277529,37429517.3452172,11975041.4648871,484022384.927753,2,6,,,,28655555.9292221,13226629.6990624,507265.805402951,4018608.79414273,1053074.57551933,,1053074.57551933,,,,755,,5108715.54127452,-5736232.16344193,20675647.92317624,27491827.700861,9572159.12540402,51606026.848712,3013342.30363551,68348291.8648639,-5736232.16344193,704250.4575946721,17122288.3364646,,-5614935.47441434,24207861.0504412,17603041.7698671,,,36470519.22470154,513419966.408195,-487214.734882467,,,,,5651208.50442084,,1017858.31609687,-1913564.75533573,,31163481.0740368
2002-11-08,,81126504.4434462,1512680.32480033,32279358.19701,105777808.597744,-2143987.9277529,37429517.3452172,11975041.4648871,484022384.927753,2,7,,,,28655555.9292221,13226629.6990624,507265.805402951,4018608.79414273,1053074.57551933,,1053074.57551933,,,,755,,5108715.54127452,-5736232.16344193,20675647.92317624,27491827.700861,9572159.12540402,51606026.848712,3013342.30363551,68348291.8648639,-5736232.16344193,704250.4575946721,17122288.3364646,,-5614935.47441434,24207861.0504412,17603041.7698671,,,36470519.22470154,513419966.408195,-487214.734882467,,,,,5651208.50442084,,1017858.31609687,-1913564.75533573,,31163481.0740368
2002-12-31,,81126504.4434462,1512680.32480033,32279358.19701,105777808.597744,-2143987.9277529,37429517.3452172,11975041.4648871,484022384.927753,2,8,,,,28655555.9292221,13226629.6990624,507265.805402951,4018608.79414273,1053074.57551933,,1053074.57551933,,,,755,,5108715.54127452,-5736232.16344193,20675647.92317624,27491827.700861,9572159.12540402,51606026.848712,3013342.30363551,68348291.8648639,-5736232.16344193,704250.4575946721,17122288.3364646,,-5614935.47441434,24207861.0504412,17603041.7698671,,,36470519.22470154,513419966.408195,-487214.734882467,,,,,5651208.50442084,,1017858.31609687,-1913564.75533573,,31163481.0740368
2003-03-18,,69210537.5985264,1464637.82476856,29182199.2662951,96135333.6495371,-3312225.28736066,40071482.0446817,7461158.44228226,432416554.534857,2,8,,,,26151356.724258497,12872543.5998489,35054.4292461742,2476168.99866172,1150048.3634045,,1150048.3634045,,,,690,,4602441.20064236,63115.4334026072,20117085.6841111,26128885.7692235,5932254.59824296,40231023.8708672,2561206.09701492,56063851.6048555,63115.4334026072,586261.9395427925,1221416.61175137,,1322312.43774797,27376007.4856414,19054672.0907803,,,32537518.75051954,463785356.894294,-366247.218660306,,,,,3053313.4970716,,1017858.31609687,-1459654.9931041,,29209544.2490081
2003-03-31,,69210537.5985264,1464637.82476856,29182199.2662951,96135333.6495371,-3312225.28736066,40071482.0446817,7461158.44228226,432416554.534857,3,9,,,,26151356.724258497,12872543.5998489,35054.4292461742,2476168.99866172,1150048.3634045,,1150048.3634045,,,,690,,4602441.20064236,63115.4334026072,20117085.6841111,26128885.7692235,5932254.59824296,40231023.8708672,2561206.09701492,56063851.6048555,63115.4334026072,586261.9395427925,1221416.61175137,,1322312.43774797,27376007.4856414,19054672.0907803,,,32537518.75051954,463785356.894294,-366247.218660306,,,,,3053313.4970716,,1017858.31609687,-1459654.9931041,,29209544.2490081
2003-04-30,,69210537.5985264,1464637.82476856,29182199.2662951,96135333.6495371,-3312225.28736066,40071482.0446817,7461158.44228226,432416554.534857,3,9,,,,26151356.724258497,12872543.5998489,35054.4292461742,2476168.99866172,1150048.3634045,,1150048.3634045,,,,690,,4602441.20064236,63115.4334026072,20117085.6841111,26128885.7692235,5932254.59824296,40231023.8708672,2561206.09701492,56063851.6048555,63115.4334026072,586261.9395427925,1221416.61175137,,1322312.43774797,27376007.4856414,19054672.0907803,,,32537518.75051954,463785356.894294,-366247.218660306,,,,,3053313.4970716,,1017858.31609687,-1459654.9931041,,29209544.2490081
2003-06-30,,69210537.5985264,1464637.82476856,29182199.2662951,96135333.6495371,-3312225.28736066,40071482.0446817,7461158.44228226,432416554.534857,3,9,,,,26151356.724258497,12872543.5998489,35054.4292461742,2476168.99866172,1150048.3634045,,1150048.3634045,,4874480.03747478,2365590.58806572,690,,4602441.20064236,63115.4334026072,20117085.6841111,26128885.7692235,5932254.59824296,40231023.8708672,2561206.09701492,56063851.6048555,63115.4334026072,586261.9395427925,1221416.61175137,,1322312.43774797,27376007.4856414,19054672.0907803,,,32537518.75051954,463785356.894294,-366247.218660306,,,,,3053313.4970716,,1017858.31609687,-1459654.9931041,,29209544.2490081
2003-07-31,,69210537.5985264,1464637.82476856,29182199.2662951,96135333.6495371,-3312225.28736066,40071482.0446817,7461158.44228226,432416554.534857,3,10,,,,26151356.724258497,12872543.5998489,35054.4292461742,2476168.99866172,1150048.3634045,,1150048.3634045,,4874480.03747478,2365590.58806572,690,,4602441.20064236,63115.4334026072,20117085.6841111,26128885.7692235,5932254.59824296,40231023.8708672,2561206.09701492,56063851.6048555,63115.4334026072,586261.9395427925,1221416.61175137,,1322312.43774797,27376007.4856414,19054672.0907803,,,32537518.75051954,463785356.894294,-366247.218660306,,,,,3053313.4970716,,1017858.31609687,-1459654.9931041,,29209544.2490081
2003-09-30,,69210537.5985264,1464637.82476856,29182199.2662951,96135333.6495371,-3312225.28736066,40071482.0446817,7461158.44228226,432416554.534857,3,11,,,,26151356.724258497,12872543.5998489,35054.4292461742,2476168.99866172,1150048.3634045,,1150048.3634045,,4874480.03747478,2365590.58806572,690,,4602441.20064236,63115.4334026072,20117085.6841111,26128885.7692235,5932254.59824296,40231023.8708672,2561206.09701492,56063851.6048555,63115.4334026072,586261.9395427925,1221416.61175137,,1322312.43774797,27376007.4856414,19054672.0907803,,,32537518.75051954,463785356.894294,-366247.218660306,,,,,3053313.4970716,,1017858.31609687,-1459654.9931041,,29209544.2490081
2003-10-31,,69210537.5985264,1464637.82476856,29182199.2662951,96135333.6495371,-3312225.28736066,40071482.0446817,7461158.44228226,432416554.534857,3,11,,,,26151356.724258497,12872543.5998489,35054.4292461742,2476168.99866172,1150048.3634045,,1150048.3634045,,4874480.03747478,2365590.58806572,690,,4602441.20064236,63115.4334026072,20117085.6841111,26128885.7692235,5932254.59824296,40231023.8708672,2561206.09701492,56063851.6048555,63115.4334026072,586261.9395427925,1221416.61175137,,1322312.43774797,27376007.4856414,19054672.0907803,,,32537518.75051954,463785356.894294,-366247.218660306,,,,,3053313.4970716,,1017858.31609687,-1459654.9931041,,29209544.2490081
2003-12-31,,81079464.3217374,1338330.92575485,40798996.9952551,102513990.396423,-4775727.04867028,37404162.0951506,13656577.5181806,438660635.983575,3,12,,,,17809784.99724365,8227370.87437856,1996882.16729387,3333077.70713667,1810338.07325085,,1810338.07325085,,4874480.03747478,2365590.58806572,638,,3108920.65764666,-4116350.272249,15887881.27777429,27414331.3507608,6011874.94455842,53256813.2664594,2914697.89072785,65109828.3012725,-4116350.272249,2462571.2587567503,7440612.16217135,,-2642148.00758939,18059564.6402779,13212575.1082275,,,37014361.58433287,468912165.758675,170296.466377028,-1345666.90084196,446390.186764502,1027811.37291229,446390.1867644999,2671693.83757693,1474201.55967679,1017858.31609687,-1314114.06090393,,30395841.1683259
2004-03-31,,81079464.3217374,1338330.92575485,40798996.9952551,102513990.396423,-4775727.04867028,37404162.0951506,13656577.5181806,438660635.983575,4,13,,,,17809784.99724365,8227370.87437856,1996882.16729387,3333077.70713667,1810338.07325085,,1810338.07325085,,4874480.03747478,2365590.58806572,638,,3108920.65764666,-4116350.272249,15887881.27777429,27414331.3507608,6011874.94455842,53256813.2664594,2914697.89072785,65109828.3012725,-4116350.272249,2462571.2587567503,7440612.16217135,,-2642148.00758939,18059564.6402779,13212575.1082275,,,37014361.58433287,468912165.758675,170296.466377028,-1345666.90084196,446390.186764502,1027811.37291229,446390.1867644999,2671693.83757693,1474201.55967679,1017858.31609687,-1314114.06090393,,30395841.1683259
2004-04-30,,81079464.3217374,1338330.92575485,40798996.9952551,102513990.396423,-4775727.04867028,37404162.0951506,13656577.5181806,438660635.983575,4,13,,,,17809784.99724365,8227370.87437856,1996882.16729387,3333077.70713667,1810338.07325085,,1810338.07325085,,4874480.03747478,2365590.58806572,638,,3108920.65764666,-4116350.272249,15887881.27777429,27414331.3507608,6011874.94455842,53256813.2664594,2914697.89072785,65109828.3012725,-4116350.272249,2462571.2587567503,7440612.16217135,,-2642148.00758939,18059564.6402779,13212575.1082275,,,37014361.58433287,468912165.758675,170296.466377028,-1345666.90084196,446390.186764502,1027811.37291229,446390.1867644999,2671693.83757693,1474201.55967679,1017858.31609687,-1314114.06090393,,30395841.1683259
2004-06-30,,81079464.3217374,1338330.92575485,40798996.9952551,102513990.396423,-4775727.04867028,37404162.0951506,13656577.5181806,438660635.983575,4,14,,,,17809784.99724365,8227370.87437856,1996882.16729387,3333077.70713667,1810338.07325085,,1810338.07325085,,752398.836380907,-3433325.90833531,638,,3108920.65764666,-4116350.272249,15887881.27777429,27414331.3507608,6011874.94455842,53256813.2664594,2914697.89072785,65109828.3012725,-4116350.272249,2462571.2587567503,7440612.16217135,,-2642148.00758939,18059564.6402779,13212575.1082275,,,37014361.58433287,468912165.758675,170296.466377028,-1345666.90084196,446390.186764502,1027811.37291229,446390.1867644999,2671693.83757693,1474201.55967679,1017858.31609687,-1314114.06090393,,30395841.1683259
2004-07-30,,81079464.3217374,1338330.92575485,40798996.9952551,102513990.396423,-4775727.04867028,37404162.0951506,13656577.5181806,438660635.983575,4,14,,,,17809784.99724365,8227370.87437856,1996882.16729387,3333077.70713667,1810338.07325085,,1810338.07325085,,752398.836380907,-3433325.90833531,638,,3108920.65764666,-4116350.272249,15887881.27777429,27414331.3507608,6011874.94455842,53256813.2664594,2914697.89072785,65109828.3012725,-4116350.272249,2462571.2587567503,7440612.16217135,,-2642148.00758939,18059564.6402779,13212575.1082275,,,37014361.58433287,468912165.758675,170296.466377028,-1345666.90084196,446390.186764502,1027811.37291229,446390.1867644999,2671693.83757693,1474201.55967679,1017858.31609687,-1314114.06090393,,30395841.1683259
2004-09-30,,81079464.3217374,1338330.92575485,40798996.9952551,102513990.396423,-4775727.04867028,37404162.0951506,13656577.5181806,438660635.983575,4,15,,,,17809784.99724365,8227370.87437856,1996882.16729387,3333077.70713667,1810338.07325085,,1810338.07325085,,752398.836380907,-3433325.90833531,638,,3108920.65764666,-4116350.272249,15887881.27777429,27414331.3507608,6011874.94455842,53256813.2664594,2914697.89072785,65109828.3012725,-4116350.272249,2462571.2587567503,7440612.16217135,,-2642148.00758939,18059564.6402779,13212575.1082275,,,37014361.58433287,468912165.758675,170296.466377028,-1345666.90084196,446390.186764502,1027811.37291229,446390.1867644999,2671693.83757693,1474201.55967679,1017858.31609687,-1314114.06090393,,30395841.1683259
2004-10-28,,81079464.3217374,1338330.92575485,40798996.9952551,102513990.396423,-4775727.04867028,37404162.0951506,13656577.5181806,438660635.983575,4,15,,,,17809784.99724365,8227370.87437856,1996882.16729387,3333077.70713667,1810338.07325085,,1810338.07325085,,752398.836380907,-3433325.90833531,638,,3108920.65764666,-4116350.272249,15887881.27777429,27414331.3507608,6011874.94455842,53256813.2664594,2914697.89072785,65109828.3012725,-4116350.272249,2462571.2587567503,7440612.16217135,,-2642148.00758939,18059564.6402779,13212575.1082275,,,37014361.58433287,468912165.758675,170296.466377028,-1345666.90084196,446390.186764502,1027811.37291229,446390.1867644999,2671693.83757693,1474201.55967679,1017858.31609687,-1314114.06090393,,30395841.1683259
2004-12-31,,81079464.3217374,1338330.92575485,40798996.9952551,102513990.396423,-4775727.04867028,37404162.0951506,13656577.5181806,438660635.983575,4,16,,,,17809784.99724365,8227370.87437856,1996882.16729387,3333077.70713667,1810338.07325085,,1810338.07325085,,752398.836380907,-3433325.90833531,638,,3108920.65764666,-4116350.272249,15887881.27777429,27414331.3507608,6011874.94455842,53256813.2664594,2914697.89072785,65109828.3012725,-4116350.272249,2462571.2587567503,7440612.16217135,,-2642148.00758939,18059564.6402779,13212575.1082275,,,37014361.58433287,468912165.758675,170296.466377028,-1345666.90084196,446390.186764502,1027811.37291229,446390.1867644999,2671693.83757693,1474201.55967679,1017858.31609687,-1314114.06090393,,30395841.1683259
2005-03-01,,71091484.8865057,828168.180715051,30700407.1524194,94499153.9199398,-1807218.92656968,36667984.3060998,7198836.44210041,451858397.921485,4,16,,,,18325517.990685582,7737969.99473948,1866127.0939843,2315255.55009413,1021927.22993072,,1021927.22993072,,752398.836380907,-3433325.90833531,646,,4281465.84871944,-989046.165421587,22145260.899507836,25266925.9108017,6586413.27590602,47206061.2298358,2150581.34206923,57831169.61384,-989046.165421587,196526.641878059,-4998369.87835731,,352281.470504495,18607681.6954052,12909901.0084467,,,36253899.8623724,482787270.696273,-138805.38795595,-716474.016694795,-40771.1065119243,1382098.74243801,-40771.106511930004,4424379.92374961,1341327.63592608,1017858.31609687,-1241461.07597923,,27955779.9965563
2005-03-31,,71091484.8865057,828168.180715051,30700407.1524194,94499153.9199398,-1807218.92656968,36667984.3060998,7198836.44210041,451858397.921485,5,17,,,,18325517.990685582,7737969.99473948,1866127.0939843,2315255.55009413,1021927.22993072,,1021927.22993072,,752398.836380907,-3433325.90833531,646,,4281465.84871944,-989046.165421587,22145260.899507836,25266925.9108017,6586413.27590602,47206061.2298358,2150581.34206923,57831169.61384,-989046.165421587,196526.641878059,-4998369.87835731,,352281.470504495,18607681.6954052,12909901.0084467,,,36253899.8623724,482787270.696273,-138805.38795595,-716474.016694795,-40771.1065119243,1382098.74243801,-40771.106511930004,4424379.92374961,1341327.63592608,1017858.31609687,-1241461.07597923,,27955779.9965563
2005-04-29,,71091484.8865057,828168.180715051,30700407.1524194,94499153.9199398,-1807218.92656968,36667984.3060998,7198836.44210041,451858397.921485,5,17,,,,18325517.990685582,7737969.99473948,1866127.0939843,2315255.55009413,1021927.22993072,,1021927.22993072,,752398.836380907,-3433325.90833531,646,,4281465.84871944,-989046.165421587,22145260.899507836,25266925.9108017,6586413.27590602,47206061.2298358,2150581.34206923,57831169.61384,-989046.165421587,196526.641878059,-4998369.87835731,,352281.470504495,18607681.6954052,12909901.0084467,,,36253899.8623724,482787270.696273,-138805.38795595,-716474.016694795,-40771.1065119243,1382098.74243801,-40771.106511930004,4424379.92374961,1341327.63592608,1017858.31609687,-1241461.07597923,,27955779.9965563
2005-06-30,,71091484.8865057,828168.180715051,30700407.1524194,94499153.9199398,-1807218.92656968,36667984.3060998,7198836.44210041,451858397.921485,5,18,,,,18325517.990685582,7737969.99473948,1866127.0939843,2315255.55009413,1021927.22993072,,1021927.22993072,,752398.836380907,-3433325.90833531,646,,4281465.84871944,-989046.165421587,22145260.899507836,25266925.9108017,6586413.27590602,47206061.2298358,2150581.34206923,57831169.61384,-989046.165421587,196526.641878059,-4998369.87835731,,352281.470504495,18607681.6954052,12909901.0084467,,,36253899.8623724,482787270.696273,-138805.38795595,-716474.016694795,-40771.1065119243,1382098.74243801,-40771.106511930004,4424379.92374961,1341327.63592608,1017858.31609687,-1241461.07597923,,27955779.9965563
2005-07-29,,71091484.8865057,828168.180715051,30700407.1524194,94499153.9199398,-1807218.92656968,36667984.3060998,7198836.44210041,451858397.921485,5,18,,,,18325517.990685582,7737969.99473948,1866127.0939843,2315255.55009413,1021927.22993072,,1021927.22993072,,752398.836380907,-3433325.90833531,646,,4281465.84871944,-989046.165421587,22145260.899507836,25266925.9108017,6586413.27590602,47206061.2298358,2150581.34206923,57831169.61384,-989046.165421587,196526.641878059,-4998369.87835731,,352281.470504495,18607681.6954052,12909901.0084467,,,36253899.8623724,482787270.696273,-138805.38795595,-716474.016694795,-40771.1065119243,1382098.74243801,-40771.106511930004,4424379.92374961,1341327.63592608,1017858.31609687,-1241461.07597923,,27955779.9965563
2005-10-28,,71091484.8865057,828168.180715051,30700407.1524194,94499153.9199398,-1807218.92656968,36667984.3060998,7198836.44210041,451858397.921485,5,19,,,,18325517.990685582,7737969.99473948,1866127.0939843,2315255.55009413,1021927.22993072,,1021927.22993072,,752398.836380907,-3433325.90833531,646,,4281465.84871944,-989046.165421587,22145260.899507836,25266925.9108017,6586413.27590602,47206061.2298358,2150581.34206923,57831169.61384,-989046.165421587,196526.641878059,-4998369.87835731,,352281.470504495,18607681.6954052,12909901.0084467,,,36253899.8623724,482787270.696273,-138805.38795595,-716474.016694795,-40771.1065119243,1382098.74243801,-40771.106511930004,4424379.92374961,1341327.63592608,1017858.31609687,-1241461.07597923,,27955779.9965563
2005-11-11,,71091484.8865057,828168.180715051,30700407.1524194,94499153.9199398,-1807218.92656968,36667984.3060998,7198836.44210041,451858397.921485,5,19,,,,18325517.990685582,7737969.99473948,1866127.0939843,2315255.55009413,1021927.22993072,,1021927.22993072,,3590563.83240912,1351335.1047443,646,,4281465.84871944,-989046.165421587,22145260.899507836,25266925.9108017,6586413.27590602,47206061.2298358,2150581.34206923,57831169.61384,-989046.165421587,196526.641878059,-4998369.87835731,,352281.470504495,18607681.6954052,12909901.0084467,,,36253899.8623724,482787270.696273,-138805.38795595,-716474.016694795,-40771.1065119243,1382098.74243801,-40771.106511930004,4424379.92374961,1341327.63592608,1017858.31609687,-1241461.07597923,,27955779.9965563
2005-12-31,,71091484.8865057,828168.180715051,30700407.1524194,94499153.9199398,-1807218.92656968,36667984.3060998,7198836.44210041,451858397.921485,5,20,,,,18325517.990685582,7737969.99473948,1866127.0939843,2315255.55009413,1021927.22993072,,1021927.22993072,,3590563.83240912,1351335.1047443,646,,4281465.84871944,-989046.165421587,22145260.899507836,25266925.9108017,6586413.27590602,47206061.2298358,2150581.34206923,57831169.61384,-989046.165421587,196526.641878059,-4998369.87835731,,352281.470504495,18607681.6954052,12909901.0084467,,,36253899.8623724,482787270.696273,-138805.38795595,-716474.016694795,-40771.1065119243,1382098.74243801,-40771.106511930004,4424379.92374961,1341327.63592608,1017858.31609687,-1241461.07597923,,27955779.9965563
2006-03-22,,60728179.5806723,-881593.060846091,24179889.6811944,78259185.2355581,-955906.164813697,26072682.7707882,9489178.82252927,74818454.9508045,5,20,,,,20584069.3848613,6997008.9708616,1469026.64549663,2291329.93289201,1013411.72827052,,1013411.72827052,,3590563.83240912,1351335.1047443,604,,4143443.28957245,1616285.93369564,19235361.2572017,19942669.6439219,5503210.60277768,42873819.3279579,1870233.75446074,52186503.1527013,-9747934.59600516,329301.077043299,-425735.991759315,,1606954.1439515,17542507.180336,11557140.5781267,,,28951461.826637782,80586779.1892634,257307.997032027,-716474.016694795,-19109.3590499532,9776.88137439468,-19109.35904995324,2543039.62862454,-9332.47767555856,341744.380610711,-75103.5371718822,,4038716.04949147
2006-04-28,,60728179.5806723,-881593.060846091,24179889.6811944,78259185.2355581,-955906.164813697,26072682.7707882,9489178.82252927,74818454.9508045,6,21,,,,20584069.3848613,6997008.9708616,1469026.64549663,2291329.93289201,1013411.72827052,,1013411.72827052,,3590563.83240912,1351335.1047443,604,,4143443.28957245,1616285.93369564,19235361.2572017,19942669.6439219,5503210.60277768,42873819.3279579,1870233.75446074,52186503.1527013,-9747934.59600516,329301.077043299,-425735.991759315,,1606954.1439515,17542507.180336,11557140.5781267,,,28951461.826637782,80586779.1892634,257307.997032027,-716474.016694795,-19109.3590499532,9776.88137439468,-19109.35904995324,2543039.62862454,-9332.47767555856,341744.380610711,-75103.5371718822,,4038716.04949147
2006-06-05,,60728179.5806723,-881593.060846091,24179889.6811944,78259185.2355581,-955906.164813697,26072682.7707882,9489178.82252927,74818454.9508045,6,21,,,,20584069.3848613,6997008.9708616,1469026.64549663,2291329.93289201,1013411.72827052,,1013411.72827052,,-2824265.90663996,-8226444.3075027,604,,4143443.28957245,1616285.93369564,19235361.2572017,19942669.6439219,5503210.60277768,42873819.3279579,1870233.75446074,52186503.1527013,-9747934.59600516,329301.077043299,-425735.991759315,,1606954.1439515,17542507.180336,11557140.5781267,,,28951461.826637782,80586779.1892634,257307.997032027,-716474.016694795,-19109.3590499532,9776.88137439468,-19109.35904995324,2543039.62862454,-9332.47767555856,341744.380610711,-75103.5371718822,,4038716.04949147
2006-07-28,,60728179.5806723,-881593.060846091,24179889.6811944,78259185.2355581,-955906.164813697,26072682.7707882,9489178.82252927,74818454.9508045,6,22,,,,20584069.3848613,6997008.9708616,1469026.64549663,2291329.93289201,1013411.72827052,,1013411.72827052,,-2824265.90663996,-8226444.3075027,604,,4143443.28957245,1616285.93369564,19235361.2572017,19942669.6439219,5503210.60277768,42873819.3279579,1870233.75446074,52186503.1527013,-9747934.59600516,329301.077043299,-425735.991759315,,1606954.1439515,17542507.180336,11557140.5781267,,,28951461.826637782,80586779.1892634,257307.997032027,-716474.016694795,-19109.3590499532,9776.88137439468,-19109.35904995324,2543039.62862454,-9332.47767555856,341744.380610711,-75103.5371718822,,4038716.04949147
2006-10-27,,60728179.5806723,-881593.060846091,24179889.6811944,78259185.2355581,-955906.164813697,26072682.7707882,9489178.82252927,74818454.9508045,6,23,,,,20584069.3848613,6997008.9708616,1469026.64549663,2291329.93289201,1013411.72827052,,1013411.72827052,,-2824265.90663996,-8226444.3075027,604,,4143443.28957245,1616285.93369564,19235361.2572017,19942669.6439219,5503210.60277768,42873819.3279579,1870233.75446074,52186503.1527013,-9747934.59600516,329301.077043299,-425735.991759315,,1606954.1439515,17542507.180336,11557140.5781267,,,28951461.826637782,80586779.1892634,257307.997032027,-716474.016694795,-19109.3590499532,9776.88137439468,-19109.35904995324,2543039.62862454,-9332.47767555856,341744.380610711,-75103.5371718822,,4038716.04949147
2006-10-30,,60728179.5806723,-881593.060846091,24179889.6811944,78259185.2355581,-955906.164813697,26072682.7707882,9489178.82252927,74818454.9508045,6,23,,,,20584069.3848613,6997008.9708616,1469026.64549663,2291329.93289201,1013411.72827052,,1013411.72827052,,-2824265.90663996,-8226444.3075027,604,,4143443.28957245,1616285.93369564,19235361.2572017,19942669.6439219,5503210.60277768,42873819.3279579,1870233.75446074,52186503.1527013,-9747934.59600516,329301.077043299,-425735.991759315,,1606954.1439515,17542507.180336,11557140.5781267,,,28951461.826637782,80586779.1892634,257307.997032027,-716474.016694795,-19109.3590499532,9776.88137439468,-19109.35904995324,2543039.62862454,-9332.47767555856,341744.380610711,-75103.5371718822,,4038716.04949147
2006-12-30,,60728179.5806723,-881593.060846091,24179889.6811944,78259185.2355581,-955906.164813697,26072682.7707882,9489178.82252927,74818454.9508045,6,24,,,,20584069.3848613,6997008.9708616,1469026.64549663,2291329.93289201,1013411.72827052,,1013411.72827052,,-2824265.90663996,-8226444.3075027,604,,4143443.28957245,1616285.93369564,19235361.2572017,19942669.6439219,5503210.60277768,42873819.3279579,1870233.75446074,52186503.1527013,-9747934.59600516,329301.077043299,-425735.991759315,,1606954.1439515,17542507.180336,11557140.5781267,,,28951461.826637782,80586779.1892634,257307.997032027,-716474.016694795,-19109.3590499532,9776.88137439468,-19109.35904995324,2543039.62862454,-9332.47767555856,341744.380610711,-75103.5371718822,,4038716.04949147
2006-12-31,,60728179.5806723,-881593.060846091,24179889.6811944,78259185.2355581,-955906.164813697,26072682.7707882,9489178.82252927,74818454.9508045,6,24,,,,20584069.3848613,6997008.9708616,1469026.64549663,2291329.93289201,1013411.72827052,,1013411.72827052,,-2824265.90663996,-8226444.3075027,604,,4143443.28957245,1616285.93369564,19235361.2572017,19942669.6439219,5503210.60277768,42873819.3279579,1870233.75446074,52186503.1527013,-9747934.59600516,329301.077043299,-425735.991759315,,1606954.1439515,17542507.180336,11557140.5781267,,,28951461.826637782,80586779.1892634,257307.997032027,-716474.016694795,-19109.3590499532,9776.88137439468,-19109.35904995324,2543039.62862454,-9332.47767555856,341744.380610711,-75103.5371718822,,4038716.04949147
2007-03-30,5872400.78711023,26319583.3688128,24420220.726672933,2869368.15777042,29179314.5613808,-612145.014871802,13732576.3826817,9570986.51672583,58829326.6629894,7,25,,,,5494874.27529328,6997008.9708616,1469026.64549663,1572984.59024779,118998.499359998,,118998.499359998,,-2824265.90663996,-8226444.3075027,100,,4143443.28957245,1762754.8709571,12720702.644901354,2953589.37263958,3391871.54379066,12887017.4011956,2409297.21587205,15446738.8523772,-11591345.7874665,403099.332444808,540606.463889365,,1884841.51072168,883269.460418839,288277.637296948,,,7829168.88739921,65006894.1973318,190197.482896768,-716474.016694795,35554.709016772,86531.257069714,35555.38269487099,768042.211055542,122086.639764585,308000.237315422,-59972.1717053087,,4390395.20069674
2007-03-31,5872400.78711023,26319583.3688128,24420220.726672933,2869368.15777042,29179314.5613808,-612145.014871802,13732576.3826817,9570986.51672583,58829326.6629894,7,25,,,,5494874.27529328,6997008.9708616,1469026.64549663,1572984.59024779,118998.499359998,,118998.499359998,,-2824265.90663996,-8226444.3075027,100,,4143443.28957245,1762754.8709571,12720702.644901354,2953589.37263958,3391871.54379066,12887017.4011956,2409297.21587205,15446738.8523772,-11591345.7874665,403099.332444808,540606.463889365,,1884841.51072168,883269.460418839,288277.637296948,,,7829168.88739921,65006894.1973318,190197.482896768,-716474.016694795,35554.709016772,86531.257069714,35555.38269487099,768042.211055542,122086.639764585,308000.237315422,-59972.1717053087,,4390395.20069674
2007-06-30,5872400.78711023,26319583.3688128,24420220.726672933,2869368.15777042,29179314.5613808,-612145.014871802,13732576.3826817,9570986.51672583,58829326.6629894,7,26,,,,5494874.27529328,6997008.9708616,1469026.64549663,1572984.59024779,118998.499359998,,118998.499359998,,1364657.72839506,1271016.98765432,100,,4143443.28957245,1762754.8709571,12720702.644901354,2953589.37263958,3391871.54379066,12887017.4011956,2409297.21587205,15446738.8523772,-11591345.7874665,403099.332444808,540606.463889365,,1884841.51072168,883269.460418839,288277.637296948,,,7829168.88739921,65006894.1973318,190197.482896768,-716474.016694795,35554.709016772,86531.257069714,35555.38269487099,768042.211055542,122086.639764585,308000.237315422,-59972.1717053087,,4390395.20069674
2007-08-17,5872400.78711023,26319583.3688128,24420220.726672933,2869368.15777042,29179314.5613808,-612145.014871802,13732576.3826817,9570986.51672583,58829326.6629894,7,26,,,,5494874.27529328,6997008.9708616,1469026.64549663,1572984.59024779,118998.499359998,,118998.499359998,,1364657.72839506,1271016.98765432,100,,4143443.28957245,1762754.8709571,12720702.644901354,2953589.37263958,3391871.54379066,12887017.4011956,2409297.21587205,15446738.8523772,-11591345.7874665,403099.332444808,540606.463889365,,1884841.51072168,883269.460418839,288277.637296948,,,7829168.88739921,65006894.1973318,190197.482896768,-716474.016694795,35554.709016772,86531.257069714,35555.38269487099,768042.211055542,122086.639764585,308000.237315422,-59972.1717053087,,4390395.20069674
2007-09-30,5872400.78711023,26319583.3688128,24420220.726672933,2869368.15777042,29179314.5613808,-612145.014871802,13732576.3826817,9570986.51672583,58829326.6629894,7,27,,,,5494874.27529328,6997008.9708616,1469026.64549663,1572984.59024779,118998.499359998,,118998.499359998,,1364657.72839506,1271016.98765432,100,,4143443.28957245,1762754.8709571,12720702.644901354,2953589.37263958,3391871.54379066,12887017.4011956,2409297.21587205,15446738.8523772,-11591345.7874665,403099.332444808,540606.463889365,,1884841.51072168,883269.460418839,288277.637296948,,,7829168.88739921,65006894.1973318,190197.482896768,-716474.016694795,35554.709016772,86531.257069714,35555.38269487099,768042.211055542,122086.639764585,308000.237315422,-59972.1717053087,,4390395.20069674
2007-12-30,5872400.78711023,26319583.3688128,24420220.726672933,2869368.15777042,29179314.5613808,-612145.014871802,13732576.3826817,9570986.51672583,58829326.6629894,7,28,,,,5494874.27529328,6997008.9708616,1469026.64549663,1572984.59024779,118998.499359998,,118998.499359998,,1364657.72839506,1271016.98765432,100,,4143443.28957245,1762754.8709571,12720702.644901354,2953589.37263958,3391871.54379066,12887017.4011956,2409297.21587205,15446738.8523772,-11591345.7874665,403099.332444808,540606.463889365,,1884841.51072168,883269.460418839,288277.637296948,,,7829168.88739921,65006894.1973318,190197.482896768,-716474.016694795,35554.709016772,86531.257069714,35555.38269487099,768042.211055542,122086.639764585,308000.237315422,-59972.1717053087,,4390395.20069674
2007-12-31,5872400.78711023,26319583.3688128,24420220.726672933,2869368.15777042,29179314.5613808,-612145.014871802,13732576.3826817,9570986.51672583,58829326.6629894,7,28,,,,5494874.27529328,6997008.9708616,1469026.64549663,1572984.59024779,118998.499359998,,118998.499359998,,1364657.72839506,1271016.98765432,100,,4143443.28957245,1762754.8709571,12720702.644901354,2953589.37263958,3391871.54379066,12887017.4011956,2409297.21587205,15446738.8523772,-11591345.7874665,403099.332444808,540606.463889365,,1884841.51072168,883269.460418839,288277.637296948,,,7829168.88739921,65006894.1973318,190197.482896768,-716474.016694795,35554.709016772,86531.257069714,35555.38269487099,768042.211055542,122086.639764585,308000.237315422,-59972.1717053087,,4390395.20069674
2008-03-30,5872400.78711023,22526788.3871909,18102161.20223812,2382564.01072288,24962693.8275585,-240739.522649354,17499845.0721424,15196403.4102414,52322816.8763586,8,29,,,,5494874.27529328,6997008.9708616,1469026.64549663,183910.697563425,118998.499359998,,118998.499359998,,1364657.72839506,1271016.98765432,85,,4143443.28957245,636751.876942155,12798382.572488595,1663794.36567219,1407757.41454519,4577990.14129404,2798179.06659858,7462848.75541615,2822648.63060763,614377.981982639,2664691.34320519,,290856.224086367,826785.17638048,283595.991465461,,,5630585.67918885,56845857.2667591,190197.482896768,-716474.016694795,5369.64658253702,-351265.299438325,5369.646582536981,416504.483988621,-345895.652855788,205389.533080458,-16556.5940622948,,4773176.24327084
2008-03-31,5872400.78711023,22526788.3871909,18102161.20223812,2382564.01072288,24962693.8275585,-240739.522649354,17499845.0721424,15196403.4102414,52322816.8763586,8,29,,,,5494874.27529328,6997008.9708616,1469026.64549663,183910.697563425,118998.499359998,,118998.499359998,,-575721.32071673,-760013.066237165,85,,4143443.28957245,636751.876942155,12798382.572488595,1663794.36567219,1407757.41454519,4577990.14129404,2798179.06659858,7462848.75541615,2822648.63060763,614377.981982639,2664691.34320519,,290856.224086367,826785.17638048,283595.991465461,,,5630585.67918885,56845857.2667591,190197.482896768,-716474.016694795,5369.64658253702,-351265.299438325,5369.646582536981,416504.483988621,-345895.652855788,205389.533080458,-16556.5940622948,,4773176.24327084
2008-06-30,5872400.78711023,22526788.3871909,18102161.20223812,2382564.01072288,24962693.8275585,-240739.522649354,17499845.0721424,15196403.4102414,52322816.8763586,8,30,,,,5494874.27529328,6997008.9708616,1469026.64549663,183910.697563425,118998.499359998,,118998.499359998,,-575721.32071673,-760013.066237165,85,,4143443.28957245,636751.876942155,12798382.572488595,1663794.36567219,1407757.41454519,4577990.14129404,2798179.06659858,7462848.75541615,2822648.63060763,614377.981982639,2664691.34320519,,290856.224086367,826785.17638048,283595.991465461,,,5630585.67918885,56845857.2667591,190197.482896768,-716474.016694795,5369.64658253702,-351265.299438325,5369.646582536981,416504.483988621,-345895.652855788,205389.533080458,-16556.5940622948,,4773176.24327084
2008-08-15,5872400.78711023,22526788.3871909,18102161.20223812,2382564.01072288,24962693.8275585,-240739.522649354,17499845.0721424,15196403.4102414,52322816.8763586,8,30,,,,5494874.27529328,6997008.9708616,1469026.64549663,183910.697563425,118998.499359998,,118998.499359998,,-575721.32071673,-760013.066237165,85,,4143443.28957245,636751.876942155,12798382.572488595,1663794.36567219,1407757.41454519,4577990.14129404,2798179.06659858,7462848.75541615,2822648.63060763,614377.981982639,2664691.34320519,,290856.224086367,826785.17638048,283595.991465461,,,5630585.67918885,56845857.2667591,190197.482896768,-716474.016694795,5369.64658253702,-351265.299438325,5369.646582536981,416504.483988621,-345895.652855788,205389.533080458,-16556.5940622948,,4773176.24327084
2008-09-30,5872400.78711023,22526788.3871909,18102161.20223812,2382564.01072288,24962693.8275585,-240739.522649354,17499845.0721424,15196403.4102414,52322816.8763586,8,31,,,,5494874.27529328,6997008.9708616,1469026.64549663,183910.697563425,118998.499359998,,118998.499359998,,-575721.32071673,-760013.066237165,85,,4143443.28957245,636751.876942155,12798382.572488595,1663794.36567219,1407757.41454519,4577990.14129404,2798179.06659858,7462848.75541615,2822648.63060763,614377.981982639,2664691.34320519,,290856.224086367,826785.17638048,283595.991465461,,,5630585.67918885,56845857.2667591,190197.482896768,-716474.016694795,5369.64658253702,-351265.299438325,5369.646582536981,416504.483988621,-345895.652855788,205389.533080458,-16556.5940622948,,4773176.24327084
2008-12-30,5872400.78711023,22526788.3871909,18102161.20223812,2382564.01072288,24962693.8275585,-240739.522649354,17499845.0721424,15196403.4102414,52322816.8763586,8,32,,,,5494874.27529328,6997008.9708616,1469026.64549663,183910.697563425,118998.499359998,,118998.499359998,,-575721.32071673,-760013.066237165,85,,4143443.28957245,636751.876942155,12798382.572488595,1663794.36567219,1407757.41454519,4577990.14129404,2798179.06659858,7462848.75541615,2822648.63060763,614377.981982639,2664691.34320519,,290856.224086367,826785.17638048,283595.991465461,,,5630585.67918885,56845857.2667591,190197.482896768,-716474.016694795,5369.64658253702,-351265.299438325,5369.646582536981,416504.483988621,-345895.652855788,205389.533080458,-16556.5940622948,,4773176.24327084
2008-12-31,5872400.78711023,22526788.3871909,18102161.20223812,2382564.01072288,24962693.8275585,-240739.522649354,17499845.0721424,15196403.4102414,52322816.8763586,8,32,,,,5494874.27529328,6997008.9708616,1469026.64549663,183910.697563425,118998.499359998,,118998.499359998,,-575721.32071673,-760013.066237165,85,,4143443.28957245,636751.876942155,12798382.572488595,1663794.36567219,1407757.41454519,4577990.14129404,2798179.06659858,7462848.75541615,2822648.63060763,614377.981982639,2664691.34320519,,290856.224086367,826785.17638048,283595.991465461,,,5630585.67918885,56845857.2667591,190197.482896768,-716474.016694795,5369.64658253702,-351265.299438325,5369.646582536981,416504.483988621,-345895.652855788,205389.533080458,-16556.5940622948,,4773176.24327084
2009-03-30,5872400.78711023,13826715.6592304,18277265.729986425,2113483.02167988,16490677.885031,-141105.679372667,9183205.55097077,6697395.36179254,53552589.9409989,9,33,,,,5494874.27529328,6997008.9708616,1469026.64549663,211658.458850547,118998.499359998,,118998.499359998,,-575721.32071673,-760013.066237165,81,,347333.969304315,-964221.18669015,1564925.709635034,1896238.49606519,1269500.02879468,4336549.25220503,2854291.66114536,7307473.28974993,-1655277.57375491,262311.0311988928,-792965.407262968,,-887035.86017808,1079811.86126836,290940.628870158,,,5193349.0002516,57715205.5711131,209849.412708307,-716474.016694795,-25929.7741434981,103116.056345312,-25929.774143497692,601105.912637509,77186.2822018143,260502.866202597,-68743.7190002935,,4300103.06811479
2009-03-31,5872400.78711023,13826715.6592304,18277265.729986425,2113483.02167988,16490677.885031,-141105.679372667,9183205.55097077,6697395.36179254,53552589.9409989,9,33,,,,5494874.27529328,6997008.9708616,1469026.64549663,211658.458850547,118998.499359998,,118998.499359998,,-455892.010489511,-670106.328671329,81,,347333.969304315,-964221.18669015,1564925.709635034,1896238.49606519,1269500.02879468,4336549.25220503,2854291.66114536,7307473.28974993,-1655277.57375491,262311.0311988928,-792965.407262968,,-887035.86017808,1079811.86126836,290940.628870158,,,5193349.0002516,57715205.5711131,209849.412708307,-716474.016694795,-25929.7741434981,103116.056345312,-25929.774143497692,601105.912637509,77186.2822018143,260502.866202597,-68743.7190002935,,4300103.06811479
2009-06-30,5872400.78711023,13826715.6592304,18277265.729986425,2113483.02167988,16490677.885031,-141105.679372667,9183205.55097077,6697395.36179254,53552589.9409989,9,34,,,,5494874.27529328,6997008.9708616,1469026.64549663,211658.458850547,118998.499359998,,118998.499359998,,-455892.010489511,-670106.328671329,81,,347333.969304315,-964221.18669015,1564925.709635034,1896238.49606519,1269500.02879468,4336549.25220503,2854291.66114536,7307473.28974993,-1655277.57375491,262311.0311988928,-792965.407262968,,-887035.86017808,1079811.86126836,290940.628870158,,,5193349.0002516,57715205.5711131,209849.412708307,-716474.016694795,-25929.7741434981,103116.056345312,-25929.774143497692,601105.912637509,77186.2822018143,260502.866202597,-68743.7190002935,,4300103.06811479
2009-08-21,5872400.78711023,13826715.6592304,18277265.729986425,2113483.02167988,16490677.885031,-141105.679372667,9183205.55097077,6697395.36179254,53552589.9409989,9,34,,,,5494874.27529328,6997008.9708616,1469026.64549663,211658.458850547,118998.499359998,,118998.499359998,,-455892.010489511,-670106.328671329,81,,347333.969304315,-964221.18669015,1564925.709635034,1896238.49606519,1269500.02879468,4336549.25220503,2854291.66114536,7307473.28974993,-1655277.57375491,262311.0311988928,-792965.407262968,,-887035.86017808,1079811.86126836,290940.628870158,,,5193349.0002516,57715205.5711131,209849.412708307,-716474.016694795,-25929.7741434981,103116.056345312,-25929.774143497692,601105.912637509,77186.2822018143,260502.866202597,-68743.7190002935,,4300103.06811479
2009-09-30,5872400.78711023,13826715.6592304,18277265.729986425,2113483.02167988,16490677.885031,-141105.679372667,9183205.55097077,6697395.36179254,53552589.9409989,9,35,,,,5494874.27529328,6997008.9708616,1469026.64549663,211658.458850547,118998.499359998,,118998.499359998,,-455892.010489511,-670106.328671329,81,,347333.969304315,-964221.18669015,1564925.709635034,1896238.49606519,1269500.02879468,4336549.25220503,2854291.66114536,7307473.28974993,-1655277.57375491,262311.0311988928,-792965.407262968,,-887035.86017808,1079811.86126836,290940.628870158,,,5193349.0002516,57715205.5711131,209849.412708307,-716474.016694795,-25929.7741434981,103116.056345312,-25929.774143497692,601105.912637509,77186.2822018143,260502.866202597,-68743.7190002935,,4300103.06811479
2009-12-30,5872400.78711023,13826715.6592304,18277265.729986425,2113483.02167988,16490677.885031,-141105.679372667,9183205.55097077,6697395.36179254,53552589.9409989,9,36,,,,5494874.27529328,6997008.9708616,1469026.64549663,211658.458850547,118998.499359998,,118998.499359998,,-455892.010489511,-670106.328671329,81,,347333.969304315,-964221.18669015,1564925.709635034,1896238.49606519,1269500.02879468,4336549.25220503,2854291.66114536,7307473.28974993,-1655277.57375491,262311.0311988928,-792965.407262968,,-887035.86017808,1079811.86126836,290940.628870158,,,5193349.0002516,57715205.5711131,209849.412708307,-716474.016694795,-25929.7741434981,103116.056345312,-25929.774143497692,601105.912637509,77186.2822018143,260502.866202597,-68743.7190002935,,4300103.06811479
2009-12-31,5872400.78711023,13826715.6592304,18277265.729986425,2113483.02167988,16490677.885031,-141105.679372667,9183205.55097077,6697395.36179254,53552589.9409989,9,36,,,,5494874.27529328,6997008.9708616,1469026.64549663,211658.458850547,118998.499359998,,118998.499359998,,-455892.010489511,-670106.328671329,81,,347333.969304315,-964221.18669015,1564925.709635034,1896238.49606519,1269500.02879468,4336549.25220503,2854291.66114536,7307473.28974993,-1655277.57375491,262311.0311988928,-792965.407262968,,-887035.86017808,1079811.86126836,290940.628870158,,,5193349.0002516,57715205.5711131,209849.412708307,-716474.016694795,-25929.7741434981,103116.056345312,-25929.774143497692,601105.912637509,77186.2822018143,260502.866202597,-68743.7190002935,,4300103.06811479
2010-03-30,5872400.78711023,259661.455649087,18277265.729986425,107232.205233923,2473430.45295768,-216236.843612209,-697452.442306591,211805.760751303,53552589.9409989,10,37,,,,5494874.27529328,6997008.9708616,1469026.64549663,5317.2994330871,118998.499359998,,118998.499359998,,-455892.010489511,-670106.328671329,81,,347333.969304315,-93052.7400790242,2657574.7189992447,1896238.49606519,3063650.69003035,3170882.89526427,2854291.66114536,3170882.89526427,-93052.7400790242,121411.670388822,-251685.506499456,,-93052.7400790242,611489.434805016,598196.186222299,,,47855.6948977839,70897.3257744946,209849.412708307,257002.805932543,-25929.7741434981,103116.056345312,-25929.774143497692,601105.912637509,77186.2822018143,82418.14121285,-124070.320105366,,401456.107198076
2010-03-31,5872400.78711023,259661.455649087,18277265.729986425,107232.205233923,2473430.45295768,-216236.843612209,-697452.442306591,211805.760751303,53552589.9409989,10,37,,,,5494874.27529328,6997008.9708616,1469026.64549663,5317.2994330871,118998.499359998,,118998.499359998,,-455892.010489511,-670106.328671329,81,,347333.969304315,-93052.7400790242,2657574.7189992447,1896238.49606519,3063650.69003035,3170882.89526427,2854291.66114536,3170882.89526427,-93052.7400790242,121411.670388822,-251685.506499456,,-93052.7400790242,611489.434805016,598196.186222299,,,47855.6948977839,70897.3257744946,209849.412708307,257002.805932543,-25929.7741434981,103116.056345312,-25929.774143497692,601105.912637509,77186.2822018143,82418.14121285,-124070.320105366,,401456.107198076
2010-06-30,5872400.78711023,259661.455649087,18277265.729986425,107232.205233923,2473430.45295768,-216236.843612209,-697452.442306591,211805.760751303,53552589.9409989,10,38,,,,5494874.27529328,6997008.9708616,1469026.64549663,5317.2994330871,118998.499359998,,118998.499359998,,-455892.010489511,-670106.328671329,81,,347333.969304315,-93052.7400790242,2657574.7189992447,1896238.49606519,3063650.69003035,3170882.89526427,2854291.66114536,3170882.89526427,-93052.7400790242,121411.670388822,-251685.506499456,,-93052.7400790242,611489.434805016,598196.186222299,,,47855.6948977839,70897.3257744946,209849.412708307,257002.805932543,-25929.7741434981,103116.056345312,-25929.774143497692,601105.912637509,77186.2822018143,82418.14121285,-124070.320105366,,401456.107198076
2010-08-26,5872400.78711023,259661.455649087,18277265.729986425,107232.205233923,2473430.45295768,-216236.843612209,-697452.442306591,211805.760751303,53552589.9409989,10,38,,,,5494874.27529328,6997008.9708616,1469026.64549663,5317.2994330871,118998.499359998,,118998.499359998,,-455892.010489511,-670106.328671329,81,,347333.969304315,-93052.7400790242,2657574.7189992447,1896238.49606519,3063650.69003035,3170882.89526427,2854291.66114536,3170882.89526427,-93052.7400790242,121411.670388822,-251685.506499456,,-93052.7400790242,611489.434805016,598196.186222299,,,47855.6948977839,70897.3257744946,209849.412708307,257002.805932543,-25929.7741434981,103116.056345312,-25929.774143497692,601105.912637509,77186.2822018143,82418.14121285,-124070.320105366,,401456.107198076
2010-09-30,5872400.78711023,259661.455649087,18277265.729986425,107232.205233923,2473430.45295768,-216236.843612209,-697452.442306591,211805.760751303,53552589.9409989,10,39,,,,5494874.27529328,6997008.9708616,1469026.64549663,5317.2994330871,118998.499359998,,118998.499359998,,-455892.010489511,-670106.328671329,81,,347333.969304315,-93052.7400790242,2657574.7189992447,1896238.49606519,3063650.69003035,3170882.89526427,2854291.66114536,3170882.89526427,-93052.7400790242,121411.670388822,-251685.506499456,,-93052.7400790242,611489.434805016,598196.186222299,,,47855.6948977839,70897.3257744946,209849.412708307,257002.805932543,-25929.7741434981,103116.056345312,-25929.774143497692,601105.912637509,77186.2822018143,82418.14121285,-124070.320105366,,401456.107198076
2010-12-30,5872400.78711023,259661.455649087,18277265.729986425,107232.205233923,2473430.45295768,-216236.843612209,-697452.442306591,211805.760751303,53552589.9409989,10,40,,,,5494874.27529328,6997008.9708616,1469026.64549663,5317.2994330871,118998.499359998,,118998.499359998,,-455892.010489511,-670106.328671329,81,,347333.969304315,-93052.7400790242,2657574.7189992447,1896238.49606519,3063650.69003035,3170882.89526427,2854291.66114536,3170882.89526427,-93052.7400790242,121411.670388822,-251685.506499456,,-93052.7400790242,611489.434805016,598196.186222299,,,47855.6948977839,70897.3257744946,209849.412708307,257002.805932543,-25929.7741434981,103116.056345312,-25929.774143497692,601105.912637509,77186.2822018143,82418.14121285,-124070.320105366,,401456.107198076
2010-12-31,5872400.78711023,259661.455649087,18277265.729986425,107232.205233923,2473430.45295768,-216236.843612209,-697452.442306591,211805.760751303,53552589.9409989,10,40,,,,5494874.27529328,6997008.9708616,1469026.64549663,5317.2994330871,118998.499359998,,118998.499359998,,-455892.010489511,-670106.328671329,81,,347333.969304315,-93052.7400790242,2657574.7189992447,1896238.49606519,3063650.69003035,3170882.89526427,2854291.66114536,3170882.89526427,-93052.7400790242,121411.670388822,-251685.506499456,,-93052.7400790242,611489.434805016,598196.186222299,,,47855.6948977839,70897.3257744946,209849.412708307,257002.805932543,-25929.7741434981,103116.056345312,-25929.774143497692,601105.912637509,77186.2822018143,82418.14121285,-124070.320105366,,401456.107198076
2011-03-30,5872400.78711023,2298264.46391546,18277265.729986425,756369.125810983,10802700.5417698,-4133445.78957929,3385652.27743964,541978.784027824,56599.0502307538,11,41,,,,12103621.13570999,5759382.14166277,1469026.64549663,78895.6457762023,118998.499359998,,118998.499359998,,-455892.010489511,-670106.328671329,81,,739217.89846833,-1938088.68971975,7872413.350277571,57456.6115978864,35160.016052438,1589918.7746639,67747.348003478,7417048.26433014,-1938088.68971975,15436.104608387366,-4074274.05524714,,-1938088.68971975,2377160.10969166,2339427.40953782,,,1633654.404387663,2572.6841013979,5207970.18259648,13720.9818741221,-25929.7741434981,103116.056345312,-25929.774143497692,18008.7887097853,77186.2822018143,82418.14121285,-160363.975653802,113198.100461508,1607927.56337369
2011-03-31,5872400.78711023,2298264.46391546,18277265.729986425,756369.125810983,10802700.5417698,-4133445.78957929,3385652.27743964,541978.784027824,56599.0502307538,11,41,,,,12103621.13570999,5759382.14166277,1469026.64549663,78895.6457762023,118998.499359998,,118998.499359998,,-455892.010489511,-670106.328671329,81,,739217.89846833,-1938088.68971975,7872413.350277571,57456.6115978864,35160.016052438,1589918.7746639,67747.348003478,7417048.26433014,-1938088.68971975,15436.104608387366,-4074274.05524714,,-1938088.68971975,2377160.10969166,2339427.40953782,,,1633654.404387663,2572.6841013979,5207970.18259648,13720.9818741221,-25929.7741434981,103116.056345312,-25929.774143497692,18008.7887097853,77186.2822018143,82418.14121285,-160363.975653802,113198.100461508,1607927.56337369
2011-06-30,5872400.78711023,2298264.46391546,18277265.729986425,756369.125810983,10802700.5417698,-4133445.78957929,3385652.27743964,541978.784027824,56599.0502307538,11,42,,,,12103621.13570999,5759382.14166277,1469026.64549663,78895.6457762023,118998.499359998,,118998.499359998,,-455892.010489511,-670106.328671329,81,,739217.89846833,-1938088.68971975,7872413.350277571,57456.6115978864,35160.016052438,1589918.7746639,67747.348003478,7417048.26433014,-1938088.68971975,15436.104608387366,-4074274.05524714,,-1938088.68971975,2377160.10969166,2339427.40953782,,,1633654.404387663,2572.6841013979,5207970.18259648,13720.9818741221,-25929.7741434981,103116.056345312,-25929.774143497692,18008.7887097853,77186.2822018143,82418.14121285,-160363.975653802,113198.100461508,1607927.56337369
2011-09-30,5872400.78711023,2298264.46391546,18277265.729986425,756369.125810983,10802700.5417698,-4133445.78957929,3385652.27743964,541978.784027824,56599.0502307538,11,43,,,,12103621.13570999,5759382.14166277,1469026.64549663,78895.6457762023,118998.499359998,,118998.499359998,,-455892.010489511,-670106.328671329,81,,739217.89846833,-1938088.68971975,7872413.350277571,57456.6115978864,35160.016052438,1589918.7746639,67747.348003478,7417048.26433014,-1938088.68971975,15436.104608387366,-4074274.05524714,,-1938088.68971975,2377160.10969166,2339427.40953782,,,1633654.404387663,2572.6841013979,5207970.18259648,13720.9818741221,-25929.7741434981,103116.056345312,-25929.774143497692,18008.7887097853,77186.2822018143,82418.14121285,-160363.975653802,113198.100461508,1607927.56337369
2011-12-30,5872400.78711023,2298264.46391546,18277265.729986425,756369.125810983,10802700.5417698,-4133445.78957929,3385652.27743964,541978.784027824,56599.0502307538,11,44,,,,12103621.13570999,5759382.14166277,1469026.64549663,78895.6457762023,118998.499359998,,118998.499359998,,-455892.010489511,-670106.328671329,81,,739217.89846833,-1938088.68971975,7872413.350277571,57456.6115978864,35160.016052438,1589918.7746639,67747.348003478,7417048.26433014,-1938088.68971975,15436.104608387366,-4074274.05524714,,-1938088.68971975,2377160.10969166,2339427.40953782,,,1633654.404387663,2572.6841013979,5207970.18259648,13720.9818741221,-25929.7741434981,103116.056345312,-25929.774143497692,18008.7887097853,77186.2822018143,82418.14121285,-160363.975653802,113198.100461508,1607927.56337369
2011-12-31,5872400.78711023,2298264.46391546,18277265.729986425,756369.125810983,10802700.5417698,-4133445.78957929,3385652.27743964,541978.784027824,56599.0502307538,11,44,,,,12103621.13570999,5759382.14166277,1469026.64549663,78895.6457762023,118998.499359998,,118998.499359998,,-455892.010489511,-670106.328671329,81,,739217.89846833,-1938088.68971975,7872413.350277571,57456.6115978864,35160.016052438,1589918.7746639,67747.348003478,7417048.26433014,-1938088.68971975,15436.104608387366,-4074274.05524714,,-1938088.68971975,2377160.10969166,2339427.40953782,,,1633654.404387663,2572.6841013979,5207970.18259648,13720.9818741221,-25929.7741434981,103116.056345312,-25929.774143497692,18008.7887097853,77186.2822018143,82418.14121285,-160363.975653802,113198.100461508,1607927.56337369
2012-03-30,5872400.78711023,821615.611650485,18277265.729986425,761619.339805825,9710229.94174757,-911610.019417476,458304.854368932,146657.553398058,86661.2815533981,12,45,,,,15654027.26213593,7417039.10679612,1469026.64549663,234985.398058252,118998.499359998,,118998.499359998,,-455892.010489511,-670106.328671329,81,,561631.766990291,-2771494.44660194,7080393.359223304,184988.504854369,14999.0679611651,1767390.17475728,67495.8058252427,9251925.08737864,-2771494.44660194,12499.2233009709,-1291586.40776699,,-2771494.44660194,3182302.25242718,3071475.80582524,,,372476.8543689319,12499.2233009709,5207970.18259648,13720.9818741221,-25929.7741434981,103116.056345312,-25929.774143497692,6666.25242718447,77186.2822018143,82418.14121285,-282482.446601942,176655.689320388,1785722.36893204
2012-03-31,5872400.78711023,821615.611650485,18277265.729986425,761619.339805825,9710229.94174757,-911610.019417476,458304.854368932,146657.553398058,86661.2815533981,12,45,,,,15654027.26213593,7417039.10679612,1469026.64549663,234985.398058252,118998.499359998,,118998.499359998,,-455892.010489511,-670106.328671329,81,,561631.766990291,-2771494.44660194,7080393.359223304,184988.504854369,14999.0679611651,1767390.17475728,67495.8058252427,9251925.08737864,-2771494.44660194,12499.2233009709,-1291586.40776699,,-2771494.44660194,3182302.25242718,3071475.80582524,,,372476.8543689319,12499.2233009709,5207970.18259648,13720.9818741221,-25929.7741434981,103116.056345312,-25929.774143497692,6666.25242718447,77186.2822018143,82418.14121285,-282482.446601942,176655.689320388,1785722.36893204
2012-06-30,5872400.78711023,821615.611650485,18277265.729986425,761619.339805825,9710229.94174757,-911610.019417476,458304.854368932,146657.553398058,86661.2815533981,12,46,,,,15654027.26213593,7417039.10679612,1469026.64549663,234985.398058252,118998.499359998,,118998.499359998,,-455892.010489511,-670106.328671329,81,,561631.766990291,-2771494.44660194,7080393.359223304,184988.504854369,14999.0679611651,1767390.17475728,67495.8058252427,9251925.08737864,-2771494.44660194,12499.2233009709,-1291586.40776699,,-2771494.44660194,3182302.25242718,3071475.80582524,,,372476.8543689319,12499.2233009709,5207970.18259648,13720.9818741221,-25929.7741434981,103116.056345312,-25929.774143497692,6666.25242718447,77186.2822018143,82418.14121285,-282482.446601942,176655.689320388,1785722.36893204
2012-09-28,5872400.78711023,821615.611650485,18277265.729986425,761619.339805825,9710229.94174757,-911610.019417476,458304.854368932,146657.553398058,86661.2815533981,12,47,,,,15654027.26213593,7417039.10679612,1469026.64549663,234985.398058252,118998.499359998,,118998.499359998,,-455892.010489511,-670106.328671329,81,,561631.766990291,-2771494.44660194,7080393.359223304,184988.504854369,14999.0679611651,1767390.17475728,67495.8058252427,9251925.08737864,-2771494.44660194,12499.2233009709,-1291586.40776699,,-2771494.44660194,3182302.25242718,3071475.80582524,,,372476.8543689319,12499.2233009709,5207970.18259648,13720.9818741221,-25929.7741434981,103116.056345312,-25929.774143497692,6666.25242718447,77186.2822018143,82418.14121285,-282482.446601942,176655.689320388,1785722.36893204
2012-09-30,5872400.78711023,821615.611650485,18277265.729986425,761619.339805825,9710229.94174757,-911610.019417476,458304.854368932,146657.553398058,86661.2815533981,12,47,,,,15654027.26213593,7417039.10679612,1469026.64549663,234985.398058252,118998.499359998,,118998.499359998,,-455892.010489511,-670106.328671329,81,,561631.766990291,-2771494.44660194,7080393.359223304,184988.504854369,14999.0679611651,1767390.17475728,67495.8058252427,9251925.08737864,-2771494.44660194,12499.2233009709,-1291586.40776699,,-2771494.44660194,3182302.25242718,3071475.80582524,,,372476.8543689319,12499.2233009709,5207970.18259648,13720.9818741221,-25929.7741434981,103116.056345312,-25929.774143497692,6666.25242718447,77186.2822018143,82418.14121285,-282482.446601942,176655.689320388,1785722.36893204
2012-12-30,5872400.78711023,821615.611650485,18277265.729986425,761619.339805825,9710229.94174757,-911610.019417476,458304.854368932,146657.553398058,86661.2815533981,12,48,,,,15654027.26213593,7417039.10679612,1469026.64549663,234985.398058252,118998.499359998,,118998.499359998,,-455892.010489511,-670106.328671329,81,,561631.766990291,-2771494.44660194,7080393.359223304,184988.504854369,14999.0679611651,1767390.17475728,67495.8058252427,9251925.08737864,-2771494.44660194,12499.2233009709,-1291586.40776699,,-2771494.44660194,3182302.25242718,3071475.80582524,,,372476.8543689319,12499.2233009709,5207970.18259648,13720.9818741221,-25929.7741434981,103116.056345312,-25929.774143497692,6666.25242718447,77186.2822018143,82418.14121285,-282482.446601942,176655.689320388,1785722.36893204
2012-12-31,5872400.78711023,821615.611650485,18277265.729986425,761619.339805825,9710229.94174757,-911610.019417476,458304.854368932,146657.553398058,86661.2815533981,12,48,,,,15654027.26213593,7417039.10679612,1469026.64549663,234985.398058252,118998.499359998,,118998.499359998,,-455892.010489511,-670106.328671329,81,,561631.766990291,-2771494.44660194,7080393.359223304,184988.504854369,14999.0679611651,1767390.17475728,67495.8058252427,9251925.08737864,-2771494.44660194,12499.2233009709,-1291586.40776699,,-2771494.44660194,3182302.25242718,3071475.80582524,,,372476.8543689319,12499.2233009709,5207970.18259648,13720.9818741221,-25929.7741434981,103116.056345312,-25929.774143497692,6666.25242718447,77186.2822018143,82418.14121285,-282482.446601942,176655.689320388,1785722.36893204
2013-03-30,5872400.78711023,1119600.55150939,18277265.729986425,984826.300928858,11541871.9653789,-712030.22746464,645454.995250158,112041.244458518,445729.298606713,13,49,,,,17983431.62866793,8451806.91893603,1469026.64549663,1230018.00981634,118998.499359998,,118998.499359998,,-455892.010489511,-670106.328671329,81,,394580.034832172,-4846189.7693688,5813966.3157061385,453848.229364577,43842.2260924636,2377222.92590247,67387.1252902681,10896416.9701288,-4846189.7693688,27604.36457673637,-3116045.62486806,,-4846189.7693688,4967973.73073675,4260002.96865105,,,448164.9778340718,129090.999050032,3258126.91313067,13720.9818741221,-25929.7741434981,103116.056345312,-25929.774143497692,6666.25242718447,77186.2822018143,423808.185560481,-302024.224192527,159942.935929913,2812397.61452396
2013-03-31,5872400.78711023,1119600.55150939,18277265.729986425,984826.300928858,11541871.9653789,-712030.22746464,645454.995250158,112041.244458518,445729.298606713,13,49,,,,17983431.62866793,8451806.91893603,1469026.64549663,1230018.00981634,118998.499359998,,118998.499359998,,-455892.010489511,-670106.328671329,81,,394580.034832172,-4846189.7693688,5813966.3157061385,453848.229364577,43842.2260924636,2377222.92590247,67387.1252902681,10896416.9701288,-4846189.7693688,27604.36457673637,-3116045.62486806,,-4846189.7693688,4967973.73073675,4260002.96865105,,,448164.9778340718,129090.999050032,3258126.91313067,13720.9818741221,-25929.7741434981,103116.056345312,-25929.774143497692,6666.25242718447,77186.2822018143,423808.185560481,-302024.224192527,159942.935929913,2812397.61452396
2013-06-30,5872400.78711023,1119600.55150939,18277265.729986425,984826.300928858,11541871.9653789,-712030.22746464,645454.995250158,112041.244458518,445729.298606713,13,50,,,,17983431.62866793,8451806.91893603,1469026.64549663,1230018.00981634,118998.499359998,,118998.499359998,,-455892.010489511,-670106.328671329,81,,394580.034832172,-4846189.7693688,5813966.3157061385,453848.229364577,43842.2260924636,2377222.92590247,67387.1252902681,10896416.9701288,-4846189.7693688,27604.36457673637,-3116045.62486806,,-4846189.7693688,4967973.73073675,4260002.96865105,,,448164.9778340718,129090.999050032,3258126.91313067,13720.9818741221,-25929.7741434981,103116.056345312,-25929.774143497692,6666.25242718447,77186.2822018143,423808.185560481,-302024.224192527,159942.935929913,2812397.61452396
2013-09-30,5872400.78711023,1119600.55150939,18277265.729986425,984826.300928858,11541871.9653789,-712030.22746464,645454.995250158,112041.244458518,445729.298606713,13,51,,,,17983431.62866793,8451806.91893603,1469026.64549663,1230018.00981634,118998.499359998,,118998.499359998,,-455892.010489511,-670106.328671329,81,,394580.034832172,-4846189.7693688,5813966.3157061385,453848.229364577,43842.2260924636,2377222.92590247,67387.1252902681,10896416.9701288,-4846189.7693688,27604.36457673637,-3116045.62486806,,-4846189.7693688,4967973.73073675,4260002.96865105,,,448164.9778340718,129090.999050032,3258126.91313067,13720.9818741221,-25929.7741434981,103116.056345312,-25929.774143497692,6666.25242718447,77186.2822018143,423808.185560481,-302024.224192527,159942.935929913,2812397.61452396
2013-12-30,5872400.78711023,1119600.55150939,18277265.729986425,984826.300928858,11541871.9653789,-712030.22746464,645454.995250158,112041.244458518,445729.298606713,13,52,,,,17983431.62866793,8451806.91893603,1469026.64549663,1230018.00981634,118998.499359998,,118998.499359998,,-455892.010489511,-670106.328671329,81,,394580.034832172,-4846189.7693688,5813966.3157061385,453848.229364577,43842.2260924636,2377222.92590247,67387.1252902681,10896416.9701288,-4846189.7693688,27604.36457673637,-3116045.62486806,,-4846189.7693688,4967973.73073675,4260002.96865105,,,448164.9778340718,129090.999050032,3258126.91313067,13720.9818741221,-25929.7741434981,103116.056345312,-25929.774143497692,6666.25242718447,77186.2822018143,423808.185560481,-302024.224192527,159942.935929913,2812397.61452396
2013-12-31,5872400.78711023,1119600.55150939,18277265.729986425,984826.300928858,11541871.9653789,-712030.22746464,645454.995250158,112041.244458518,445729.298606713,13,52,,,,17983431.62866793,8451806.91893603,1469026.64549663,1230018.00981634,118998.499359998,,118998.499359998,,-455892.010489511,-670106.328671329,81,,394580.034832172,-4846189.7693688,5813966.3157061385,453848.229364577,43842.2260924636,2377222.92590247,67387.1252902681,10896416.9701288,-4846189.7693688,27604.36457673637,-3116045.62486806,,-4846189.7693688,4967973.73073675,4260002.96865105,,,448164.9778340718,129090.999050032,3258126.91313067,13720.9818741221,-25929.7741434981,103116.056345312,-25929.774143497692,6666.25242718447,77186.2822018143,423808.185560481,-302024.224192527,159942.935929913,2812397.61452396
2014-03-30,5872400.78711023,2637572.87571817,18277265.729986425,2568665.55790747,17642763.9854853,-976325.370426368,7284250.68037496,367782.431206532,655864.832174176,14,53,,,,13711726.03568189,6312076.3531902,1469026.64549663,1554150.5896583,118998.499359998,,118998.499359998,,-455892.010489511,-670106.328671329,81,,247402.177199879,-5183822.80012096,7538294.5267614145,1124932.71847596,116229.210765044,3979190.05140611,67246.9005140611,10358513.3051104,-5183822.80012096,18264.59026307836,-3003694.88962806,,-5183822.80012096,5677796.94587239,4159345.32809193,,,1002061.838524342,792019.050498942,4155194.28485032,13720.9818741221,-25929.7741434981,103116.056345312,-25929.774143497692,6666.25242718447,77186.2822018143,381065.76957968,-249062.594496523,195929.241003931,2955542.7880254
2014-03-31,5872400.78711023,2637572.87571817,18277265.729986425,2568665.55790747,17642763.9854853,-976325.370426368,7284250.68037496,367782.431206532,655864.832174176,14,53,,,,13711726.03568189,6312076.3531902,1469026.64549663,1554150.5896583,118998.499359998,,118998.499359998,,-2735399.62783354,-4004462.35479869,81,,247402.177199879,-5183822.80012096,7538294.5267614145,1124932.71847596,116229.210765044,3979190.05140611,67246.9005140611,10358513.3051104,-5183822.80012096,18264.59026307836,-3003694.88962806,,-5183822.80012096,5677796.94587239,4159345.32809193,,,1002061.838524342,792019.050498942,4155194.28485032,13720.9818741221,-25929.7741434981,103116.056345312,-25929.774143497692,6666.25242718447,77186.2822018143,381065.76957968,-249062.594496523,195929.241003931,2955542.7880254
2014-09-26,5872400.78711023,2637572.87571817,18277265.729986425,2568665.55790747,17642763.9854853,-976325.370426368,7284250.68037496,367782.431206532,655864.832174176,14,54,,,,13711726.03568189,6312076.3531902,1469026.64549663,1554150.5896583,118998.499359998,,118998.499359998,,-2735399.62783354,-4004462.35479869,81,,247402.177199879,-5183822.80012096,7538294.5267614145,1124932.71847596,116229.210765044,3979190.05140611,67246.9005140611,10358513.3051104,-5183822.80012096,18264.59026307836,-3003694.88962806,,-5183822.80012096,5677796.94587239,4159345.32809193,,,1002061.838524342,792019.050498942,4155194.28485032,13720.9818741221,-25929.7741434981,103116.056345312,-25929.774143497692,6666.25242718447,77186.2822018143,381065.76957968,-249062.594496523,195929.241003931,2955542.7880254
2014-09-30,5872400.78711023,2637572.87571817,18277265.729986425,2568665.55790747,17642763.9854853,-976325.370426368,7284250.68037496,367782.431206532,655864.832174176,14,55,,,,13711726.03568189,6312076.3531902,1469026.64549663,1554150.5896583,118998.499359998,,118998.499359998,,-2735399.62783354,-4004462.35479869,81,,247402.177199879,-5183822.80012096,7538294.5267614145,1124932.71847596,116229.210765044,3979190.05140611,67246.9005140611,10358513.3051104,-5183822.80012096,18264.59026307836,-3003694.88962806,,-5183822.80012096,5677796.94587239,4159345.32809193,,,1002061.838524342,792019.050498942,4155194.28485032,13720.9818741221,-25929.7741434981,103116.056345312,-25929.774143497692,6666.25242718447,77186.2822018143,381065.76957968,-249062.594496523,195929.241003931,2955542.7880254
2014-12-30,5872400.78711023,2637572.87571817,18277265.729986425,2568665.55790747,17642763.9854853,-976325.370426368,7284250.68037496,367782.431206532,655864.832174176,14,56,,,,13711726.03568189,6312076.3531902,1469026.64549663,1554150.5896583,118998.499359998,,118998.499359998,,-2735399.62783354,-4004462.35479869,81,,247402.177199879,-5183822.80012096,7538294.5267614145,1124932.71847596,116229.210765044,3979190.05140611,67246.9005140611,10358513.3051104,-5183822.80012096,18264.59026307836,-3003694.88962806,,-5183822.80012096,5677796.94587239,4159345.32809193,,,1002061.838524342,792019.050498942,4155194.28485032,13720.9818741221,-25929.7741434981,103116.056345312,-25929.774143497692,6666.25242718447,77186.2822018143,381065.76957968,-249062.594496523,195929.241003931,2955542.7880254
2014-12-31,5872400.78711023,2637572.87571817,18277265.729986425,2568665.55790747,17642763.9854853,-976325.370426368,7284250.68037496,367782.431206532,655864.832174176,14,56,,,,13711726.03568189,6312076.3531902,1469026.64549663,1554150.5896583,118998.499359998,,118998.499359998,,-2735399.62783354,-4004462.35479869,81,,247402.177199879,-5183822.80012096,7538294.5267614145,1124932.71847596,116229.210765044,3979190.05140611,67246.9005140611,10358513.3051104,-5183822.80012096,18264.59026307836,-3003694.88962806,,-5183822.80012096,5677796.94587239,4159345.32809193,,,1002061.838524342,792019.050498942,4155194.28485032,13720.9818741221,-25929.7741434981,103116.056345312,-25929.774143497692,6666.25242718447,77186.2822018143,381065.76957968,-249062.594496523,195929.241003931,2955542.7880254
2015-03-30,5872400.78711023,2637572.87571817,18277265.729986425,2568665.55790747,17642763.9854853,-976325.370426368,7284250.68037496,367782.431206532,655864.832174176,15,57,,,,13711726.03568189,6312076.3531902,1469026.64549663,1554150.5896583,118998.499359998,,118998.499359998,,-2735399.62783354,-4004462.35479869,81,,247402.177199879,-5183822.80012096,7538294.5267614145,1124932.71847596,116229.210765044,3979190.05140611,67246.9005140611,10358513.3051104,-5183822.80012096,18264.59026307836,-3003694.88962806,,-5183822.80012096,5677796.94587239,4159345.32809193,,,1002061.838524342,792019.050498942,4155194.28485032,13720.9818741221,-25929.7741434981,103116.056345312,-25929.774143497692,6666.25242718447,77186.2822018143,381065.76957968,-249062.594496523,195929.241003931,2955542.7880254
2015-03-31,5872400.78711023,2637572.87571817,18277265.729986425,2568665.55790747,17642763.9854853,-976325.370426368,7284250.68037496,367782.431206532,655864.832174176,15,57,,,,13711726.03568189,6312076.3531902,1469026.64549663,1554150.5896583,118998.499359998,,118998.499359998,,-2735399.62783354,-4004462.35479869,81,,247402.177199879,-5183822.80012096,7538294.5267614145,1124932.71847596,116229.210765044,3979190.05140611,67246.9005140611,10358513.3051104,-5183822.80012096,18264.59026307836,-3003694.88962806,,-5183822.80012096,5677796.94587239,4159345.32809193,,,1002061.838524342,792019.050498942,4155194.28485032,13720.9818741221,-25929.7741434981,103116.056345312,-25929.774143497692,6666.25242718447,77186.2822018143,381065.76957968,-249062.594496523,195929.241003931,2955542.7880254
2015-06-30,5872400.78711023,2637572.87571817,18277265.729986425,2568665.55790747,17642763.9854853,-976325.370426368,7284250.68037496,367782.431206532,655864.832174176,15,58,,,,13711726.03568189,6312076.3531902,1469026.64549663,1554150.5896583,118998.499359998,,118998.499359998,,-2446766.27088368,-3840591.96175265,81,,247402.177199879,-5183822.80012096,7538294.5267614145,1124932.71847596,116229.210765044,3979190.05140611,67246.9005140611,10358513.3051104,-5183822.80012096,18264.59026307836,-3003694.88962806,,-5183822.80012096,5677796.94587239,4159345.32809193,,,1002061.838524342,792019.050498942,4155194.28485032,13720.9818741221,-25929.7741434981,103116.056345312,-25929.774143497692,6666.25242718447,77186.2822018143,381065.76957968,-249062.594496523,195929.241003931,2955542.7880254
2015-09-25,5872400.78711023,4519410.29456239,18277265.729986425,1471255.25917861,19203998.1612533,-293629.613500272,3702995.68136454,742618.810863122,4460373.65269461,15,58,,,,24204246.3678703,11408831.0409484,1469026.64549663,1537283.08232021,118998.499359998,,118998.499359998,,-2446766.27088368,-3840591.96175265,81,,85447.7711244178,-5071713.61519386,6113399.624992442,1215688.74372467,73019.0044154116,4027697.21163733,64474.2273029698,15501002.4798887,-5071713.61519386,-138270.0296376948,-4574562.94683361,,-5071713.61519386,4883728.51872014,3015529.52277264,,,2488860.533478497,5600712.99824593,1472032.05709793,-146038.008830823,-25929.7741434981,103116.056345312,-25929.774143497692,6666.25242718447,77186.2822018143,324701.530272788,-208958.640295167,145261.21091151,3118066.84812194
2015-09-30,5872400.78711023,4519410.29456239,18277265.729986425,1471255.25917861,19203998.1612533,-293629.613500272,3702995.68136454,742618.810863122,4460373.65269461,15,59,,,,24204246.3678703,11408831.0409484,1469026.64549663,1537283.08232021,118998.499359998,,118998.499359998,,-2446766.27088368,-3840591.96175265,81,,85447.7711244178,-5071713.61519386,6113399.624992442,1215688.74372467,73019.0044154116,4027697.21163733,64474.2273029698,15501002.4798887,-5071713.61519386,-138270.0296376948,-4574562.94683361,,-5071713.61519386,4883728.51872014,3015529.52277264,,,2488860.533478497,5600712.99824593,1472032.05709793,-146038.008830823,-25929.7741434981,103116.056345312,-25929.774143497692,6666.25242718447,77186.2822018143,324701.530272788,-208958.640295167,145261.21091151,3118066.84812194
2015-12-30,5872400.78711023,4519410.29456239,18277265.729986425,1471255.25917861,19203998.1612533,-293629.613500272,3702995.68136454,742618.810863122,4460373.65269461,15,60,,,,24204246.3678703,11408831.0409484,1469026.64549663,1537283.08232021,118998.499359998,,118998.499359998,,-2446766.27088368,-3840591.96175265,81,,85447.7711244178,-5071713.61519386,6113399.624992442,1215688.74372467,73019.0044154116,4027697.21163733,64474.2273029698,15501002.4798887,-5071713.61519386,-138270.0296376948,-4574562.94683361,,-5071713.61519386,4883728.51872014,3015529.52277264,,,2488860.533478497,5600712.99824593,1472032.05709793,-146038.008830823,-25929.7741434981,103116.056345312,-25929.774143497692,6666.25242718447,77186.2822018143,324701.530272788,-208958.640295167,145261.21091151,3118066.84812194
2015-12-31,5872400.78711023,4519410.29456239,18277265.729986425,1471255.25917861,19203998.1612533,-293629.613500272,3702995.68136454,742618.810863122,4460373.65269461,15,60,,,,24204246.3678703,11408831.0409484,1469026.64549663,1537283.08232021,118998.499359998,,118998.499359998,,-2446766.27088368,-3840591.96175265,81,,85447.7711244178,-5071713.61519386,6113399.624992442,1215688.74372467,73019.0044154116,4027697.21163733,64474.2273029698,15501002.4798887,-5071713.61519386,-138270.0296376948,-4574562.94683361,,-5071713.61519386,4883728.51872014,3015529.52277264,,,2488860.533478497,5600712.99824593,1472032.05709793,-146038.008830823,-25929.7741434981,103116.056345312,-25929.774143497692,6666.25242718447,77186.2822018143,324701.530272788,-208958.640295167,145261.21091151,3118066.84812194
2016-03-30,5872400.78711023,4519410.29456239,18277265.729986425,1471255.25917861,19203998.1612533,-293629.613500272,3702995.68136454,742618.810863122,4460373.65269461,16,61,,,,24204246.3678703,11408831.0409484,1469026.64549663,1537283.08232021,118998.499359998,,118998.499359998,,-2446766.27088368,-3840591.96175265,81,,85447.7711244178,-5071713.61519386,6113399.624992442,1215688.74372467,73019.0044154116,4027697.21163733,64474.2273029698,15501002.4798887,-5071713.61519386,-138270.0296376948,-4574562.94683361,,-5071713.61519386,4883728.51872014,3015529.52277264,,,2488860.533478497,5600712.99824593,1472032.05709793,-146038.008830823,-25929.7741434981,103116.056345312,-25929.774143497692,6666.25242718447,77186.2822018143,324701.530272788,-208958.640295167,145261.21091151,3118066.84812194
2016-03-31,5872400.78711023,4519410.29456239,18277265.729986425,1471255.25917861,19203998.1612533,-293629.613500272,3702995.68136454,742618.810863122,4460373.65269461,16,61,,,,24204246.3678703,11408831.0409484,1469026.64549663,1537283.08232021,118998.499359998,,118998.499359998,,-2446766.27088368,-3840591.96175265,81,,85447.7711244178,-5071713.61519386,6113399.624992442,1215688.74372467,73019.0044154116,4027697.21163733,64474.2273029698,15501002.4798887,-5071713.61519386,-138270.0296376948,-4574562.94683361,,-5071713.61519386,4883728.51872014,3015529.52277264,,,2488860.533478497,5600712.99824593,1472032.05709793,-146038.008830823,-25929.7741434981,103116.056345312,-25929.774143497692,6666.25242718447,77186.2822018143,324701.530272788,-208958.640295167,145261.21091151,3118066.84812194
2016-06-30,5872400.78711023,7020188.79030419,18277265.729986425,2607793.44272977,24047112.5204983,-3024126.67108307,114952.183403742,2150195.32802641,5362224.60659637,16,62,,,,39271644.964759305,19234595.1499224,1469026.64549663,1462692.84651557,118998.499359998,,118998.499359998,,-7568208.65033872,-8984127.04533611,81,,140005.864401994,-11978607.0090464,5905299.985881997,1734598.97264365,342645.931299617,4697565.18717216,64474.2273029698,23932160.3370945,-11978607.0090464,-1904079.755867114,-10114318.3935883,,-11978607.0090464,7673058.2421998,4963576.32953595,,,2998336.1171142817,5892036.27241233,7852855.24701078,-88424.7564644172,-25929.7741434981,103116.056345312,-25929.774143497692,6666.25242718447,77186.2822018143,481914.922731074,-610130.819604479,165059.545400245,5382857.0497714
2016-09-30,5872400.78711023,7020188.79030419,18277265.729986425,2607793.44272977,24047112.5204983,-3024126.67108307,114952.183403742,2150195.32802641,5362224.60659637,16,63,,,,39271644.964759305,19234595.1499224,1469026.64549663,1462692.84651557,118998.499359998,,118998.499359998,,-7568208.65033872,-8984127.04533611,81,,140005.864401994,-11978607.0090464,5905299.985881997,1734598.97264365,342645.931299617,4697565.18717216,64474.2273029698,23932160.3370945,-11978607.0090464,-1904079.755867114,-10114318.3935883,,-11978607.0090464,7673058.2421998,4963576.32953595,,,2998336.1171142817,5892036.27241233,7852855.24701078,-88424.7564644172,-25929.7741434981,103116.056345312,-25929.774143497692,6666.25242718447,77186.2822018143,481914.922731074,-610130.819604479,165059.545400245,5382857.0497714
2016-12-30,5872400.78711023,7020188.79030419,18277265.729986425,2607793.44272977,24047112.5204983,-3024126.67108307,114952.183403742,2150195.32802641,5362224.60659637,16,64,,,,39271644.964759305,19234595.1499224,1469026.64549663,1462692.84651557,118998.499359998,,118998.499359998,,-7568208.65033872,-8984127.04533611,81,,140005.864401994,-11978607.0090464,5905299.985881997,1734598.97264365,342645.931299617,4697565.18717216,64474.2273029698,23932160.3370945,-11978607.0090464,-1904079.755867114,-10114318.3935883,,-11978607.0090464,7673058.2421998,4963576.32953595,,,2998336.1171142817,5892036.27241233,7852855.24701078,-88424.7564644172,-25929.7741434981,103116.056345312,-25929.774143497692,6666.25242718447,77186.2822018143,481914.922731074,-610130.819604479,165059.545400245,5382857.0497714
2016-12-31,5872400.78711023,7020188.79030419,18277265.729986425,2607793.44272977,24047112.5204983,-3024126.67108307,114952.183403742,2150195.32802641,5362224.60659637,16,64,,,,39271644.964759305,19234595.1499224,1469026.64549663,1462692.84651557,118998.499359998,,118998.499359998,,-7568208.65033872,-8984127.04533611,81,,140005.864401994,-11978607.0090464,5905299.985881997,1734598.97264365,342645.931299617,4697565.18717216,64474.2273029698,23932160.3370945,-11978607.0090464,-1904079.755867114,-10114318.3935883,,-11978607.0090464,7673058.2421998,4963576.32953595,,,2998336.1171142817,5892036.27241233,7852855.24701078,-88424.7564644172,-25929.7741434981,103116.056345312,-25929.774143497692,6666.25242718447,77186.2822018143,481914.922731074,-610130.819604479,165059.545400245,5382857.0497714
2017-03-30,5872400.78711023,7020188.79030419,18277265.729986425,2607793.44272977,24047112.5204983,-3024126.67108307,114952.183403742,2150195.32802641,5362224.60659637,17,65,,,,39271644.964759305,19234595.1499224,1469026.64549663,1462692.84651557,118998.499359998,,118998.499359998,,-7568208.65033872,-8984127.04533611,81,,140005.864401994,-11978607.0090464,5905299.985881997,1734598.97264365,342645.931299617,4697565.18717216,64474.2273029698,23932160.3370945,-11978607.0090464,-1904079.755867114,-10114318.3935883,,-11978607.0090464,7673058.2421998,4963576.32953595,,,2998336.1171142817,5892036.27241233,7852855.24701078,-88424.7564644172,-25929.7741434981,103116.056345312,-25929.774143497692,6666.25242718447,77186.2822018143,481914.922731074,-610130.819604479,165059.545400245,5382857.0497714
2017-03-31,5872400.78711023,7020188.79030419,18277265.729986425,2607793.44272977,24047112.5204983,-3024126.67108307,114952.183403742,2150195.32802641,5362224.60659637,17,65,,,,39271644.964759305,19234595.1499224,1469026.64549663,1462692.84651557,118998.499359998,,118998.499359998,,-7568208.65033872,-8984127.04533611,81,,140005.864401994,-11978607.0090464,5905299.985881997,1734598.97264365,342645.931299617,4697565.18717216,64474.2273029698,23932160.3370945,-11978607.0090464,-1904079.755867114,-10114318.3935883,,-11978607.0090464,7673058.2421998,4963576.32953595,,,2998336.1171142817,5892036.27241233,7852855.24701078,-88424.7564644172,-25929.7741434981,103116.056345312,-25929.774143497692,6666.25242718447,77186.2822018143,481914.922731074,-610130.819604479,165059.545400245,5382857.0497714
2017-06-30,5872400.78711023,7020188.79030419,18277265.729986425,2607793.44272977,24047112.5204983,-3024126.67108307,114952.183403742,2150195.32802641,5362224.60659637,17,66,,,,39271644.964759305,19234595.1499224,1469026.64549663,1462692.84651557,118998.499359998,,118998.499359998,,-7568208.65033872,-8984127.04533611,81,,140005.864401994,-11978607.0090464,5905299.985881997,1734598.97264365,342645.931299617,4697565.18717216,64474.2273029698,23932160.3370945,-11978607.0090464,-1904079.755867114,-10114318.3935883,,-11978607.0090464,7673058.2421998,4963576.32953595,,,2998336.1171142817,5892036.27241233,7852855.24701078,-88424.7564644172,-25929.7741434981,103116.056345312,-25929.774143497692,6666.25242718447,77186.2822018143,481914.922731074,-610130.819604479,165059.545400245,5382857.0497714
2017-09-29,5872400.78711023,12762977.9646762,18277265.729986425,3139610.76534903,80020871.9932716,-13301586.5433137,2287382.00168209,7107587.88898234,9379629.77291842,17,67,,,,141140162.2371741,68970873.843566,1469026.64549663,9789551.80824222,118998.499359998,,118998.499359998,,-7568208.65033872,-8984127.04533611,123,,33595710.0925147,-36063764.5920942,140215494.0285954,2935928.09083263,1055911.43818335,8762616.14802355,64474.2273029698,77733489.9915896,-36063764.5920942,-411626.4928511352,-22902795.7947855,,-39346549.7897393,32569626.6610597,24153015.3910849,,,2329141.2111017667,9614844.9116905,36335625.567704,-5154279.5626577,-25929.7741434981,103116.056345312,-25929.774143497692,6666.25242718447,77186.2822018143,629797.056349874,-4628454.41547519,371571.740958789,13659522.6240538
2017-09-30,5872400.78711023,12762977.9646762,18277265.729986425,3139610.76534903,80020871.9932716,-13301586.5433137,2287382.00168209,7107587.88898234,9379629.77291842,17,67,,,,141140162.2371741,68970873.843566,1469026.64549663,9789551.80824222,118998.499359998,,118998.499359998,,-7568208.65033872,-8984127.04533611,123,,33595710.0925147,-36063764.5920942,140215494.0285954,2935928.09083263,1055911.43818335,8762616.14802355,64474.2273029698,77733489.9915896,-36063764.5920942,-411626.4928511352,-22902795.7947855,,-39346549.7897393,32569626.6610597,24153015.3910849,,,2329141.2111017667,9614844.9116905,36335625.567704,-5154279.5626577,-25929.7741434981,103116.056345312,-25929.774143497692,6666.25242718447,77186.2822018143,629797.056349874,-4628454.41547519,371571.740958789,13659522.6240538
2017-12-30,5872400.78711023,12762977.9646762,18277265.729986425,3139610.76534903,80020871.9932716,-13301586.5433137,2287382.00168209,7107587.88898234,9379629.77291842,17,68,,,,141140162.2371741,68970873.843566,1469026.64549663,9789551.80824222,118998.499359998,,118998.499359998,,-7568208.65033872,-8984127.04533611,123,,33595710.0925147,-36063764.5920942,140215494.0285954,2935928.09083263,1055911.43818335,8762616.14802355,64474.2273029698,77733489.9915896,-36063764.5920942,-411626.4928511352,-22902795.7947855,,-39346549.7897393,32569626.6610597,24153015.3910849,,,2329141.2111017667,9614844.9116905,36335625.567704,-5154279.5626577,-25929.7741434981,103116.056345312,-25929.774143497692,6666.25242718447,77186.2822018143,629797.056349874,-4628454.41547519,371571.740958789,13659522.6240538
2017-12-31,5872400.78711023,12762977.9646762,18277265.729986425,3139610.76534903,80020871.9932716,-13301586.5433137,2287382.00168209,7107587.88898234,9379629.77291842,17,68,,,,141140162.2371741,68970873.843566,1469026.64549663,9789551.80824222,118998.499359998,,118998.499359998,,-7568208.65033872,-8984127.04533611,123,,33595710.0925147,-36063764.5920942,140215494.0285954,2935928.09083263,1055911.43818335,8762616.14802355,64474.2273029698,77733489.9915896,-36063764.5920942,-411626.4928511352,-22902795.7947855,,-39346549.7897393,32569626.6610597,24153015.3910849,,,2329141.2111017667,9614844.9116905,36335625.567704,-5154279.5626577,-25929.7741434981,103116.056345312,-25929.774143497692,6666.25242718447,77186.2822018143,629797.056349874,-4628454.41547519,371571.740958789,13659522.6240538
2018-03-30,5872400.78711023,17645049.843452,18277265.729986425,5631323.32865489,113272785.883087,-13774236.3935174,-20606754.8134019,6388617.7948921,9940710.5960821,18,69,,,,235586051.8947709,111311632.92187,811450.342486295,13204267.991027,118998.499359998,,118998.499359998,,-7568208.65033872,-8984127.04533611,166,,26922572.9057953,-35599054.5218987,134142329.8664844,5332134.30740994,609031.657489714,22567907.7746188,64474.2273029698,133879540.696489,-35599054.5218987,-266340.374995501,-24856659.3970802,,-39923534.4105757,46640638.6679622,34113763.0306738,,,5655293.962404478,19073522.0546778,13217585.0097768,-8692462.03860318,-25929.7741434981,103116.056345312,-25929.774143497692,6666.25242718447,77186.2822018143,1208297.50122959,-8158005.68611221,938405.92123415,23855219.5870971
2018-03-31,5872400.78711023,17645049.843452,18277265.729986425,5631323.32865489,113272785.883087,-13774236.3935174,-20606754.8134019,6388617.7948921,9940710.5960821,18,69,,,,235586051.8947709,111311632.92187,811450.342486295,13204267.991027,118998.499359998,,118998.499359998,,-7568208.65033872,-8984127.04533611,166,,26922572.9057953,-35599054.5218987,134142329.8664844,5332134.30740994,609031.657489714,22567907.7746188,64474.2273029698,133879540.696489,-35599054.5218987,-266340.374995501,-24856659.3970802,,-39923534.4105757,46640638.6679622,34113763.0306738,,,5655293.962404478,19073522.0546778,13217585.0097768,-8692462.03860318,-25929.7741434981,103116.056345312,-25929.774143497692,6666.25242718447,77186.2822018143,1208297.50122959,-8158005.68611221,938405.92123415,23855219.5870971
2018-06-30,5872400.78711023,17645049.843452,18277265.729986425,5631323.32865489,113272785.883087,-13774236.3935174,-20606754.8134019,6388617.7948921,9940710.5960821,18,70,,,,235586051.8947709,111311632.92187,811450.342486295,13204267.991027,118998.499359998,,118998.499359998,,-7568208.65033872,-8984127.04533611,166,,26922572.9057953,-35599054.5218987,134142329.8664844,5332134.30740994,609031.657489714,22567907.7746188,64474.2273029698,133879540.696489,-35599054.5218987,-266340.374995501,-24856659.3970802,,-39923534.4105757,46640638.6679622,34113763.0306738,,,5655293.962404478,19073522.0546778,13217585.0097768,-8692462.03860318,-25929.7741434981,103116.056345312,-25929.774143497692,6666.25242718447,77186.2822018143,1208297.50122959,-8158005.68611221,938405.92123415,23855219.5870971
2018-09-30,5872400.78711023,17645049.843452,18277265.729986425,5631323.32865489,113272785.883087,-13774236.3935174,-20606754.8134019,6388617.7948921,9940710.5960821,18,71,,,,235586051.8947709,111311632.92187,811450.342486295,13204267.991027,118998.499359998,,118998.499359998,,-7568208.65033872,-8984127.04533611,166,,26922572.9057953,-35599054.5218987,134142329.8664844,5332134.30740994,609031.657489714,22567907.7746188,64474.2273029698,133879540.696489,-35599054.5218987,-266340.374995501,-24856659.3970802,,-39923534.4105757,46640638.6679622,34113763.0306738,,,5655293.962404478,19073522.0546778,13217585.0097768,-8692462.03860318,-25929.7741434981,103116.056345312,-25929.774143497692,6666.25242718447,77186.2822018143,1208297.50122959,-8158005.68611221,938405.92123415,23855219.5870971
2018-12-30,5872400.78711023,17645049.843452,18277265.729986425,5631323.32865489,113272785.883087,-13774236.3935174,-20606754.8134019,6388617.7948921,9940710.5960821,18,72,,,,235586051.8947709,111311632.92187,811450.342486295,13204267.991027,118998.499359998,,118998.499359998,,-7568208.65033872,-8984127.04533611,166,,26922572.9057953,-35599054.5218987,134142329.8664844,5332134.30740994,609031.657489714,22567907.7746188,64474.2273029698,133879540.696489,-35599054.5218987,-266340.374995501,-24856659.3970802,,-39923534.4105757,46640638.6679622,34113763.0306738,,,5655293.962404478,19073522.0546778,13217585.0097768,-8692462.03860318,-25929.7741434981,103116.056345312,-25929.774143497692,6666.25242718447,77186.2822018143,1208297.50122959,-8158005.68611221,938405.92123415,23855219.5870971
2019-03-30,5872400.78711023,17645049.843452,18277265.729986425,5631323.32865489,113272785.883087,-13774236.3935174,-20606754.8134019,6388617.7948921,9940710.5960821,19,73,,,,235586051.8947709,111311632.92187,811450.342486295,13204267.991027,118998.499359998,,118998.499359998,,-7568208.65033872,-8984127.04533611,166,,26922572.9057953,-35599054.5218987,134142329.8664844,5332134.30740994,609031.657489714,22567907.7746188,64474.2273029698,133879540.696489,-35599054.5218987,-266340.374995501,-24856659.3970802,,-39923534.4105757,46640638.6679622,34113763.0306738,,,5655293.962404478,19073522.0546778,13217585.0097768,-8692462.03860318,-25929.7741434981,103116.056345312,-25929.774143497692,6666.25242718447,77186.2822018143,1208297.50122959,-8158005.68611221,938405.92123415,23855219.5870971
2019-10-03,-899.027433709515,27815009.7715387,657366.2863546076,10876433.8930177,127371509.725663,-16203171.4377466,-78038278.328287,9872220.24956418,7906946.27947518,19,75,,,,330601156.252867,150538547.664923,6257230.93861822,21987513.9462336,118998.499359998,,118998.499359998,,-7568208.65033872,-8984127.04533611,243,,21848164.6940086,-51944007.0648683,107004043.2149738,12496481.3285623,2186434.71878154,54477466.3730617,393774.015964767,205409788.05395,-51944007.0648683,-1193009.40453253,-26710105.0555097,,-56093917.6988714,63188143.1782732,44299576.7960363,,,3379444.123314064,16978133.0856042,13217585.0097768,-9534185.9344894,-25929.7741434981,103116.056345312,-25929.774143497692,6666.25242718447,77186.2822018143,1384502.24791265,-9534185.9344894,819013.992109368,32659868.6117993
