Date,FTAS,FTLC,FTMC,FTSE,NDX,SP500,STOXX50E,STOXXE
1983-01-03,,,,,,-0.03231673195299389,,
1983-02-01,-0.015261862742661059,,,,,-0.05249204665959695,,
1983-03-01,-0.0233771908530368,,,,,-0.013985099986929872,,
1983-04-04,-0.06225955519133153,,,,,-0.056073036826845946,,
1983-05-02,0.012188940092165979,,,,,-0.0027068594278683022,,
1983-06-01,-0.0431043986330063,,,,,-0.03765318808833096,,
1983-07-01,0.023745570277407868,,,,,0.042396939027400604,,
1983-08-01,-0.018433588124515454,,,,,-0.013334957072398401,,
1983-09-01,0.014702906859108467,,,,,-0.009469240048251004,,
1983-10-03,0.014991785323110518,,,,,0.013199706673185263,,
1983-11-01,-0.04695213448448332,,,,,-0.017118145233948168,,
1983-12-01,-0.021700742505797455,,,,,0.014935381614240573,,
1984-01-03,-0.060897884158158666,,,-0.05922852023012348,,0.007988202040063896,,
1984-02-01,0.008970689029552892,,,0.013574228085269091,,0.02876288008091543,,
1984-03-01,-0.0514198298116455,,,-0.0559516289143579,,0.001329282187618741,,
1984-04-02,-0.022048098141152606,,,-0.025246305418719306,,-0.02288471053933705,,
1984-05-01,0.09130612244897951,,,0.07671907558249669,,0.05507700339336985,,
1984-06-01,-0.0009786331756647115,,,0.007827415043909935,,0.0002610966057443598,,
1984-07-02,0.024415714613922557,,,0.028975542677536437,,-0.005711318795431075,,
1984-08-01,-0.08212717826812099,,,-0.0788926083416267,,-0.0755939524838013,,
1984-09-03,-0.01814519923955804,,,-0.019863438857852356,,0.01251366784108865,,
1984-10-01,-0.02715619849844353,,,-0.02650207182320441,,-0.017135351364260587,,
1984-11-01,-0.045179564289960505,,,-0.027943274314005118,,0.028681980100724758,,
1984-12-03,-0.02825492294884213,,,-0.02319672131147532,,-0.015419967345951524,,
1985-01-02,-0.03946144430844545,,,-0.04133270469904127,,-0.07423165201813797,,
1985-02-01,0.01143904129939588,,,0.017428845538855153,,-0.025105059215194014,,
1985-03-01,-0.017467036442368467,,,-0.021512946882578432,,0.010812599988966554,,
1985-04-01,-0.015975103734439777,,,-0.01782558586246641,,0.016258339406850952,,
1985-05-01,-0.019251839098450407,,,-0.017439226936433627,,-0.05783858018170285,,
1985-06-03,0.06391127689335918,,,0.06239974334295795,,-0.016161721145351637,,
1985-07-01,-0.02667833641284978,,,-0.031385954008701145,,0.0016657123522980655,,
1985-08-01,-0.04613339105160641,,,-0.0396179959710512,,0.018448815140751806,,
1985-09-02,0.0278567909866676,,,0.03418209876543199,,0.019235964770087044,,
1985-10-01,-0.06376552852785844,,,-0.060188542422044966,-0.03556224467856384,-0.03372839764005642,,
1985-11-01,-0.02306618993633902,,,-0.027846316531547455,-0.07117466150097851,-0.04454754065649014,,
1985-12-02,0.002038973522472398,,,-0.0014079549454417695,-0.04624585730067421,-0.043561238608712194,,
1986-01-02,-0.00883448335594883,-0.0076061022341117335,-0.018973191109388332,-0.0032278436600939875,-0.02223629320619791,-0.020424378388483877,,
1986-02-03,-0.0731211281927775,-0.07380869472048857,-0.08187480139815695,-0.07153560492540245,-0.03935880921711754,-0.05083843492147977,,
1986-03-03,-0.08656596025518815,-0.08625204983234214,-0.08267845066809687,-0.08853919239904984,-0.05867295385651716,-0.041337075784638966,,
1986-04-01,0.013325737497832613,0.016141066454437025,-0.014687889527770337,0.02676666056947763,-0.03732045005025797,-8.504847763224355e-05,,
1986-05-01,0.025762849665896148,0.02622478018402008,0.025972112539927705,0.02730974005637332,-0.04829352589026714,-0.04031994776363046,,
1986-06-02,-0.040352074901253254,-0.04183072069648586,-0.05110697289468247,-0.038716281310211875,-0.007928975968161556,-0.02777336930645924,,
1986-07-01,0.06115056726303658,0.06236603837310528,0.05703037718784909,0.06338839800230511,0.1327068451348914,0.07292154442126764,,
1986-08-01,-0.06070695165072848,-0.06425419670098587,-0.049296130826940954,-0.06635581061692974,-0.049505603164139655,-0.07124500850037563,,
1986-09-01,0.059027152232659974,0.0644213849497981,0.0646527740383751,0.0598745485649117,0.09716848081582463,0.08274828767123288,,
1986-10-01,-0.04210733920074938,-0.04474217629900634,-0.0508589113830602,-0.03715226939970728,-0.045197154892618,-0.049633848657445134,,
1986-11-03,0.004768333312691331,0.00911732791199471,-0.014698805966808726,0.013227840276919256,-0.013925300466446355,-0.01304958843605697,,
1986-12-01,-0.033597452961172114,-0.03366276967578652,-0.01686039155715202,-0.03645026801667661,0.03854177716488083,0.02840979477226746,,
1987-01-01,-0.08557794389659279,-0.08551841197412069,-0.09360743115560854,-0.08391532082060238,-0.1696955462258889,-0.12400072345812985,0.0609990224138135,
1987-02-02,-0.07359188846641318,-0.07639921004947381,-0.06499675995207543,-0.07579042912611567,-0.05942617292132657,-0.023144876325088326,0.007511569953720043,
1987-03-02,-0.002568796205463242,0.005311364683006747,-0.012489871832645716,0.005068166844052424,-0.026924627166465043,-0.03211464140360476,-0.04666553538096041,
1987-04-01,-0.04231558964822568,-0.04518316575303649,-0.0302077845541161,-0.04612037708484418,0.0013184092988214324,0.015137312085546695,0.0007132183127291913,
1987-05-01,-0.0688311688311688,-0.0697723037767578,-0.06233071406742541,-0.07167220177721922,-0.0001614118153449029,-0.006210537211468803,0.012377939760693346,
1987-06-01,-0.035112909541835435,-0.030747544161050078,-0.06631201238293283,-0.018327605956472093,-0.019079034173373643,-0.04327589621707273,-0.02437606225959399,
1987-07-01,-0.03305200979443468,-0.03146945636684795,-0.04351792310338132,-0.02763140984449297,-0.029527760704773698,-0.04606858330446828,-0.06810603534511495,
1987-08-03,0.02777801800555224,0.028595251678588784,0.029300167011721667,0.02705913410770866,-0.056310116487022,-0.01802721088435366,0.006344179608443579,
1987-09-01,-0.048281027515082786,-0.04902009882478631,-0.06619184855650029,-0.04254781363215099,-0.013423618893207201,-0.012006232242690928,0.01644638669793208,
1987-10-01,0.38695205479452066,0.3892071148628278,0.4280538621015251,0.3771537970644545,0.37787049508853787,0.279882697947214,0.2933019036984963,
1987-11-02,0.10118037485386733,0.09714271175228362,0.10999213934995855,0.09198606271776999,0.1096165062700496,0.10237068965517238,0.107695831424645,
1987-12-01,-0.08585185355427372,-0.08680499082227755,-0.11063491339787335,-0.07900110858276455,-0.12217600000000006,-0.06103286384976525,0.010149308983218086,
1988-01-01,-0.04403994243719167,-0.041661099977733373,-0.057721407806615055,-0.035455005909167614,-0.014910317435299358,-0.0312107904642408,0.013807878152903186,
1988-02-01,-0.00429865243262173,-0.004168699277129817,-0.007960411043235305,-0.0028059936023345777,-0.08121180525385918,-0.04558042062719869,-0.10664543257477332,
1988-03-01,0.01950376359074446,0.02126406847981177,0.017564148897723175,0.022611190817790616,-0.0036072953942052344,0.03217582757155557,0.020616792848282772,
1988-04-01,-0.0338723752679948,-0.03426934348073307,-0.03747593979731456,-0.03312617911441573,-0.019717672352824733,-0.010207982871998866,-0.01198794162393646,
1988-05-02,-0.0049101064571115405,-0.00409461166528724,-0.009991688898480455,-0.0019383064739436628,0.0003962077260506458,-0.019235816866024158,-0.020098282811551016,
1988-06-01,-0.03227580196704982,-0.03133999303790125,-0.04021489074771045,-0.028253148207943224,-0.06991129478034275,-0.018728383251158887,-0.05871652612294209,
1988-07-01,-0.0061965789934941284,-0.0060184748304027424,-0.01653085991678216,-0.002147996992804213,0.046930114638447984,-0.0015796627603688052,-0.02163605161126292,
1988-08-01,0.07955076690189444,0.08013862305627595,0.09148882822959492,0.07610517191563138,0.0785875639044109,0.0536481517321461,0.037906375343044196,
1988-09-01,-0.03921547658514157,-0.040020439670355845,-0.040402939881333366,-0.03999778098302442,-0.04847559251088862,-0.048013855110914494,-0.063405953807941,
1988-10-03,-0.03471591378313654,-0.035940759063800454,-0.048157942495657524,-0.02971256324685112,0.012571952232309114,-0.027520963233713225,-0.039865690590035974,
1988-11-01,0.04652946578080264,0.04676065609742719,0.0533631919600186,0.044470680834317156,0.019056790988151384,0.02411097654959815,0.017775416309427472,
1988-12-01,-0.001014472420380108,-0.0035857575459424806,0.009608889256517372,-0.008030784674585845,-0.034270897920072096,-0.018831917038744095,-0.04379705325389127,
1989-01-02,-0.11770139021138837,-0.11916454818581002,-0.11430071552418863,-0.12090013237240782,-0.05818336253118861,-0.06519909791645617,-0.010771357099615186,
1989-02-01,-0.0011603355462137532,0.0012533986386162876,-0.0207727196639379,0.009103052490971208,0.025980392156862875,0.034760196440388524,0.018189642138562334,
1989-03-01,-0.023306796964264076,-0.0239683809344563,-0.009865591185686196,-0.02803423735333721,-0.012000215250497881,-0.03131009818145003,-0.03510228815746652,
1989-04-03,-0.012412388536200525,-0.01288410805187079,0.002904951874366901,-0.018130311614730887,-0.07432129514321284,-0.04118141821946175,-0.010581364363119516,
1989-05-01,0.004099153455724647,0.003757610793573729,-0.006222124332360579,0.006941142911476517,-0.06883436151955102,-0.039910550672422995,-0.02596658194992696,
1989-06-01,-0.020959028886303632,-0.02246750642579809,-0.0035429028288354036,-0.02872183228666414,0.04927846591876972,0.008583153212417427,-0.035295467824054794,
1989-07-03,-0.05265451190130388,-0.05448309145437602,-0.051961225073659745,-0.05527199755703893,-0.034627763290812186,-0.071330909090909,-0.04759633538027386,
1989-08-01,-0.038067686845608906,-0.04111988893663443,-0.0189972845401033,-0.047850467289719534,-0.047782028051808534,-0.028213609249992944,-0.03314503112750755,
1989-09-01,0.04556820622986035,0.046554065156664715,0.030182076247479594,0.051677441901100796,-0.020143790276621054,0.008151167098925605,0.013041616381827437,
1989-10-02,0.0688765200778867,0.06529269775754987,0.08313099639250532,0.05976575158557473,0.021494783037033782,0.028341148886283696,0.056610758615015966,
1989-11-01,-0.05569914482471516,-0.05797503948898641,-0.03412880796653117,-0.06533685258102206,-0.00889865299691539,-0.026894447138008704,-0.05965458554132974,
1989-12-01,-0.04293185025317503,-0.04426085369697563,-0.03785244538513877,-0.04606430841622977,0.006612013313378018,-0.007838143746462856,-0.058598621744394674,
1990-01-01,0.02898092708217681,0.030930127158139475,0.024447662487512956,0.032781993349816574,0.10239109556994763,0.0748502083396696,0.015756623052383345,
1990-02-01,0.05079071604229113,0.050748924011393415,0.06013127162718512,0.04798070050035741,-0.028980655651467013,-0.011871130612490233,0.04031590895973225,
1990-03-01,0.010044420270147958,0.008499841420869014,0.01186238634994874,0.00756211739287016,-0.016763060140123187,-0.017596693238854377,-0.05721774303256777,
1990-04-02,0.05136245365560743,0.050129892374889407,0.054129195527106155,0.048963596014920396,0.02719281298299836,0.019413092550790045,0.01340943347671053,
1990-05-01,-0.09960696141699843,-0.10141346079848146,-0.08190566538303834,-0.10689887829973854,-0.1296634928641991,-0.08511399933913433,-0.02520225413691468,
1990-06-01,-0.0042469557786798395,-0.0032558020608715044,-0.013959793258712105,-0.0002529510961213344,-0.002243939266839967,0.010068420759859809,-0.007036865703508477,
1990-07-02,0.01614191688519173,0.016319459482870613,0.023891172806188132,0.01410859341598969,0.06859691190641581,0.011307380738073913,0.013634396191025688,
1990-08-01,0.094234569778048,0.09109038154375426,0.13338914212383113,0.07957167912858853,0.15236422797820426,0.10218253968253954,0.15740914688876373,
1990-09-03,0.07495735836337825,0.07337634670399895,0.0982471206304305,0.06681766704416758,0.048068855387446874,0.02419508477805299,0.09451679232350929,
1990-10-01,-0.0034605950187788226,-0.004524247136999837,-0.025844930417495027,0.0014299802761341684,0.06854267287503268,0.025796365057650927,-0.010422554317107924,
1990-11-01,-0.054206777050442745,-0.05666380870724974,-0.037233916549407664,-0.0622832570398113,-0.11124534121578211,-0.052699784017278706,-0.007271911121086272,
1990-12-03,0.00634536207314107,0.00662645403197204,-0.0010459458947806866,0.008957312806157969,-0.029945644043285258,-0.018533099146023857,0.03770728526178502,
1991-01-01,-0.0030519311190736476,-0.0054648456872544715,0.011019718741177797,-0.01025072724754117,-0.14467903604179988,-0.03739979594811249,-0.014867841409691551,
1991-02-01,-0.103137343219458,-0.1006235900603003,-0.1287260387049436,-0.09267250408479633,-0.07108047070010692,-0.0740140902097336,-0.08128161888701524,
1991-03-01,-0.03255595686021462,-0.030269002345660656,-0.03780722127954883,-0.02833299409729284,-0.04612709990740582,-0.0022353891731753395,-0.040423961082961646,
1991-04-01,-0.014875964832624766,-0.015872496132153358,0.0011123872553351344,-0.020690479987242938,0.0014192718189387499,-0.02363985379578748,-0.01589465931484768,
1991-05-01,0.0024827243762155504,0.0014838498114444487,0.017027098776777105,-0.0029414102869862457,-0.059497748589531274,-0.020022676905633086,-0.041306069482743735,
1991-06-03,0.030830653210602188,0.030584656978709157,0.03438442625028504,0.029546570633491642,0.08418879283729552,0.026831075359864398,0.043542766105745256,
1991-07-01,-0.052614138736452376,-0.05519102128135134,-0.048521366525040466,-0.05714395956322105,-0.05513418903150524,-0.023765240752221528,0.0005479452054795164,
1991-08-01,-0.0361001830717097,-0.03583468021242209,-0.04622480198133683,-0.03280340349305866,-0.04580644038899795,-0.021015097488809698,-0.012814964889159897,
1991-09-02,0.006294978128282835,0.0090396533246353,-0.004013211905989134,0.012851527063804102,-0.003346395256094703,0.016007194244604284,0.008660284708099875,
1991-10-01,0.03512017787298949,0.036805024356858285,0.031433140084441424,0.03769366542459296,-0.005637833830451133,-0.005417561075334754,0.00921059218100817,
1991-11-01,0.05800236954618043,0.059078854238617806,0.07116218633456506,0.05573729761066715,-0.013353519545470038,0.026009438909281535,0.02543965012781424,
1991-12-02,-0.019297802475372605,-0.02393001614755874,0.002418972866905955,-0.03136657173799684,-0.11160478155083042,-0.08556906183317747,-0.025929999999999898,
1992-01-01,-0.029125419960272292,-0.029743589743589705,-0.04332205913291143,-0.0262088899304741,-0.030830745796473047,0.018460186066954876,-0.05375611510110612,-0.06375807508660236
1992-02-03,-0.0025520604014808157,-0.0022561540630916532,-0.01804038726645041,0.002309830481932229,-0.015160038657377362,-0.0070796460176991705,-0.024993080542485613,-0.025011410314924598
1992-03-02,0.06262454729764855,0.06246094050972095,0.0680014935125548,0.060491571867475,0.07014185820354091,0.020334957821042332,0.024121998922872256,0.022398506766215576
1992-04-01,-0.10288756752555273,-0.10333154218162288,-0.13474161857350542,-0.09444319121738487,0.05346776160663458,-0.020119748866748943,-0.02248062731479361,-0.017423200366804115
1992-05-01,-0.015857352671195146,-0.01461399978820288,-0.01710400969948911,-0.014012455516014155,-0.036068092043388233,-0.011430625449317167,-0.01886672768298092,-0.013211474074744434
1992-06-01,0.08573564220754948,0.08480556672437967,0.09645971481475635,0.08167929748586533,0.04231611279939895,0.010705289672544138,0.05269534193782266,0.0653619974934927
1992-07-01,0.04583593912862205,0.04293538724860935,0.09338985983734216,0.03045202875795394,-0.021486810551558877,-0.028723329177350654,0.061118927837556125,0.06444330425859413
1992-08-03,0.05632678527190804,0.055079006772009054,0.06358700653354177,0.05299338670379372,0.03569891048779672,0.021679044391568647,0.04447898164594433,0.049994612649499004
1992-09-01,-0.10197338606682316,-0.1041818328884575,-0.09543430307570644,-0.10648058158068652,-0.02286148818095035,-0.0005284777438805399,-0.013691773465280499,-0.005891173950299922
1992-10-01,-0.04403134969083522,-0.045254459803846014,-0.054724998032890215,-0.04297194731750875,-0.06446583719310983,-0.015280898876404492,-0.021249451413057785,-0.029723550197464088
1992-11-02,-0.03731535685037457,-0.037606837606837584,-0.03883531858574396,-0.037320916905444035,-0.06334533700059553,-0.01864060541343604,-0.030582764420698627,-0.02036245163917738
1992-12-01,-0.03301827994046003,-0.03103845599884769,-0.07628628313947394,-0.019146320042156995,-0.020864278079320342,-0.011314865392118678,-0.022070420218478715,-0.017406962785114
1993-01-01,-0.014915778220796927,-0.01033425985318226,-0.04212392933618847,-0.0017884696310842552,-0.04072175244690068,-0.015389134954352346,-0.016959309072231532,-0.027247956403269824
1993-02-01,-0.013566278108701257,-0.01273571629608794,-0.01996917729612735,-0.010754180253937373,0.0755668227846289,0.0011538200493201867,-0.07824897640694728,-0.07481768254254062
1993-03-01,-0.0032173066952648766,-0.0029465413217343306,-0.01850540679711643,0.0014591439688715901,-0.014788265342119633,-0.018409948922940345,0.009335952709638606,0.0037957523723450848
1993-04-01,0.01377368815160418,0.01625552545273079,-0.007949937741451474,0.023212825708293305,0.027147288169985684,0.017719115852280476,0.011474910939653693,0.005817652940641738
1993-05-03,-0.01228176225864952,-0.009952706995129623,-0.010519997472673293,-0.012670223220553112,-0.07398061901054931,-0.025053434105281713,0.008885838646173871,0.0041073384446879135
1993-06-01,-0.01594199855836187,-0.018157876498717918,-0.023537033038220634,-0.013708114095818513,0.024193770104198098,0.010712217718587214,-0.04275439991701513,-0.03785018002985863
1993-07-01,-0.019433865156973762,-0.020301466594242146,-0.02806344256888449,-0.01798279906176692,0.023870513722730413,-0.002510274352993447,-0.0714750098323288,-0.0677855096193205
1993-08-02,-0.04760504284061717,-0.04636104636104643,-0.04588494436021384,-0.04648147547891479,-0.05053987598888188,-0.02806866026125443,-0.047178757705073404,-0.0442097026604068
1993-09-01,0.015557694222281038,0.016253207869974418,0.020135990895030265,0.015670781893004193,-0.022596065933491727,0.0040321706518675615,0.015604004691298412,0.018002230364823957
1993-10-01,-0.03553413222717261,-0.03670131845841773,-0.02664394262178671,-0.04010238907849828,-0.03093435941574052,-0.01664890215305903,-0.05385186328328817,-0.04394181707409939
1993-11-01,-0.016835440647991362,-0.019332380182756292,-0.012648642584698222,-0.021279228009402407,0.005306086093473494,0.015609777219684373,0.009937805221986284,0.014682018391160012
1993-12-01,-0.05542344870224836,-0.05537287140340574,-0.05953103157228401,-0.05417739293236612,-0.006535534599145354,-0.007627191474733563,-0.06491036914172288,-0.0699295673422452
1994-01-03,-0.036161008451511156,-0.03167112071416389,-0.07650898816193297,-0.01812437167887404,-0.035810053142216525,-0.0295650723489429,-0.008695951291665116,-0.024263674614305786
1994-02-01,0.05572459516190498,0.05888373773255462,0.04076458956548179,0.06448358099431295,0.001293661060802087,0.03268452329687377,0.05787355443476483,0.050305663990572125
1994-03-01,0.05836219645703822,0.05762862964849713,0.05108049774840784,0.0596811819595644,0.06979841236682693,0.041882585189671806,0.004319796509078211,7.365939893944073e-05
1994-04-01,-0.011686618916251224,-0.011269911225838869,-0.007458147100050216,-0.012446805106709813,0.008267073877099573,-0.01600370844554322,-0.04474902423527283,-0.038799207023506255
1994-05-02,0.06453459784592797,0.06661741991807135,0.06880176385787373,0.06596405061564181,0.0015557840888114072,-0.010073640277079798,0.06222604593899028,0.06475687900490024
1994-06-01,0.010309769442251815,0.007033204842090912,0.0356871011183324,-0.0015324887617490512,0.05332888925922852,0.025616315553563362,0.04823248618097287,0.047540077390823665
1994-07-01,-0.05269400858678974,-0.054297774366845686,-0.06195419344208264,-0.051979079227739367,-0.03627067830183628,-0.03212511659183104,-0.06816337766959335,-0.06269430051813474
1994-08-01,-0.03786586613904619,-0.037784615384615416,-0.040297288037319134,-0.03702782527592097,-0.04604070376139535,-0.025699008812900326,-0.0026300578034682554,0.0014083463049441303
1994-09-01,0.0814579797830739,0.08318890814558055,0.09992462894248622,0.07809619574325466,-0.0028264412303932174,0.024754190670074117,0.07116597654889523,0.06901743264659266
1994-10-03,-0.02972971213984943,-0.03300244940054142,-0.021195698436568988,-0.03643057843232256,-0.04228649465931811,-0.014260706203834128,-0.022529372158295646,-0.012982950101673718
1994-11-01,0.016741551471999294,0.017444910807974834,0.01357453049955426,0.01865377023292547,0.028802247980330264,0.04343758353381455,0.00038597765870496126,-0.0017176764522174315
1994-12-01,-0.0067238931538542435,-0.008131139009952548,-0.0070535153349706725,-0.008448866416571499,-0.01407475202216335,-0.022535763276503973,0.00423332699981005,0.009219131668111391
1995-01-02,0.020819774424487125,0.02071575592590147,0.03674097758829986,0.01597454678023391,-0.006854026433449678,-0.023660714285714257,0.0008900181046418432,0.009224652087475027
1995-02-01,-0.005929433735743284,-0.007185234014502329,-0.004831914204060039,-0.0078587399710639,-0.05290832945556079,-0.03140121486667358,-0.006078843507583365,0.0013537187450232135
1995-03-01,-0.026814054173346924,-0.027937972574650694,-0.012654177333022987,-0.03242022207374884,-0.04167316997034498,-0.03228056192089279,0.01882635689965939,0.029344262295081913
1995-04-03,-0.025090807841747664,-0.02444208289054206,-0.02598248944549919,-0.02400322941249544,-0.037678360690913015,-0.02413176214366264,-0.04060245950100494,-0.044411373071199245
1995-05-01,-0.03779386603179624,-0.03684749232343909,-0.03959399150974208,-0.03598156019876664,-0.05073733094345767,-0.03604566158690892,-0.02950669172177367,-0.032949553098015505
1995-06-01,0.009248562017599937,0.00862330722050153,0.020834490805044625,0.005084694767879094,-0.08907731413622288,-0.02485879836955529,0.016728407665606904,0.016789895255699294
1995-07-03,-0.0416546427877339,-0.041445951452354635,-0.05791526000366376,-0.03658077045711483,-0.03619391641780367,-0.022425130440997698,-0.044749087464125537,-0.03900525497742591
1995-08-01,-0.01989067631762742,-0.01946347031963469,-0.02815504349153064,-0.016954465150738063,-0.024423858620749805,-0.007448921679909293,0.0023530397503124245,0.005656866393747739
1995-09-01,-0.00369201042044065,-0.003922906361930822,-0.00684533582560809,-0.0030680074995738105,-0.0011500862564691738,-0.030736436773705522,0.006847340855566042,0.012968408354067762
1995-10-02,0.0054002486195832144,0.004339633415177291,0.018104667609618152,0.0004262938016881268,-0.044998419064418926,-0.004279209886686508,0.011081415350497004,0.013525905547913553
1995-11-01,-0.0364355553079474,-0.03853966511117213,-0.01897217246512095,-0.043935441799804464,0.02366188545535075,-0.03749711687370261,-0.03708317362974323,-0.0264841541437284
1995-12-01,-0.004514472377973311,-0.004971047743908996,-0.01432372615820765,-0.002412381752636028,0.01872516182774242,-0.014530872014676843,-0.030381863792622865,-0.029037850332274018
1996-01-01,-0.020171610848761845,-0.01886590202594063,-0.026060209741093132,-0.016920699211255608,-0.04261646839901634,-0.03528803683864312,-0.06337721751886527,-0.0625042324101035
1996-02-01,-0.006382186033703552,-0.005437100213219637,-0.025375318666792546,2.664748048086807e-05,-0.0047622197235266395,-0.009171749150332809,-0.0005032337427542943,-0.0020274379941881415
1996-03-01,0.000978262044513567,0.002565198802907176,-0.020915667105780078,0.009224397590361422,-0.013425993898758537,-0.014317837639392428,-0.006014833295251765,-0.0027631756301388366
1996-04-01,-0.030988954587590878,-0.02840230541564981,-0.04695931807669451,-0.023016290068313183,-0.08965486515385535,-0.0012985425769196368,-0.03362237194674378,-0.03082952318745913
1996-05-01,0.014397356411605111,0.015502240970208359,0.007679502829874618,0.017864783910997106,-0.02305404425099744,-0.019620177330457622,0.007873305344705317,0.006045472466815527
1996-06-03,0.01037596083651815,0.009743371312959104,0.030912502288120258,0.0036504187245007813,0.003172893591628201,-0.012132331183050349,-0.0005170009137691611,-0.0045787545787544515
1996-07-01,0.00807341832427877,0.0045999144201969155,0.03002592505302837,-0.0023564695801200353,0.055293593622805615,0.03978339128026831,0.03854006031054302,0.03802281368821281
1996-08-01,-0.038490754518683445,-0.03866721513780336,-0.03874037154508381,-0.03861600247142416,-0.018837500188375045,-0.003021518734949935,-0.0005366380251720093,-0.001559216324316881
1996-09-02,-0.019712649247451197,-0.021040974529346612,0.0009524241462197658,-0.027002655177596258,-0.09656909462219188,-0.05382539037557332,-0.05396726072763125,-0.0485067406308457
1996-10-01,0.0072538593922581995,0.007710256670386384,-0.00438002348053812,0.011067493985057464,-0.02780902966208254,-0.020873296673629138,-0.004747160810072426,0.0023275360444818816
1996-11-01,-0.01534733849632508,-0.016856173947735864,0.0032617559119325623,-0.022285502042837635,-0.10551365686750414,-0.06977635613831024,-0.0674355532421993,-0.06425071087180112
1996-12-02,-0.01826028227208165,-0.01888638810059684,-0.016835916622127134,-0.019424547772247225,0.02833106067984814,0.021357021357021333,-0.013603052444982389,-0.016540727078003248
1997-01-01,-0.03170802077322554,-0.02976501305483026,-0.018470349078668402,-0.03271642632345351,-0.10528207753728169,-0.058457158110152174,-0.07683403847688997,-0.07220535467844336
1997-02-03,-0.0131307331286451,-0.01265526130771033,-0.01710172950907729,-0.011446216711940793,0.07234136996542384,-0.010788246092718445,-0.036579152286557615,-0.0331963494689651
1997-03-03,0.01929988342676925,0.0182798778159603,0.0349312936363233,0.013888561945340161,0.07441107443617523,0.046956453056711034,0.00833648374870366,0.006878392175828862
1997-04-01,-0.03343790470758201,-0.035581127733026574,-0.0010439572643878847,-0.04429696287963991,-0.0967328708112275,-0.048701989906453136,-0.05161112387956801,-0.04788948580199537
1997-05-01,-0.018263352121468013,-0.01989533519805098,0.004507017113277945,-0.02581748049443333,-0.07986940512574459,-0.05651259511319062,-0.0334418887758412,-0.023384799880078022
1997-06-02,-0.023201804136422144,-0.027081595926787605,0.00660303200449186,-0.03500200917877461,0.005506376908877231,-0.05013299215514622,-0.07974078011284658,-0.07428650723900276
1997-07-01,-0.026850264183213568,-0.02989142005535439,-0.007998395864896146,-0.03490294531871896,-0.1402239976914892,-0.05924150600755962,-0.07925249969883141,-0.07425170213677046
1997-08-01,-0.0017552264808363693,-0.00025541696820052806,-0.026419678105071398,0.005975113958359035,0.03236917806306261,0.05299787652728827,0.08869143250598377,0.07627431099640525
1997-09-01,-0.07508489802166451,-0.0771920175989943,-0.04736124312931356,-0.08404957589663553,-0.025298307699287537,-0.05855077924660612,-0.06445143998680991,-0.06751471915423957
1997-10-01,0.07046632571216649,0.0748184428306029,0.037696200360236576,0.08370920371189405,0.048852215623572226,0.017486874194613256,0.09022770120852619,0.08308508657605662
1997-11-03,-0.0007669901239250043,-0.002274833600134807,0.0012882171075232485,-0.0031269174973280744,-0.02641698247824842,-0.03671597693838602,-0.03635953481064913,-0.03702375616315545
1997-12-01,-0.0374284529240978,-0.03883062720168429,-0.027153479822875748,-0.04162366567099085,0.08925111021396859,0.004482548973135714,-0.019573537020288412,-0.02940920560341087
1998-01-01,-0.06877399519516736,-0.07133187937128682,-0.018612659888487926,-0.08277058101758006,-0.10008265288513074,-0.03080088287874405,-0.060238504392623016,-0.06587556386394111
1998-02-02,-0.04385462790963912,-0.044206440483036236,-0.07159441251474907,-0.03807187268600831,-0.06504810672644967,-0.04431612102701166,-0.08013943230158893,-0.07620978338401474
1998-03-02,-0.03750715344449462,-0.036064437900571567,-0.05062513550625136,-0.03273746711712533,-0.041370552177204756,-0.05455037675404961,-0.08355000703993998,-0.0888660851718831
1998-04-01,-0.0033442327926115345,-0.0030049737496545825,-0.02090925172474789,0.001206258568595242,-0.01847338857238734,-0.011462979482604774,0.00019402709494498183,-0.005476935637501512
1998-05-01,0.011945007080248926,0.015360875359472503,-0.04168573801895259,0.029538120002466473,0.07376774913131134,0.027516544757923977,-0.04834756400825557,-0.04384595368201927
1998-06-01,0.004407300852294238,0.0007370231284875572,0.0657645124573163,-0.013848300466565044,-0.14053858746147163,-0.05013233962526986,-0.03093542205393429,-0.02838000126414264
1998-07-01,0.020624088141149244,0.018443721628480736,0.015969456120707104,0.018961392154500212,-0.00898833708456337,0.032469166876415656,0.012332189029289342,0.009539610120282038
1998-08-03,0.13698527107489822,0.13331442923114323,0.17733883690272934,0.12392003311962907,0.1262324494263658,0.11886226942650824,0.16025030423625664,0.16973315917148724
1998-09-01,0.050906328491384434,0.05104951675394909,0.0419030892551564,0.05316623847080093,-0.04606905647934434,0.00797858859071976,0.1645986885478885,0.15187860029232225
1998-10-01,-0.10494666593301205,-0.10828049660199712,-0.09137035066901267,-0.11172342150603032,-0.10223500306599287,-0.11263943864699522,-0.14192558366417796,-0.1369100623330365
1998-11-02,0.0003656508388345525,0.0004938084023400346,0.013771933463309516,-0.002154421258882544,-0.13092561851849582,-0.054182833027023425,-0.03405309363864528,-0.02291183294663568
1998-12-01,-0.048545178401753764,-0.04987729175689337,-0.006101834673263307,-0.058167104350074106,-0.1196404208391979,-0.04300952691148929,-0.1374474330388642,-0.12130479102956182
1999-01-04,-0.027198753966636624,-0.026901734916063735,-0.0528720371744309,-0.022112670668403167,-0.12977432388675358,-0.03527101335428129,-0.014995663100771717,0.004672598092555935
1999-02-01,-0.012981042075242533,-0.010838602098242167,-0.025977483645215127,-0.007998851650010574,0.09972131908964221,0.029801967382862893,0.04512252523432925,0.04372515616127193
1999-03-01,-0.042033982286268756,-0.041489078316462424,-0.03573982726055791,-0.042519612892218395,-0.09711900024695619,-0.04449185295117952,-0.03689836579359751,-0.031070977764831587
1999-04-01,-0.04034473649451864,-0.03919122116645868,-0.06774822210065645,-0.033906272416203476,0.0038260950910919966,-0.04496430759690839,-0.05369943252683118,-0.04841541162339458
1999-05-03,0.04396627207104098,0.0458043361884366,0.03209414753780204,0.04834376794991391,0.05536605472432976,0.04664441456894286,0.045920472831310066,0.0425443103005394
1999-06-01,-0.037490253330457635,-0.03720645556164026,-0.038949367517889244,-0.03681209449983813,-0.12768696820420966,-0.06278241223496706,-0.06595456262255717,-0.05572736644230181
1999-07-01,0.022829856986744,0.02492736397253048,-0.01217735046314139,0.031902154639814606,0.02539285856208706,0.03984036745604458,0.06387885860231624,0.0578613124639169
1999-08-02,-0.002542238049619394,-0.0008576895163950882,-0.015793204635750513,0.0019295176365241584,-0.05826756592680071,-0.0022688513752093797,-0.042728197237868915,-0.04165001690591097
1999-09-01,0.05419255378751919,0.054179997217971954,0.0704088655173023,0.0511578986154122,0.00020378880825155932,0.03762053616669658,0.042082836857624484,0.026601451562006995
1999-10-01,-0.03927605346973895,-0.0417541404245394,0.004075196229557543,-0.049847469036294,-0.08099420569034854,-0.052661507104244776,-0.06938110166611733,-0.049974518092154585
1999-11-01,-0.06078452839423487,-0.05986842105263157,-0.08969354838709687,-0.05446909931883537,-0.1270885602946672,-0.031193658243425126,-0.09832745870481718,-0.08715998029664507
1999-12-01,-0.04210286052694889,-0.04057709648331831,-0.03799903799903792,-0.04101324637095605,-0.2092756987772223,-0.03951292588062283,-0.10486634963973596,-0.1367963527271867
2000-01-03,0.086677884067492,0.0927184944329491,0.0455710577547046,0.10161772583703832,0.023980355396592934,0.03259820617620357,0.011932287710453293,0.039535397686810914
2000-02-01,-0.022889613047963664,-0.020744886144345775,-0.06840371187619021,-0.01161999657496049,-0.14092100041540867,0.021817153546646928,-0.08463957028847369,-0.09167354404121952
2000-03-01,-0.006125963081470176,-0.007089480743437515,0.03918581457806547,-0.015046145846873693,0.056901854786093775,-0.08418494392318565,0.022813903645105826,0.045472564885852274
2000-04-03,0.023401689585331953,0.02219755826859049,0.027846834339586124,0.021286683535021167,0.06469345492245293,0.025690447812021233,-0.03498901761894435,-0.02223083587942909
2000-05-01,-0.021072609520828012,-0.021559296049059373,-0.01793046593845604,-0.022117164873410866,0.08818180268145892,0.013417908490416242,0.005450030330603539,0.010716014103657301
2000-06-01,-0.008429772910260369,-0.0066626479266473915,-0.04641177982372591,1.7000415737378205e-05,-0.0751160382466266,-0.014106455081181912,0.01700208790806257,0.014115777419430264
2000-07-03,0.008537615402927967,0.009189293032787038,-0.02026216396356373,0.014277316654518035,0.08055038836743678,0.021862179264307002,0.016217921214365383,0.00476682477809609
2000-08-01,-0.05983008183175598,-0.05967363160113215,-0.050275007385108705,-0.06117135957121478,-0.14103627448588785,-0.054360619949104794,-0.03669054700828911,-0.03981782106782095
2000-09-01,0.07770974659577923,0.07844665238002468,0.0614100573339702,0.08124007472400185,0.1854643042015982,0.05886243846737638,0.06786943658452049,0.06836248012718604
2000-10-02,-0.020655487311582954,-0.022751070918610172,0.0021696518082925387,-0.026813325673120447,0.07214899837843025,0.010561348700412365,-0.024302571837018005,-0.015789473684210575
2000-11-01,0.04402851447684042,0.044788489590239955,0.034039392861010986,0.04654302300329638,0.264940739055747,0.08058666545014948,0.050875441957154655,0.05735485811691565
2000-12-01,-0.0012720714519497411,-0.001985177342509248,-0.010411722374485177,-0.0006996245995782857,0.1977470663948362,0.02490512518799637,0.02926400775892879,0.03320383320383313
2001-01-02,-0.016006613809315118,-0.014863102998696198,-0.03132462216157683,-0.012330789544821252,-0.1834870126881356,-0.06567307622299723,-0.0015947540872207622,-0.014749413085638374
2001-02-01,0.05271104866361176,0.05295672169406607,0.020617308245409527,0.05809169361895128,0.3247629597260189,0.10653948099868682,0.09953302668752473,0.09423952196129903
2001-03-01,0.0572942650303212,0.055650157602985306,0.08174360149994286,0.05163683351517401,0.29766975695314457,0.08322060966776346,0.021976710890522,0.03044166307006191
2001-04-02,-0.05170033221659953,-0.05147943228289642,-0.0466310728112902,-0.0522181099254051,-0.2097070885508674,-0.0952038785888002,-0.07385840031292745,-0.07064737813193578
2001-05-01,0.012564980572361328,0.013655206047305635,-0.029381013713160042,0.020383503167171524,0.042469972784015875,0.004576931314301147,0.02492893464252144,0.02381799764557746
2001-06-01,0.021931558163232,0.020548188702051107,0.04935523365823413,0.01625418949460178,0.007531183807954811,0.019373984200014682,0.025673490628281614,0.028321274738886792
2001-07-02,0.030943212830386146,0.029725079620749106,0.02419998371468135,0.030602513462401726,0.056396824570837056,0.017089799577278297,0.05185938194916195,0.04430528605868167
2001-08-01,0.03899786366284719,0.03957833847090608,0.009502359149719641,0.04420269120426501,0.17679118187385168,0.07264595352776171,0.10847100442335234,0.09524729520865538
2001-09-03,0.12457956580614149,0.12098459963312136,0.20071458181172153,0.11001477339451649,0.276623466870505,0.09150257570651377,0.15068992709557372,0.16611595073595686
2001-10-01,-0.056114455347571535,-0.05578828647385803,-0.051631503079544006,-0.05631769807324838,-0.19163009514447216,-0.04201641914952492,-0.08568065751675713,-0.08181348043440795
2001-11-01,-0.028479871820548786,-0.026125843401851534,-0.08292272563393821,-0.01808644939434323,-0.09147453972466402,-0.04053456058058247,-0.037480798771121315,-0.04311823700184747
2001-12-03,-0.011561151363978284,-0.011861384603457759,-0.02296363392377898,-0.010281145739313047,-0.02660846130440464,-0.021451762352471704,-0.029279255290822204,-0.026683363837780583
2002-01-02,0.007539492580181717,0.007104934415990138,0.018241442918630835,0.005512863991613992,0.0538167064751498,0.028938278390579386,0.019787166446266102,0.009203149810428135
2002-02-01,0.003964916496455695,0.00317211670256512,-0.002657399836467622,0.003996889158873307,0.06460871806661506,-0.008471235958768975,0.010248729195984962,0.006326430784281856
2002-03-01,-0.023656838977086148,-0.023406126897923207,-0.049404906485304934,-0.019488747590937328,-0.0291575359142926,-0.012875204451217037,-0.03665913505371232,-0.04072950229924621
2002-04-01,0.02492786149406867,0.026056586744103827,0.009695562604231434,0.02853374591016311,0.1665496319323354,0.055305507494170625,0.05870355293307927,0.05192668399749922
2002-05-01,0.007917272580384438,0.008349161126939064,0.011109274260208357,0.007952692883283818,0.09341327697019364,0.043990360130606865,0.05667043109615855,0.05407561567811303
2002-06-03,0.08808016877637126,0.08715477931687166,0.10021826118588573,0.08521776616813481,0.1612751334942948,0.07436115609361593,0.08020399886312468,0.08180112570356468
2002-07-01,0.15815729193178907,0.1591124407878335,0.16295794906506456,0.1585453898113991,0.09257982245865204,0.09494173619547364,0.22422259232327013,0.19694587918257356
2002-08-01,-0.030498938952771004,-0.03176748901655968,-0.02557866314899926,-0.03261514322343628,-0.03055030879263143,-0.03429388269275491,-0.03081260088360771,-0.022607550482879768
2002-09-02,0.10648173428711849,0.10540078983883028,0.13660216464414554,0.10098488439458575,0.08241158701170415,0.08038637010143956,0.1644040502084665,0.16892446633825964
2002-10-01,-0.0466448019157687,-0.0477206891294405,-0.03287491220517924,-0.049932699187886787,-0.14565383785056818,-0.05888273399724475,-0.08888272513124773,-0.08870703764320786
2002-11-01,-0.03858858858858849,-0.03751711993738993,-0.03504591167468307,-0.037862247759534284,-0.09052289623289811,-0.03591423420461948,-0.06566409639097237,-0.0686381255171814
2002-12-02,0.03867747972551472,0.0380826647709962,0.05309204770456333,0.03611708309847228,0.09011927694433108,0.028051425100841465,0.055605334940370454,0.0616821565635548
2003-01-02,0.08335210633025447,0.08441165134078532,0.06670268677243474,0.0867630158076198,0.04132432350289217,0.05661314480844015,0.11076173741483997,0.09254862338974501
2003-02-03,0.0014664410603495437,0.000992118172297829,-0.0007852760736195563,0.001272841258511681,-0.004036041853754058,0.030559034722135836,0.05990505930292822,0.05816004704121447
2003-03-03,0.004134337656453546,0.0031516089793210966,0.027146926121039527,-2.9852528509177745e-05,-0.030861601947918538,-0.027567783726687112,0.03635783149431848,0.030291347689596293
2003-04-01,-0.056784188034188054,-0.055462711510340545,-0.0931678438364304,-0.05034625128539505,-0.08136829529019685,-0.06310326301014912,-0.11057425469940585,-0.10415433195184531
2003-05-01,-0.06689263283820157,-0.06572334715784345,-0.10348572716654025,-0.060337395381277026,-0.06068532566047613,-0.052431083427292524,-0.02318241229895046,-0.02800690581239207
2003-06-02,0.03343120589295845,0.03510101010101008,-0.009237828399723869,0.041716280853296706,-0.026483320600967475,-0.015594547466669773,0.005293933734990652,0.004093032214571357
2003-07-01,-0.040290686177575585,-0.03897490656700486,-0.07852051411573224,-0.03281988468755115,-0.03714981729598055,0.002208941750498683,-0.045505504698148846,-0.050564623051250424
2003-08-01,-0.03011123897199841,-0.029122096036944378,-0.05326083106025714,-0.025211503105058264,-0.05730688935281847,-0.027638061090734967,-0.04659925410434862,-0.04871047710172671
2003-09-01,0.012034161490683148,0.011535344868678132,0.030838613084043898,0.008452481177399163,0.004388395464825612,-0.010020864934780493,0.06627036999077585,0.056712165081115984
2003-10-01,-0.03983599683175698,-0.039467057369168,-0.05050102284941582,-0.03770971963522807,-0.07469181570613892,-0.03852643908172826,-0.07311002602929728,-0.07475443296338813
2003-11-03,-0.014011392870268313,-0.014795435066985552,0.0026420997740308483,-0.017564506363902277,-0.0027296348508719648,-0.010381126610758629,-0.016065833651135453,-0.015365935354212046
2003-12-01,-0.020782726045883826,-0.02110654832869685,-0.01390103015032318,-0.022205322182263343,-0.011266970489966277,-0.034605800152225696,-0.043945438167546036,-0.031232254400908488
2004-01-02,0.01748443793482224,0.01999729766247782,-0.03686400105655885,0.029399480071301998,-0.016312237875040325,-0.023587750151286446,-0.01974140649637346,-0.021821933026503704
2004-02-02,-0.03532320734722716,-0.03540707272569288,-0.041929616449189466,-0.03430240246859162,-0.0011077617170978105,-0.01790697762938398,-0.022154761252124233,-0.02139390409629205
2004-03-01,0.0252138880086914,0.025163675232708238,0.004496202853420561,0.028632578428416267,0.024958368313125368,0.021017112391192194,0.03506046742561275,0.02707768384112308
2004-04-01,-0.01260447861261349,-0.013228443350619679,0.013444539262885025,-0.017591414997471855,0.02680016109772554,0.013133343743554127,0.00471768705059028,-0.0020296891789709504
2004-05-03,0.01834319526627226,0.017302275673984013,0.030565004563179343,0.015151446634167343,-0.0362605036294551,-0.003305127768781446,0.03433838623958363,0.0320791916536598
2004-06-01,-0.00610721556209004,-0.005247943073160011,-0.034214743589743635,-0.0004610461226924878,-0.014118168330457759,-0.006861196104568812,-0.03325352203005749,-0.0326605212968849
2004-07-01,0.007989128947824442,0.006851155292853406,0.036941023979261134,0.0020359034633006257,0.059189521662767586,0.02017500000677752,0.040930770771364644,0.0350812255809172
2004-08-02,-0.01797924885698554,-0.01858932102834554,-0.014896786550329888,-0.019173487633411535,0.0205884060495225,0.0006385686224810172,0.0017052610461163464,0.0004114379757251818
2004-09-01,-0.03395872176775694,-0.0340450821411894,-0.0354176535607138,-0.03382228278947974,-0.051605709802194144,-0.02261597847602237,-0.037341563903750874,-0.03601316781025654
2004-10-01,-0.0036893530271228103,-0.003215842254474799,-0.0044331258253159644,-0.003025381970520824,-0.024079957549419273,0.0008793401331155248,-0.013390825079480528,-0.011448735542050614
2004-11-01,-0.01664780649891706,-0.016193489301473463,-0.03531945223760646,-0.013068872896817463,-0.0736458949071338,-0.05108800646246714,-0.027179640328023003,-0.03037560827250607
2004-12-01,-0.021271388572021266,-0.021108394458027813,-0.0494031830238727,-0.016330515339717078,0.0022700201433105693,-0.00891185344390133,-0.019127817321095475,-0.023463023463023425
2005-01-03,-0.022725706479218122,-0.02180412165663481,-0.039942425332853526,-0.018733401138557038,0.0524067049079191,0.010659353436980101,-0.0129052628080496,-0.018796444703482296
2005-02-01,-0.01722283310226136,-0.017236651388725654,-0.007609053950115463,-0.018850228078560627,-0.0023506302177115357,-0.01735393293933507,-0.022605605436519793,-0.02541891508094296
2005-03-01,0.0168445103424808,0.017092995457805182,0.013954265660251153,0.017590450200751784,0.0394051791608534,0.03196345124381361,0.005661345067638823,0.006539217437913081
2005-04-01,0.02979078450595507,0.029408145687215503,0.06712835678937124,0.023398060678762267,0.03205709027821668,0.009256791000918252,0.037984598638902245,0.037288261240223886
2005-05-02,-0.04302504770801896,-0.044107268877911054,-0.058658123723454914,-0.041779750311312536,-0.08707277973709515,-0.033360440359842314,-0.05655687358439865,-0.054430113556708126
2005-06-01,-0.030604899570416788,-0.03063241106719361,-0.04002041309661308,-0.029058265727057386,0.04627213138950581,0.0065562930651530404,-0.025783750596052535,-0.027539195637355074
2005-07-01,-0.02461949628555893,-0.024180388666370067,-0.02252618866339373,-0.024540480263095743,-0.07426821769941183,-0.03311431540863907,-0.03367927142185978,-0.03429662300046088
2005-08-01,-0.009822830230993618,-0.009186448151686677,-0.023171122651791998,-0.007067641798551572,0.02083372959264529,0.011263779398000162,0.011622982734615261,0.005161119565936678
2005-09-01,-0.02950938605241671,-0.030115114579992164,-0.021260306981764288,-0.031452954167461855,-0.017650832404287442,-0.004169956309735934,-0.04842955463943832,-0.04568559972216091
2005-10-03,0.02905275260179474,0.028781990173791794,0.02453356649650895,0.029418093568323922,0.018439347423439,0.01990602790428997,0.04132590680614068,0.04016420361247963
2005-11-01,-0.03316707689420462,-0.03269967371258331,-0.07422088898412016,-0.025845223946978968,-0.07496420775928836,-0.048949972352399285,-0.05400195342620684,-0.050899230121871364
2005-12-01,-0.026764827784841683,-0.026616494631822363,-0.044767633580842014,-0.023606632068285616,0.03591052759542901,0.013116872400950719,-0.028518476388122105,-0.031310386473429985
2006-01-02,-0.035274743148363985,-0.03446551781607288,-0.05193993165231092,-0.03152045201090037,-0.03959089794631698,-0.02664062813728485,-0.03326145147706494,-0.042912873862158696
2006-02-01,-0.01004672818820096,-0.009704571711503629,-0.023969107419059443,-0.007262062227180621,0.010881752410626833,-0.006802673146420912,-0.020412345672524923,-0.02729368113334829
2006-03-01,-0.030530577732971187,-0.031118075988230798,-0.03816415342576662,-0.0299139482228582,-0.007142145690397728,-0.005062671596396506,-0.01872047934327492,-0.02598220396988371
2006-04-03,0.0002244442565038085,0.00019192630030073765,0.00023282415702463588,0.00018927004851287954,0.011952970751981873,-0.005654717963998079,0.010088804395947726,0.00803113098195074
2006-05-01,0.04991632799426249,0.049553481501376506,0.06103926791544945,0.04755908579419077,0.04332630198506715,0.0151507279458305,0.05250895615254114,0.05740216534858589
2006-06-01,-0.021520467836257384,-0.022448309812930778,-0.01962766405526073,-0.022899375301642988,0.019114263199369486,0.004315691223381046,-0.003983160975396749,-0.0045318537024663375
2006-07-03,0.0030098675390142215,0.0028634433729386455,0.016276605990561244,0.0006121574468953561,0.06822497878702172,0.00729504472162823,0.006130857550953106,0.004640438944665037
2006-08-01,-0.015499143702833451,-0.015169686557972129,-0.03683738572061712,-0.011482312599278788,-0.06576405971801924,-0.030582123262123617,-0.04718534163506405,-0.04679241083847996
2006-09-01,-0.006601915014275872,-0.005960819693259456,-0.032103273177106595,-0.0014569062897061835,-0.026543198535040724,-0.015257299616306619,-0.018391873561328542,-0.02185093471931221
2006-10-02,-0.03178270708429998,-0.032060878243513,-0.036987577938110694,-0.031187292873380734,-0.043826311012209795,-0.02667284785196633,-0.030356173119367114,-0.03391256342175131
2006-11-01,0.013024634596464635,0.013881422924901132,-0.02710559029432935,0.021270306267167527,-0.03800869800351514,-0.020695948272837605,0.020917629047148,0.011325871374258778
2006-12-01,-0.04765316651816187,-0.047124047124047164,-0.0542492442055762,-0.04585536521558631,0.010370539017587665,-0.015220681371824973,-0.05978546765755166,-0.061973165743927416
2007-01-02,0.004552319375963121,0.0050876714817844615,0.008118344249877563,0.004568441461073602,-0.019286053197130837,-0.019118299492131285,-0.0069336929988697005,-0.015008966076297536
2007-02-01,0.02566780135847546,0.026357504739999316,0.021631660885477855,0.027172811165394606,0.021671561778208615,0.03048646600771443,0.04465557016347077,0.037859473791556075
2007-03-01,-0.0363687769049299,-0.037024842861418716,-0.06598695567139179,-0.03158721437472389,-0.011210547388246894,-0.015013259236697385,-0.03777255313816519,-0.0436436338811137
2007-04-02,-0.015765772504899744,-0.015644795380218568,-0.01271890793693442,-0.01621282289734105,-0.05343140656443002,-0.041545619720332994,-0.0461690124170715,-0.03795271157815727
2007-05-01,-0.03590632680613404,-0.036205134029986374,-0.02339157313043705,-0.03849978881656402,-0.028434962090174487,-0.03256599240869096,-0.036127075666506525,-0.03736988280985398
2007-06-01,0.020534213385068778,0.01957151129125645,0.057428712622352496,0.013065677371387752,-0.013233578285878012,0.011125810328064256,0.01939708204891888,0.021591197434891907
2007-07-02,0.04996398908235533,0.05090212066814748,0.03086987997032775,0.054391839464240865,0.004647623748123442,0.036582344129334254,0.055040653284714525,0.0550512302562729
2007-08-01,-0.010061168723473957,-0.010894098528393958,-0.0149228764614735,-0.010237173051770299,-0.021948680816400445,-0.005549367128454774,-0.013719771228517641,-0.010142134425439764
2007-09-03,-0.02020741078308208,-0.021698168756992264,0.024987591932499997,-0.02936099903938516,-0.0605771456373968,-0.04721754535498257,-0.025775288288186093,-0.01897761917141294
2007-10-01,-0.01592326620207829,-0.0159346390079963,-0.03859000720092309,-0.012121018876175227,-0.03645764586472,0.025584470444479868,-0.0012728553406701204,-0.005453049712069502
2007-11-01,0.04193078346623724,0.03954461946209675,0.09150568181818164,0.031238990569272707,0.06269559118721157,0.024467680936322456,0.009973305395878596,0.024810309526677177
2007-12-03,-0.004906669277030984,-0.005153558052434448,-0.008515872196193763,-0.004692457781905968,0.008654882885871462,0.01745281858494052,0.007475980761563861,0.01273388139438425
2008-01-02,0.06226684863846099,0.06174842527199842,0.04555985314040023,0.06427076318836056,0.10480415249532427,0.03708114975385102,0.12198155383235032,0.11375862631092759
2008-02-01,0.03202309928871094,0.033639143730886945,0.017246028021050908,0.03618727464587823,0.0703871872241486,0.048131500988480624,0.05222676580937047,0.04568441388715261
2008-03-03,-0.007733391012096025,-0.009252321224955229,-0.031181672181265996,-0.005802569123360968,-0.0658643585487313,-0.02834729065621311,-0.020790984534640566,-0.017117645416212857
2008-04-01,-0.030011652190192195,-0.030235056236572633,0.026129256428075065,-0.038551069859131815,-0.06309708953565873,-0.02778922323499644,-0.018684869621596656,-0.0221718592141551
2008-05-01,0.013371493989696726,0.013415297922069414,0.0145744991589698,0.013256519647580456,-0.013155009866257283,0.017080358396115658,0.028092998252922996,0.018635440714265927
2008-06-02,0.0986197404781497,0.09839985932829265,0.11293830149762352,0.09629320082555792,0.07737651056793582,0.07841697470275077,0.12986886779273932,0.14209021601016514
2008-07-01,0.02188218359148375,0.021592297190486498,0.009151687236280903,0.023392664720701672,0.01979130168185006,0.01951942444810162,-0.00716092636758614,0.012674515859229185
2008-08-01,-0.04619770797724787,-0.04635625449686498,-0.0605345661299751,-0.04429019672236478,-0.024554882672733314,-0.01755044323946786,-0.014204613006776778,-0.025700495204663665
2008-09-01,0.1373711299137943,0.13678675754625114,0.18890882442130796,0.12969418843089842,0.1974293387901267,0.10487201058890072,0.09684255138800602,0.12262059744555098
2008-10-01,0.13097072419106337,0.128462302546567,0.22823652833538444,0.11620019445094631,0.17160516950739835,0.20155305259197065,0.1752118741475226,0.1815498461794296
2008-11-03,0.0949047696565195,0.09422928018698684,0.1051936491383938,0.09292606795244862,0.22323948825103557,0.18388863473359973,0.14055733506963408,0.14406658739595724
2008-12-01,-0.1090567082577032,-0.11003775070836086,-0.12022929847883779,-0.10879501248413459,-0.13653557015114348,-0.12404947495215712,-0.09780521748729532,-0.08816896521814555
2009-01-02,0.11519384404254285,0.11617618956621456,0.09496925176542126,0.1186944857250758,0.05682625966966337,0.12885728920383044,0.15360160819378366,0.1348557928930012
2009-02-02,0.11342737864607488,0.1144891037552509,0.03274828255802453,0.12464732213038121,0.11060027677932882,0.1778184571844328,0.16780947423770032,0.1518793582402631
2009-03-02,-0.08526601639327891,-0.08571498113666787,-0.10404493488783095,-0.08337020080341595,-0.14039009668585478,-0.1359390093770555,-0.10239467574383698,-0.09152245570663375
2009-04-01,-0.07880844645550522,-0.07608548992093267,-0.1360804508586998,-0.06778107192179528,-0.10318483195142547,-0.07572166199632369,-0.11693904872565608,-0.11853634176238259
2009-05-01,-0.05373499323362918,-0.054298450074008464,-0.02413457101686134,-0.05835750378923199,-0.05449794194107449,-0.06930707140513226,-0.06385007980767332,-0.060762408323383976
2009-06-01,0.03716524203666416,0.0375967059301201,0.03355264823071624,0.038122795579524915,-0.0028487720577314857,0.021165393013100386,0.03576720699832214,0.03158265153514561
2009-07-01,-0.07360085625172463,-0.0738086868373079,-0.07985256479402214,-0.07298514028950598,-0.09015305997100953,-0.07908939035033036,-0.08389458765103386,-0.08082319168721952
2009-08-03,-0.033158841481900625,-0.03159586427474392,-0.0535425909082472,-0.028474801336182742,0.02022759173852018,0.004591890462336101,-0.015343884171533206,-0.021831125173027432
2009-09-01,-0.046259599666903184,-0.045678452704744466,-0.04904967631185275,-0.045189894231359884,-0.0423485216723376,-0.030882001946310855,-0.03370266789066567,-0.042343673067454346
2009-10-01,-0.0069221109375477985,-0.007788664082939212,0.01641531797319784,-0.011105886962484046,-0.0038854451225708297,-0.012495243925265132,0.0171953889864096,0.022896327289632534
2009-11-02,-0.03625589444243549,-0.03727172018605185,-0.023778586136346647,-0.03909325191023627,-0.06421623193918469,-0.059508321764430105,-0.0378863062592496,-0.03423504321472659
2009-12-01,-0.03447514205810576,-0.034831155442868744,-0.039431720558437244,-0.03421061243486767,-0.0524672708962739,-0.021290740261018404,-0.04839618264961232,-0.04447463444281574
2010-01-04,0.04384836224079969,0.044880729270911246,0.021262635428490384,0.048200921978652334,0.07155027488754606,0.04021047959825519,0.08037475521696646,0.06111532625189664
2010-02-01,-0.027338296040685495,-0.027914364347721654,-0.017692300389352877,-0.029325149742690404,-0.04640381282495676,-0.02377297018721236,0.007425974681718239,0.009884300053635942
2010-03-01,-0.060886047570197,-0.06165749964316658,-0.08047804359465816,-0.05900025936092779,-0.05774765763742873,-0.05295812096501595,-0.0690951821386605,-0.07202787258248011
2010-04-01,0.028117414916094763,0.02935036269394642,-0.005448581902373073,0.03450206994412319,-0.03545973616853715,-0.020093405744730286,0.057518196342978944,0.04282059837615382
2010-05-03,0.07575985272570174,0.07577088624810235,0.0773754278165737,0.07553115255747289,0.10711483128433175,0.12286532463167088,0.08053464693199519,0.08194945848375457
2010-06-01,0.07080931250477729,0.0715461692373136,0.05272411963259005,0.07440045778494508,0.05801973005229444,0.042178801700140545,0.03491155976415938,0.03375352463095038
2010-07-01,-0.10721251064043757,-0.10837187577918961,-0.10053173010588357,-0.10956975121870771,-0.0866671230496211,-0.0874756807956093,-0.10754844676259756,-0.10219277018726036
2010-08-02,0.006041619240678475,0.006283284977718795,0.009967309055163076,0.005720770496477234,0.043372434823219175,0.04217861454183924,0.0393699337450788,0.03666396511134273
2010-09-01,-0.04230182267424765,-0.04178292788643867,-0.05018470668314379,-0.04049598598222748,-0.0884253230491836,-0.05752999227297617,-0.006454658221456189,-0.01576388361315806
2010-10-01,-0.018980723922298104,-0.01892634439501817,-0.026004847691277977,-0.01786247370324978,-0.061933265051070774,-0.03220904219642129,-0.03659847782481951,-0.03863569967864444
2010-11-01,0.008970929256738591,0.008841341819412873,0.006101210713337579,0.009237040319007406,-0.015909710888049378,-0.01797842244384229,0.042198929412499586,0.025694808599894925
2010-12-01,-0.04682566890314577,-0.046436412795101356,-0.06483977575526867,-0.04363434204415628,-0.040545995750211894,-0.05173634504598301,-0.0414026758891749,-0.042224215246636665
2011-01-03,-0.00910067357278277,-0.00899785267718578,-0.004278772310218337,-0.009714962855541187,-0.030417858448568702,-0.02731884675324514,-0.055666969312992864,-0.0425897303795294
2011-02-01,0.0036757304377756927,0.0036204359144700327,0.002967828223657376,0.0037164575387145238,0.004185275087895013,0.0009647627726958596,0.007890670304732783,0.004485078488873473
2011-03-01,-0.011925578231729017,-0.012232377495690616,-0.01149655001012051,-0.012339598530429652,-0.011805780820514533,-0.019574709975457294,0.006868224589256622,0.0034967456031023136
2011-04-01,-0.012107650323451846,-0.011952772124882216,-0.025399787579033606,-0.009881546648214945,-0.025504941270422132,-0.021163998231001235,-0.015278059350790407,-0.015642572334117255
2011-05-02,0.020206690940133498,0.02062449736890426,0.00033639082618908134,0.02383189314189993,0.035203747717956535,0.035507394606761,0.06409186394403865,0.048938299849860645
2011-06-01,-0.008906109289722575,-0.009172987997314586,-0.002528180407764591,-0.01020909018057492,-0.016477583118417516,-0.01875299467696745,-0.016695239718048427,-0.007451036048821913
2011-07-01,0.038583282574615296,0.03929105900994734,0.05219334389580377,0.03729026068373842,0.0031180306280664816,0.04097069502288275,0.10886732938989874,0.10102351746230176
2011-08-01,0.06819288845591798,0.06780510731630907,0.08189803920085548,0.06565842045527948,0.06083684459566041,0.0685159775686186,0.12472731215439659,0.11845152269847503
2011-09-01,0.07008039080660944,0.06985622765196653,0.08473872269900395,0.06760910255147268,0.06427214825614858,0.09569676808427152,0.07834013020053887,0.08644260894332101
2011-10-03,-0.059791240395484335,-0.060894263158078776,-0.04101656241394236,-0.06383206340598746,-0.09281795359319867,-0.09771973040613924,-0.05376306018860666,-0.04915368991198377
2011-11-01,-0.010326650688738392,-0.011236848840346259,-0.0035428151414920173,-0.012345746483183873,-0.004689935908539722,-0.021136396688690162,-0.023385368046191624,-0.01476408591630718
2011-12-01,-0.011599507327109682,-0.011804834035106904,0.009982282314978885,-0.014884392026244142,0.013771879376424101,-0.010354445212041208,-0.02377858408573108,-0.025186405410091872
2012-01-02,-0.04429596634496413,-0.04370761361593645,-0.08330626384853679,-0.037722424845269775,-0.08453970371918429,-0.05021134907008895,-0.04071167521319097,-0.051675231243576536
2012-02-01,-0.027117243443548267,-0.026497567556388435,-0.04458811861961831,-0.023693150684931497,-0.05876968005023575,-0.036385848808342725,-0.030553310367016362,-0.0319178572849923
2012-03-01,0.006638457860366431,0.0068910944377877925,-0.010270217399138137,0.009593371109927196,-0.050595815286487045,-0.03168147452531067,0.018983040005117635,0.006569723190321675
2012-04-02,0.010865390981924072,0.011097578356807025,0.013143414471316506,0.0107807158354023,0.02108606046381989,0.00940381073387786,0.08431562108475776,0.07109757144083062
2012-05-01,0.10537390445172257,0.10586684434127847,0.11183748263940929,0.10494677948895381,0.10903153125673604,0.0999801571870027,0.11506482457242861,0.11624119929115384
2012-06-01,-0.06643731722648882,-0.06740829825616368,-0.06731527646444257,-0.06744802008282758,-0.06331356213071859,-0.06405561454028941,-0.09747478273009669,-0.08841250436604964
2012-07-02,-0.012206027759686044,-0.012075947445370994,-0.008288791804895279,-0.012634740811017897,-0.003832827981921194,-0.006997779056519549,-0.01769964600707996,-0.016615860203512134
2012-08-01,-0.01109613087093786,-0.01050242476691221,-0.027552500928008206,-0.007917116009453995,-0.04945819986725519,-0.02235172980736133,-0.0526922624098215,-0.04423653001764538
2012-09-03,-0.013757512325809573,-0.013333204447838476,-0.030701547422030684,-0.010658969667293738,-0.007887541692314426,-0.02624571361755823,-0.014262789087605698,-0.019198261289543606
2012-10-01,-0.008610872735934305,-0.008615237182558633,-0.018553849996237104,-0.0070744738925130335,0.03972435553967979,0.011836454129642515,-0.013836542521913131,-0.009567089213106894
2012-11-01,-0.0007629431346529714,-0.0006607992798246531,0.005353591454207995,-0.0015873989140283706,0.005868614887118984,0.012864306705130613,-0.018777397419414865,-0.017852948085506082
2012-12-03,-0.029300713686642443,-0.028690583237728995,-0.046338166089828214,-0.02590350351811821,-0.027173062148867277,-0.03621577566564793,-0.047538958045182045,-0.045480025412010905
2013-01-02,-0.05036907466849394,-0.05034348526384913,-0.05000918968104273,-0.05039513237249571,-0.0063278773933053145,-0.03354089044226849,0.00043172157279491863,-0.009806098283007825
2013-02-01,-0.009245776868584965,-0.00909767306149245,-0.03452880066615516,-0.004916439344056833,0.00589937221362935,-0.0033105651429324867,0.03566638005159062,0.019927536231884257
2013-03-01,-0.006611174215533144,-0.006196681571179141,-0.012388817384709205,-0.00516864376908599,-0.017632737114194552,-0.028149108633111153,-0.0027705581512336153,-0.004209260372820212
2013-04-01,-0.006357520126268668,-0.006333198870512313,-0.0075776853524931465,-0.006130556834369583,-0.026547409817808343,-0.012971535610672325,-0.032348233975233565,-0.02255528616560154
2013-05-01,-0.012007712813841276,-0.011740317726085858,-0.014350540727194327,-0.01131473444166542,-0.039267217022927126,-0.03518408632517778,-0.013101676286693786,-0.016723857684666776
2013-06-03,0.031453209569251905,0.0315986440518643,0.014464027733529505,0.03445586244288812,0.021671477616274082,0.015763895446488485,0.047708017173665906,0.043024526240440064
2013-07-01,-0.05787187931224225,-0.05778774165870937,-0.06842345336131683,-0.056001364864905256,-0.06363752678885592,-0.05384447150245186,-0.06623134328358204,-0.06449793818066474
2013-08-01,0.024028041866298366,0.024900220408649698,0.01248564752196235,0.027018885092504163,0.01707553452340793,0.045252910767807686,0.012454534640188308,0.007850241545893866
2013-09-02,0.004487559069745961,0.005195249568725746,-0.006074941201624995,0.007148595745207764,-0.05509668633541809,-0.03659368445048938,-0.05418646991837761,-0.05125872004852905
2013-10-01,-0.03929458810537667,-0.03945649405249363,-0.03165759665210677,-0.04079296305425295,-0.03749344628796569,-0.03783232087972355,-0.03902835387629655,-0.034050587584231184
2013-11-01,0.018900573097653917,0.019177034454459507,0.007886662645299136,0.021137683785344974,-0.029124283641899895,-0.021796462952892837,-0.008153436694689709,-0.012155513393575013
2013-12-02,-0.021213933115483585,-0.0210229167008259,-0.03670687206366696,-0.018246746383919987,-0.023127395423572783,-0.016969028180202628,0.005653724104799807,0.0017072542198171003
2014-01-02,0.03551701695071441,0.036584433132494265,0.023194155119187654,0.039013805241846944,0.035769198797152235,0.05172509903779554,0.032378979473407066,0.024419218585005176
2014-02-03,-0.03772429369137187,-0.03833643882187576,-0.04986980025453691,-0.03617730142285369,-0.062116450694150616,-0.05626427074231266,-0.02947946784370603,-0.032655536757429604
2014-03-03,0.006717869029452261,0.0067161579956287465,-0.0019942026724266704,0.008378666418142666,0.002725784742821702,-0.021101948075297527,-0.041536684722911055,-0.039549927951681774
2014-04-01,-0.013523740852760868,-0.014113333856049515,0.03515508184682492,-0.022949476197959506,0.017815122683803253,0.0009763317457522902,-0.0038516128628862667,0.0036617638008493714
2014-05-01,-0.009008247332707775,-0.009042487635235408,-0.014551988261918392,-0.008046211447968465,-0.037128435041244634,-0.021445528319625873,-0.015130242009976036,-0.016046990432360242
2014-06-02,0.0099907171996243,0.009966040237582963,0.015373524307692676,0.008993197038918543,-0.04143666341492991,-0.02450349375919325,-0.0033479505693970735,0.004317946846682297
2014-07-01,0.020047653567555113,0.020016395116794428,0.028447609834639342,0.01852622627328504,0.0037784141434709095,0.0250197413004003,0.06058120726297522,0.060633425788557016
2014-08-01,-0.023473276682846045,-0.023442048517520186,-0.034744969803467085,-0.0214100165413732,-0.049696526124913376,-0.03904220877675124,-0.03227665706051874,-0.029971217619822244
2014-09-01,0.04161522280906338,0.042079214873363524,0.04905958822922263,0.040837084751552455,0.024547630800781928,0.029394744771346737,-0.006269013608422913,0.002257619465696692
2014-10-01,0.006567648505665824,0.006633245964492662,-0.015677062605358838,0.010719839949938192,-0.04426203635924053,-0.03550911470174489,0.03658283370967319,0.026291230893000783
2014-11-03,-0.023268164116281853,-0.0240245709602378,-0.0169608079507525,-0.025299074420442325,-0.02764322977704492,-0.01735068872961032,-0.04658032546529278,-0.04698377648971075
2014-12-01,0.009889077747730513,0.01063120699897091,-0.020694669062220394,0.016581141757536777,0.013610584938858139,-0.0023149785677305523,0.029772825726881225,0.021138669673055333
2015-01-02,-0.03138837200992772,-0.032092880126114776,-0.018562494955843833,-0.03461087644027694,0.009943928571598981,0.0184851002242028,-0.06844583707950191,-0.07033888436007929
2015-02-02,-0.02727841468109682,-0.027457569273985016,-0.051847196972507614,-0.022777438391848648,-0.06568364521556636,-0.04559573320648558,-0.06153563402755158,-0.06373003325519266
2015-03-02,0.0162670325639529,0.0173169422403594,0.007388131219190575,0.019258389015346156,0.03984731135258235,0.028015077407974154,-0.03332534745308735,-0.03353618377723322
2015-04-01,-0.023947490552277406,-0.02436539493775114,-0.01974208092730423,-0.02525783894817457,-0.03746302792374112,-0.023051569321359655,0.027464397235305915,0.021364186734831092
2015-05-01,-0.004125323198736486,-0.003098902526137981,-0.04126903107539981,0.004655156049114151,-0.009463168479605821,-0.0016296105054259824,0.011342530433225972,0.002725016188214857
2015-06-01,0.04719089315050318,0.04807291794281232,0.028399197383311536,0.0522032687759415,0.02091132852557087,0.01651434422905318,0.02252679991305029,0.024206919420802553
2015-07-01,-0.009152841491419927,-0.009457316678532002,0.002656463372327611,-0.011965098929226037,-0.03301784120950224,-0.009826029507449152,-0.03826814105738019,-0.034471718249733274
2015-08-03,0.09195859753488356,0.09422793759645431,0.04927151201043212,0.10399865314085566,0.10568855467318605,0.09623885892576789,0.14007771118909407,0.12810016855285333
2015-09-01,-0.0006907605542829653,-0.001075883698446023,0.0045759724165082005,-0.0022939594596598223,-0.012003206324501248,-0.005181045774498405,0.038995780453234596,0.031064767402166016
2015-10-01,-0.040972064892271676,-0.041663253343879436,-0.023518412805666578,-0.045479266874155155,-0.10862271108215182,-0.08565812868426548,-0.10640559033338182,-0.09885899658817598
2015-11-02,-0.007451916918811641,-0.00786966842575798,-0.01994432760396314,-0.005292659854744919,-0.0025959690069756736,0.0006735841214682292,-0.012972606361577599,-0.0156903765690376
2015-12-01,0.04328833350161254,0.04483735040307346,0.02304675522641708,0.049597681437219876,0.04853444651530725,0.04470368905936106,0.09949569635612177,0.08383555104719842
2016-01-04,0.012593443470834798,0.011228602139712107,0.03838195285901258,0.005499909242421719,0.04929388534758439,0.0377853367827532,0.04758342408664662,0.04281003048970189
2016-02-01,-0.015290863975269242,-0.01556055001209733,-0.01788202024004326,-0.015079117421435084,-0.010858835143139234,-0.019697645727766444,0.00821655391988374,0.008313203877403863
2016-03-01,-0.0006450925619052583,0.00036451437936313447,-0.003217230438953833,0.001111282856468776,-0.043791793705409754,-0.04555767664774324,0.014597329071405207,0.005425011827787429
2016-04-01,-0.012373966157173233,-0.012329962586728915,0.0025075067478894653,-0.015354323770524703,0.03441395529732705,-0.004156324819347579,-0.026155773923365988,-0.02211461353402011
2016-05-02,0.004046468363307687,0.004045644353448896,-0.015234326233319995,0.00806856666661293,-0.030699538148541206,-0.008526434624380186,-0.0020304267845213664,-0.002492077654370206
2016-06-01,-0.04149685693794036,-0.043337049650177484,0.03619570386304938,-0.05866676396319148,0.0186194983825152,-0.0017230528397323974,0.05400858809736886,0.05160476252103008
2016-07-01,-0.022018979507633096,-0.02093456627609036,-0.03930869625846223,-0.01734700737232875,-0.06698725557128526,-0.03127038960651296,-0.02839271933165055,-0.033248881799130436
2016-08-01,-0.013601473832153599,-0.013095534045982626,-0.03980026476739307,-0.007711270580806118,-0.005831806348660984,-1.2391383649057452e-05,-0.016629715425734548,-0.018571954813359604
2016-09-01,-0.03126494908767852,-0.03139887733543234,-0.01836223129515069,-0.03401579719110137,-0.01699062491973391,0.004472799722487153,0.006333166583291527,0.0020917927894672506
2016-10-03,0.014240928139562126,0.01421440031931831,0.03767669331689816,0.00959645171270207,0.020912380423739663,0.02342831392721756,-0.0081537469196038,-0.001290322580645209
2016-11-01,0.02016029240990691,0.020481391759207712,0.001483654086849695,0.024316852092351127,0.0069371216806757285,-0.03621971417787462,-0.0025833228856673163,0.0005840582828686713
2016-12-01,-0.05065294509477891,-0.05087849592544735,-0.03208061836770704,-0.05458620742758813,-0.026631192404011905,-0.021325321875069636,-0.08392798314730698,-0.07849413630955748
2017-01-02,0.0019556815653729576,0.0026317131636659497,-0.008932467845747305,0.0049495965614514414,-0.056100244396758425,-0.017866475038563312,0.015265793575785835,0.010505223987405055
2017-02-01,-0.037128367607205504,-0.037589334799340235,-0.03913025384277824,-0.037282097820639626,-0.04420376298300732,-0.04858300676585581,-0.038723379151672344,-0.03475810239549082
2017-03-01,0.01101491319523129,0.0116972277743983,0.0015178661871959598,0.0137600254850887,-0.007586429071094636,0.015737429038596318,-0.023824195062396747,-0.02547187592557687
2017-04-03,0.0021425921579614204,0.0031183607186178186,-0.03370419915821066,0.010931518030411036,-0.035070143128360765,-0.012348433665203107,-0.024342691152632767,-0.026117739609282875
2017-05-01,-0.040020059694550136,-0.04071134345760896,-0.019752511416437746,-0.04504776789324183,-0.032129054685876235,-0.017174012620505552,-0.0020829712196734906,-0.01156009434695826
2017-06-01,0.024314465096657356,0.024836614110566035,0.03572332499846009,0.022594274978345208,0.03922757298788837,0.00043070958519009217,0.021538972624512764,0.021201694017998873
2017-07-03,-0.010222728746450915,-0.009925257525764675,-0.027344992851245364,-0.006273186002591635,-0.050586318870139646,-0.019113757553868016,0.00414678825210868,0.0020688557636201477
2017-08-01,-0.0010869165184321794,-0.0009881542586299696,0.0039128320878512035,-0.0019950258788734576,-0.015486063561515606,-8.285712024502789e-05,0.009730304191783556,0.0061379163108452595
2017-09-01,-0.0017634308526922604,-0.0014993555189583008,-0.008562383437239807,-4.570605094345037e-05,0.0010000137079779758,-0.020783117321697353,-0.044080950623006654,-0.039524273337776084
2017-10-02,-0.008995123798243299,-0.008573750800192848,-0.018259327910335577,-0.006559864101838175,-0.04268572743599175,-0.019477925457201284,-0.025615297235895507,-0.02572170612326441
2017-11-01,0.025166278083142757,0.025365748127315513,0.023865742606173024,0.025679098252309185,-0.01407853800817116,-0.02379063814545357,0.04814956556250083,0.03864709238989472
2017-12-01,-0.04370224602798789,-0.044499463253412475,-0.03998994267810041,-0.04545050404675677,-0.02664089829715588,-0.019880482666099097,0.010704288305221299,0.0020011955194012554
2018-01-02,0.02102531833167709,0.02164908373570884,0.024567586500039207,0.021054978445715022,-0.05653289485885982,-0.04470842575232481,-0.024364403818468938,-0.02754820936639124
2018-02-01,0.04115822810425773,0.04189409832048563,0.03241866436166685,0.04386368323940437,0.022362945079076546,0.05389198500831438,0.052421774791419073,0.0480214017057794
2018-03-01,0.015179101066466139,0.01476718842374214,0.004687964884712459,0.016867872817117657,0.05628448980939438,0.03710057812101053,0.011203331845902165,0.009492232412631418
2018-04-02,-0.058312436068880036,-0.05862499731286164,-0.04363259473017911,-0.06166593088628736,-0.04356864698851126,-0.02746688291893229,-0.04941944314049307,-0.04208288509809954
2018-05-01,-0.024127148942195364,-0.024702689480856854,-0.03033606990162452,-0.023554325823804234,-0.05674311910416896,-0.02918805249243328,0.0239522345187837,0.013840920304344584
2018-06-01,0.019779273035308798,0.020036451514021003,0.01839573791144833,0.02039256212033891,-0.001957502720201787,0.002899130814535855,0.024117715088918024,0.02954229494171745
2018-07-02,-0.012657325542991482,-0.013011836831378631,-0.009403662337325258,-0.013728111267478527,-0.024071321333605122,-0.03079980844290764,-0.039045602596580964,-0.036575314238615264
2018-08-01,0.016862212600632143,0.01731468491424981,0.005103438612088951,0.019762545638674966,-0.04986142889579204,-0.03038161717917487,0.03364958365120385,0.023030303030302957
2018-09-03,0.0034524559957329615,0.0033755153047299036,0.014442280629433313,0.0011913544753170413,0.0011903807400293065,-0.007889376938155834,-0.005614851090751438,0.00015812776723600486
2018-10-01,0.055667886667861266,0.05528636030619216,0.06411874026245656,0.053552805053228125,0.0815204498518991,0.06722385369142336,0.06552317107805039,0.0716524980935973
2018-11-01,0.011392434553686215,0.011437215411111312,0.03275613625406382,0.0073983243680273425,0.000996582760477649,-0.017917698713378227,-0.003353043088780927,0.0018391715239658435
2018-12-03,0.049362058146831256,0.04980873745258663,0.0555618734611949,0.04873311425359694,0.11024657165553964,0.11168766462202973,0.07410513233417304,0.07835479343381957
2019-01-02,-0.044271658142734815,-0.04470918656289957,-0.06510264802616705,-0.04073803954861821,-0.07485239657579257,-0.07260335037419641,-0.05611266681803273,-0.06142787594146448
2019-02-01,-0.01512885220668514,-0.015177401974021176,-0.030324258427342876,-0.012172968439774556,-0.03860046434546138,-0.03465459716294328,-0.042565139941426855,-0.04273808871100382
2019-03-01,-0.022190943115082296,-0.0228163324693772,0.008362805087230418,-0.028787626172209202,-0.04370497709675414,-0.02214691514236289,-0.021646019058421895,-0.01761284067650548
2019-04-01,-0.01302127029561273,-0.012425688198518858,-0.02901925633424096,-0.00919128101109512,-0.03527301299935348,-0.019337614368814093,-0.03677211192106111,-0.03191156533528006
2019-05-01,0.030907379613848596,0.03138352252032739,0.0496138986935013,0.027900567865493775,0.11089540194585368,0.06532665385631153,0.06496536594530067,0.06746075921184458
2019-06-03,-0.040066614898490394,-0.04120967780780216,-0.038579226734763994,-0.04170723574524837,-0.10171304886705157,-0.07417736632000305,-0.05643028485328483,-0.050999656656894654
2019-07-01,-0.008966103048475005,-0.009680950779556219,1.782593837007518e-05,-0.011518984504678365,-0.004231173214807149,0.0036473610271210433,0.0021661704913711333,0.00010565519427352399
2019-08-01,0.03569593539541982,0.0360781561591097,0.007841265197071179,0.041600177974550734,0.014321678408965921,0.009261024444532584,0.016748530242910675,0.019002503162597995
2019-09-02,-0.012046671255874775,-0.01210828123436114,-0.01968870044613702,-0.010648993522020755,0.0008922271347926447,-0.004690249661202128,-0.024361543380942208,-0.02125922023182314
2019-10-01,0.003907784246558466,0.004214082242019135,-0.014184893225132278,0.00792887837182743,-0.05845058678495374,-0.04130082261498824,-0.029110808170564106,-0.030296837480202177
2019-11-01,-0.0032286279941622364,-0.0026552307556894084,-0.026156256385804766,0.002261890710052672,-0.017822646059937886,-0.015080541483764809,-0.0008051485388760327,-0.0011482228062567046
2019-12-02,-0.0462915262568353,-0.04571427238174797,-0.06369013614350105,-0.04186578646292238,-0.0634518827815227,-0.04419304057114026,-0.043914964515822885,-0.04143328849211203
2020-01-02,0.038141009128622505,0.03915402668942525,0.04477324871165389,0.03794406734085776,-0.02783328322137779,0.0027463853428442153,0.03604486967636911,0.024712398806987723
2020-02-03,0.09964309126666193,0.10008721790874375,0.09632053135216068,0.1008912243478104,0.027962898759154475,0.051352830116876635,0.0965727515327226,0.09180713660245177
2020-03-02,0.23927826366043492,0.23727163525001327,0.32683265508139026,0.22005767640712293,0.18589869717791996,0.25085095982828465,0.2456926463455582,0.2497093222077833
2020-04-01,-0.062171373388808626,-0.06121159172444568,-0.09915198713923534,-0.05352885446273348,-0.14130152638526916,-0.12724766445108204,-0.08457510937761481,-0.0923988950619199
2020-05-01,-0.06537435897435906,-0.06540502821603433,-0.06535598549098154,-0.06541234622357861,-0.09175105405449613,-0.07364122040902199,-0.048730961168581444,-0.0542182821581636
2020-06-01,0.001385065937355101,0.0019902229571928665,0.005125242663660101,0.001373831593579622,-0.06618781840850607,-0.019296608600698928,-0.04662608991931105,-0.03389013357533821
2020-07-01,0.01739961188237049,0.01754132188709434,0.001824791993528585,0.020738125429937693,-0.0701784411070534,-0.05425674526789703,-0.006104769293287626,-0.009772810244600971
2020-08-03,0.017834514906664323,0.0194903496284613,-0.025361553230405676,0.029136564853592173,-0.10069151506854024,-0.06579553243611014,-0.008939522452541149,-0.013163729076599018
2020-09-01,-3.038673193733743e-05,-0.00022867940651671859,0.012721287936923842,-0.0029594604937536184,0.06126630086686724,0.04314149325546923,0.026138900281457156,0.0172243678290529
2020-10-01,0.03339875335604714,0.03468533819839226,0.0118122152298068,0.03969605497465056,0.04496679539298887,0.021314820121577815,0.05780681825708567,0.04510635790466089
2020-11-02,-0.11887099942725432,-0.11786289060139843,-0.13425626146080516,-0.1142977071857384,-0.11003878983175552,-0.09616829790020809,-0.14345122601581728,-0.13572010592788752
2020-12-01,-0.02962276815679954,-0.029419839799549652,-0.033746407250209165,-0.028477391553102138,-0.01885351051012385,-0.010320763386551746,-0.010983646570661532,-0.018543509771579814
2021-01-04,0.01375627388431,0.014653659222636728,0.0071236555185161254,0.01630886951357935,-0.041832529493014414,-0.01939933019721396,0.009499129104889814,0.007858546168958647
2021-02-01,-0.02325964721051721,-0.022299494936139808,-0.039056690727216736,-0.018533724518215666,-0.002563661860431221,-0.03279460464507844,-0.04742056105022907,-0.038133540071712435
2021-03-01,-0.02280709958329441,-0.022361822036089163,-0.023522650461264005,-0.022081546019919074,-0.003493150350931784,-0.029366605160461412,-0.06065444150472887,-0.05195461435986959
2021-04-01,-0.033788922775707,-0.033469510138300684,-0.033990639794784894,-0.03335958942926709,-0.03407344743758911,-0.04121304825846006,-0.013571651771764226,-0.016979002032061374
2021-05-03,-0.016097682654858114,-0.015785694260686545,-0.016507985358682253,-0.015627515726379326,0.010628661177571885,-0.002233200166319116,-0.017560017191625255,-0.01950366385512825
2021-06-01,-0.0033034252729263747,-0.003155022663702045,0.01115922438417627,-0.0062735433309567545,-0.062188299576361517,-0.0272916978640515,-0.00175047623250435,-0.006116746243041704
2021-07-01,0.0003274958632102365,0.0004561786454437833,-0.025254786250138328,0.0061341030145218856,-0.02697007088657133,-0.01532104204457374,-0.009165286084214741,-0.013843383166619594
2021-08-02,-0.016351671135461432,-0.015696328430342965,-0.04297419923359336,-0.009527485929755053,-0.04150391072259574,-0.03026825955783452,-0.026175285704485574,-0.02648866732853139
2021-09-01,0.024735850602014997,0.024317327022796542,0.05549585498113885,0.01747100854267858,0.05541552363981661,0.03834103936965105,0.047572671176864256,0.04764539258210143
2021-10-01,-0.030677400107783415,-0.03135613924990521,-0.010143801144446574,-0.03588470794196985,-0.07000267458387088,-0.05562468341384408,-0.057276420579983056,-0.04989382056727154
2021-11-01,0.016455581667762953,0.01607490100732778,0.01302725602754462,0.016731113677831866,0.0017358288978195358,0.022299134228083606,0.02424416448320854,0.01979072859041997
2021-12-01,-0.028238934225597867,-0.028325691056525937,-0.02419337322690318,-0.02923134006992989,-0.03781722055479142,-0.05911005576244921,-0.03524384669723124,-0.03288818845388186
2022-01-03,-0.005779117680414059,-0.007128383693000395,0.05922381601538085,-0.020069588018758466,0.09867662267304422,0.05499176406492956,0.025416326385683252,0.03420618070299586
2022-02-01,0.03738017681502548,0.03656803235997064,0.08132916826011272,0.028045619491964713,0.07237547771535136,0.055797875970717836,0.1217786157175671,0.10934265933909071
2022-03-01,-0.02845828531151473,-0.028581425974130492,-0.03380948543242268,-0.02755409331511427,-0.057547459789955235,-0.052706602750571374,-0.03900037767819775,-0.036934356741894825
2022-04-01,0.003431203884237455,0.0030901381194505806,0.02459351644791008,-0.0008814309667244391,0.13653914733018824,0.09396929415030786,0.049897654081512366,0.04378916152484824
2022-05-02,0.005072046109509953,0.004588576683550283,0.021497171100335777,0.0015399013666625994,0.042035997680653914,0.013202820285759032,-0.007208328678508513,-0.002362035645265159
2022-06-01,0.05684474483696822,0.05635922525569792,0.08777817006832667,0.05081849441666142,0.08309295029482966,0.07212553721890536,0.09025580646751608,0.09470577480607001
2022-07-01,-0.03903816745486077,-0.03905972260849577,-0.07182795356196425,-0.03301714997936178,-0.10471599747866878,-0.07121385715287432,-0.06968882701760637,-0.0650990159451077
2022-08-01,0.044276345113021476,0.04434543879455566,0.08573117173703082,0.037059522976848225,0.054271148813100245,0.03826191777390742,0.0723001706830213,0.07086264152916866
2022-09-01,0.04039694737399957,0.03978875273775806,0.06993742507902856,0.03470087251547316,0.0930474979489706,0.07840888479342056,0.03426815512077486,0.039946701473867474
2022-10-03,-0.03944002545338843,-0.04026837179878162,-0.05006732285844617,-0.038601979360325944,-0.005246367842969946,-0.04607580640116915,-0.0845927987247399,-0.07199636611401306
2022-11-01,-0.05126489963873804,-0.05121251904088919,-0.06252221859282747,-0.049259838936083766,-0.06252686973271238,-0.05408097721452598,-0.08369431547245576,-0.07385420805384824
2022-12-01,0.016173717157489387,0.01653224042121848,0.029513605261761944,0.014325513235834864,0.10074561037068253,0.06174504751482268,0.03330057130409303,0.02806410533650494
2023-01-02,-0.041788447746805124,-0.04169122357463173,-0.05254355344663486,-0.03986156619349546,-0.1151282072851606,-0.06790471300033618,-0.07559739562357348,-0.0730528519566137
2023-02-01,-0.015794589340677123,-0.016502549956698753,0.0014060974505047952,-0.01943415797739212,0.0355601304578681,0.04247009720087913,-0.010510585305105957,-0.010272236305521765
2023-03-01,0.034818030945635625,0.0344526841430437,0.052501110998701694,0.03153004040140761,-0.09201025223697279,-0.04197149913225984,-0.022105983461105816,-0.006025416301489894
2023-04-03,-0.02523909678955516,-0.025531413685114912,-0.028094006014885875,-0.025102375050345738,-0.006281842649659142,-0.010403619175074819,-0.011070559331637364,-0.010450544208837509
2023-05-01,0.047227328730956586,0.048061189911410285,0.031728681478837784,0.050772535569478805,-0.08378935088034056,-0.012592524432837315,0.023886640627018618,0.026553005853680256
2023-06-01,-0.0017107366417336012,-0.0018144873891918767,0.017289495168785862,-0.004914138743712826,-0.0504435193740842,-0.05264701076101208,-0.031954344440276006,-0.026330617198335626
2023-07-03,,,,,,,,
