Date,HIGH,LOW,CLOSE,OPEN,COUNT,VOLUME,SHROUT
2012-04-12,28.0,26.75,27.0,27.0,19.0,424500.0,600310224.0
2012-04-13,27.5,26.0,26.875,26.0,24.0,280926.0,600310224.0
2012-04-16,26.277,25.378,25.75,25.75,12.0,189393.0,600310224.0
2012-04-17,25.3,25.0,25.0,25.25,8.0,105045.0,600310224.0
2012-04-18,25.7,24.75,24.75,25.5,11.0,123350.0,671347392.0
2012-04-19,26.106,25.5,26.0,25.65,4.0,35286.0,671347392.0
2012-04-20,26.475,25.5,25.5,26.3875,14.0,127210.0,671347392.0
2012-04-23,26.7,26.15,25.875,26.7,2.0,9325.0,671347392.0
2012-04-24,25.0,25.0,24.75,25.0,2.0,25000.0,671347392.0
2012-04-25,25.9,25.456,25.5,25.8125,5.0,82604.0,671347392.0
2012-04-26,25.25,24.5,25.125,25.25,11.0,133220.0,671347392.0
2012-04-27,25.25,24.25,24.625,24.25,8.0,62704.0,671347392.0
2012-04-30,,,24.875,,,,671347392.0
2012-05-01,25.0,24.5,24.75,25.0,3.0,45900.0,671347392.0
2012-05-02,25.25,24.933,24.875,25.1825,4.0,138500.0,671347392.0
2012-05-03,25.415,25.25,24.875,25.25,5.0,92289.0,671347392.0
2012-05-04,25.88,25.5,25.5,25.5,2.0,8089.0,671347392.0
2012-05-08,24.0,21.75,22.0,24.0,32.0,376756.0,671347392.0
2012-05-09,23.0,22.0,22.125,22.5,34.0,206217.0,671347392.0
2012-05-10,23.5,22.5,22.625,22.75,10.0,103578.0,671347392.0
2012-05-11,,,23.0,,,,671347392.0
2012-05-14,22.5,22.4,22.25,22.5,3.0,26272.0,671347392.0
2012-05-15,21.0,20.0,20.0,20.75,20.0,388099.0,671347392.0
2012-05-16,18.888,18.15,18.5,18.5,7.0,77332.0,671347392.0
2012-05-17,18.85,18.25,18.75,18.83,4.0,16231.0,671347392.0
2012-05-18,17.663,17.5,18.25,17.5,2.0,207500.0,671347392.0
2012-05-21,18.65,17.5,17.75,17.5,6.0,62523.0,671347392.0
2012-05-22,19.537,18.5,19.0,18.5,12.0,203116.0,671347392.0
2012-05-23,19.49,19.49,19.25,19.49,1.0,20893.0,671347392.0
2012-05-24,19.0,19.0,18.75,19.0,1.0,25000.0,671347392.0
2012-05-25,19.02,18.75,19.125,18.75,3.0,88461.0,671347392.0
2012-05-28,,,19.125,,,,671347392.0
2012-05-29,19.76,19.5,19.375,19.5,4.0,104428.0,671347392.0
2012-05-30,15.75,14.25,14.5,15.5,27.0,662561.0,671347392.0
2012-05-31,14.75,13.75,14.0,14.75,16.0,302654.0,671347392.0
2012-06-01,15.5,14.95,15.0,15.5,16.0,552699.0,671347392.0
2012-06-06,16.0,15.0,15.5,15.638,8.0,44545.0,671347392.0
2012-06-07,17.5,16.0,17.5,16.0,8.0,226000.0,671347392.0
2012-06-08,17.65,17.5,17.0,17.5,2.0,11200.0,671347392.0
2012-06-11,17.4,17.4,17.25,17.4,1.0,15000.0,671347392.0
2012-06-12,17.5,17.35,17.0,17.5,7.0,101689.0,671347392.0
2012-06-13,,,16.0,,,,671347392.0
2012-06-14,16.75,15.5,15.875,16.75,4.0,53363.0,671347392.0
2012-06-15,,,16.0,,,,671347392.0
2012-06-18,,,15.75,,,,671347392.0
2012-06-19,15.5,15.5,15.125,15.5,6.0,160000.0,671347392.0
2012-06-20,16.91,15.25,16.25,15.25,21.0,564677.0,671347392.0
2012-06-21,17.75,16.25,16.625,17.6,23.0,443663.0,671347392.0
2012-06-22,16.75,15.75,15.625,16.75,12.0,250641.0,671347392.0
2012-06-25,15.1,14.39,14.25,15.0,44.0,379405.0,671347392.0
2012-06-26,14.9,14.9,15.25,14.9,2.0,35133.0,671347392.0
2012-06-27,15.5,14.75,14.5,15.14,5.0,26321.0,671347392.0
2012-06-28,14.875,13.933,14.375,14.0,16.0,212973.0,671347392.0
2012-06-29,14.5,14.0,14.25,14.2733,11.0,168516.0,671347392.0
2012-07-02,14.0,14.0,14.25,14.0,2.0,20000.0,671347392.0
2012-07-03,14.91,14.7,14.625,14.7,2.0,35732.0,671347392.0
2012-07-04,14.57,14.5,14.625,14.5,2.0,200000.0,671347392.0
2012-07-05,15.0,14.87,14.625,14.87,2.0,27000.0,671347392.0
2012-07-06,15.0,15.0,14.75,15.0,1.0,6600.0,671347392.0
2012-07-09,15.0,13.883,14.375,15.0,8.0,36553.0,671347392.0
2012-07-10,13.75,13.0,13.5,13.75,13.0,238000.0,671347392.0
2012-07-11,13.04,12.75,12.75,12.75,12.0,228035.0,671347392.0
2012-07-12,,,13.0,,,,671347392.0
2012-07-13,,,13.0,,,,671347392.0
2012-07-16,12.5,12.5,12.25,12.5,4.0,68000.0,671347392.0
2012-07-17,12.85,12.8,12.5,12.85,2.0,20533.0,671347392.0
2012-07-18,13.2,12.8,12.75,12.8,4.0,31396.0,671347392.0
2012-07-19,14.4,13.0,12.5,13.4,9.0,162786.0,671347392.0
2012-07-20,13.0,12.0,11.75,12.5,7.0,140546.0,671347392.0
2012-07-23,11.95,11.0,11.0,11.95,7.0,94223.0,671347392.0
2012-07-24,10.75,10.075,10.25,10.75,4.0,108703.0,671347392.0
2012-07-25,10.0,10.0,9.875,10.0,4.0,67890.0,671347392.0
2012-07-26,11.0,11.0,11.25,11.0,1.0,24000.0,671347392.0
2012-07-27,12.0,11.35,11.625,11.35,13.0,184442.0,671347392.0
2012-07-30,12.5,12.0,12.125,12.0,7.0,237025.0,671347392.0
2012-07-31,12.34,12.34,12.0,12.34,2.0,1648.0,671347392.0
2012-08-01,12.25,12.0,11.875,12.25,6.0,132286.0,671347392.0
2012-08-02,11.51,11.0,11.0,11.5,26.0,236100.0,671347392.0
2012-08-03,11.0,11.0,10.875,11.0,3.0,60000.0,671347392.0
2012-08-06,11.0,10.5,10.625,10.75,28.0,265163.0,671347392.0
2012-08-07,10.655,10.25,10.375,10.655,5.0,209577.0,671347392.0
2012-08-08,10.812,10.44,10.625,10.812,3.0,53681.0,671347392.0
2012-08-09,10.3,10.3,10.375,10.3,1.0,20000.0,671347392.0
2012-08-10,10.8,10.5,10.625,10.8,3.0,5676.0,671347392.0
2012-08-13,11.05,9.755,10.5,11.05,14.0,259922.0,671347392.0
2012-08-14,10.5,10.5,10.75,10.5,1.0,12878.0,671347392.0
2012-08-15,11.5,10.75,10.875,11.5,9.0,152500.0,671347392.0
2012-08-16,12.49,12.0,12.375,12.0,5.0,124979.0,671347392.0
2012-08-17,12.5,12.25,12.125,12.5,3.0,26606.0,671347392.0
2012-08-20,11.697,11.688,11.75,11.688,2.0,24150.0,671347392.0
2012-08-21,11.5,11.5,11.625,11.5,2.0,25000.0,671347392.0
2012-08-22,,,11.25,,,,671347392.0
2012-08-23,11.95,11.25,11.625,11.95,3.0,35000.0,671347392.0
2012-08-24,,,11.5,,,,671347392.0
2012-08-28,11.69,10.25,11.25,11.69,8.0,129640.0,671347392.0
2012-08-29,10.5,10.0,10.5,10.05,9.0,112208.0,671347392.0
2012-08-30,10.0,8.75,8.975,10.0,25.0,476144.0,671347392.0
2012-08-31,9.5,9.0,9.375,9.0,8.0,54674.0,671347392.0
2012-09-03,9.469,9.4,9.375,9.4,2.0,17613.0,671347392.0
2012-09-04,9.0,8.75,8.875,9.0,13.0,211196.0,671347392.0
2012-09-05,8.598,7.984,8.125,8.5,20.0,326980.0,671347392.0
2012-09-06,8.954,8.74,8.5,8.954,4.0,23956.0,671347392.0
2012-09-07,9.0164,8.25,8.625,8.49,9.0,192061.0,671347392.0
2012-09-10,8.5,7.5,8.0,8.25,14.0,298996.0,671347392.0
2012-09-11,8.59682,7.525,7.625,7.525,6.0,202000.0,671347392.0
2012-09-12,8.745,8.1,8.625,8.1,7.0,246794.0,671347392.0
2012-09-13,9.0,8.69,9.25,8.69,3.0,15000.0,671347392.0
2012-09-14,9.45,9.075,9.375,9.2,5.0,45258.0,671347392.0
2012-09-17,9.45,9.1,9.35,9.45,3.0,28868.0,671347392.0
2012-09-18,10.49,10.0,10.25,10.0,8.0,139659.0,682929992.0
2012-09-19,11.66853,10.1,11.0,10.1,26.0,306976.0,682929992.0
2012-09-20,11.5,10.76,11.125,11.25,8.0,102977.0,682929992.0
2012-09-21,11.15,10.25,10.875,11.15,7.0,98774.0,682929992.0
2012-09-24,10.99,10.5,10.75,10.5,3.0,45000.0,682929992.0
2012-09-25,10.9333,10.55,10.75,10.55,2.0,43244.0,682929992.0
2012-09-26,10.6,10.01,10.25,10.5,4.0,54567.0,682929992.0
2012-09-27,,,10.625,,,,682929992.0
2012-09-28,10.3954,10.375,10.375,10.375,3.0,5098.0,682929992.0
2012-10-01,10.122,10.12,10.25,10.12,2.0,17803.0,682929992.0
2012-10-02,10.25,10.25,10.125,10.25,4.0,97414.0,682929992.0
2012-10-03,10.0,9.51,9.8,10.0,5.0,82942.0,682929992.0
2012-10-04,9.5,9.5,9.625,9.5,3.0,54000.0,682929992.0
2012-10-05,9.4,9.4,9.45,9.4,1.0,16712.0,682929992.0
2012-10-08,,,9.45,,,,682929992.0
2012-10-09,10.0,9.6,9.75,9.75,5.0,96960.0,682929992.0
2012-10-10,9.75,9.75,9.75,9.75,1.0,100000.0,682929992.0
2012-10-11,9.5,9.3,9.5,9.5,3.0,20441.0,682929992.0
2012-10-12,9.02,9.02,9.575,9.02,1.0,44222.0,682929992.0
2012-10-15,9.5,9.015,9.325,9.5,12.0,228454.0,682929992.0
2012-10-16,9.0,8.25,8.525,8.25,21.0,286041.0,682929992.0
2012-10-17,9.25,9.25,8.95,9.25,2.0,4000.0,682929992.0
2012-10-18,9.35,9.35,9.125,9.35,1.0,1100.0,682929992.0
2012-10-19,9.15,9.15,9.0,9.15,1.0,5000.0,682929992.0
2012-10-22,,,9.0,,,,682929992.0
2012-10-23,,,9.0,,,,682929992.0
2012-10-24,,,8.625,,,,682929992.0
2012-10-25,,,8.375,,,,682929992.0
2012-10-26,8.25,7.55,7.875,8.25,8.0,110058.0,682929992.0
2012-10-29,7.675,7.1,7.375,7.675,16.0,342200.0,682929992.0
2012-10-30,8.0,7.5,8.25,7.5,7.0,130858.0,682929992.0
2012-10-31,8.28,7.46043,7.75,7.7,8.0,505193.0,682929992.0
2012-11-01,8.25,7.5,8.01,8.25,5.0,176174.0,682929992.0
2012-11-02,8.9,8.0,8.625,8.0,15.0,1342613.0,682929992.0
2012-11-05,,,8.5,,,,682929992.0
2012-11-06,8.25,8.1,8.125,8.1,2.0,28000.0,682929992.0
2012-11-07,9.0,9.0,8.275,9.0,1.0,546.0,682929992.0
2012-11-08,8.4,8.4,8.25,8.4,1.0,6000.0,682929992.0
2012-11-09,8.0181,8.0181,8.5,8.0181,1.0,13888.0,682929992.0
2012-11-12,,,8.5,,,,682929992.0
2012-11-13,8.6453,8.6453,8.5,8.6453,1.0,19888.0,682929992.0
2012-11-14,8.25,8.25,8.125,8.25,3.0,37918.0,682929992.0
2012-11-15,8.0,7.25,7.5,8.0,8.0,233167.0,682929992.0
2012-11-16,7.6,7.06,7.5,7.6,3.0,39095.0,682929992.0
2012-11-19,7.03,7.03,7.25,7.03,1.0,29591.0,682929992.0
2012-11-20,7.45,7.45,7.125,7.45,1.0,23598.0,682929992.0
2012-11-21,7.0,6.75,6.625,7.0,8.0,75921.0,682929992.0
2012-11-22,7.1,6.5,6.8,6.7,12.0,222960.0,682929992.0
2012-11-23,7.568,7.1,7.15,7.568,2.0,30000.0,682929992.0
2012-11-26,7.096,6.6,6.975,7.05,9.0,140720.0,682929992.0
2012-11-27,,,7.125,,,,682929992.0
2012-11-28,7.5,7.0,7.325,7.5,4.0,91675.0,682929992.0
2012-11-29,7.392,6.9,7.05,7.392,3.0,213528.0,682929992.0
2012-11-30,,,7.25,,,,682929992.0
2012-12-03,7.0,6.6,6.8,7.0,5.0,251672.0,682929992.0
2012-12-04,6.7,6.7,6.675,6.7,1.0,150000.0,682929992.0
2012-12-05,6.65,6.25,6.5,6.5,5.0,31243.0,682929992.0
2012-12-06,6.6,6.09195,6.5,6.25,7.0,493287.0,682929992.0
2012-12-07,6.7,6.1,6.625,6.4,5.0,99489.0,682929992.0
2012-12-10,6.1,6.038,6.375,6.1,4.0,141803.0,682929992.0
2012-12-11,6.25,5.7451,6.125,6.25,3.0,426408.0,682929992.0
2012-12-12,6.0,5.60636,5.875,5.938,22.0,667516.0,682929992.0
2012-12-13,6.9,6.0,6.7,6.0,13.0,310995.0,682929992.0
2012-12-14,7.45238,6.7352,7.125,6.8,7.0,995000.0,682929992.0
2012-12-17,7.254,6.62168,7.13,7.25,9.0,1177893.0,682929992.0
2012-12-18,7.584,7.0,7.225,7.584,4.0,139677.0,682929992.0
2012-12-19,7.25,6.937,7.25,7.25,3.0,1250000.0,682929992.0
2012-12-20,6.937,6.937,7.25,6.937,2.0,541860.0,682929992.0
2012-12-21,7.315,7.315,7.225,7.315,1.0,13738.0,682929992.0
2012-12-24,,,7.225,,,,682929992.0
2012-12-27,,,7.25,,,,682929992.0
2012-12-28,,,7.225,,,,682929992.0
2012-12-31,,,7.25,,,,682929991.0
2013-01-02,7.27,6.937,7.225,7.27,3.0,230000.0,682929991.0
2013-01-03,7.75,7.44151,7.625,7.513,7.0,924915.0,682929991.0
2013-01-04,7.75,7.15,7.5,7.15,9.0,1592167.0,682929991.0
2013-01-07,7.7,7.25232,7.55,7.57,6.0,491902.0,682929991.0
2013-01-08,7.55,7.54872,7.875,7.55,4.0,1619368.0,682929991.0
2013-01-09,8.15,7.71268,8.0,8.1225,5.0,1883518.0,682929991.0
2013-01-10,7.688,7.54241,7.75,7.688,3.0,1156250.0,682929991.0
2013-01-11,8.5,7.7316,8.45,8.42,10.0,2228089.0,682929991.0
2013-01-14,8.04692,8.04692,8.2,8.04692,2.0,2000000.0,682929991.0
2013-01-15,8.85,8.05323,8.55,8.34,17.0,649576.0,682929991.0
2013-01-16,8.25,7.605,7.975,8.25,20.0,538408.0,682929991.0
2013-01-17,7.7,7.0,6.9,7.7,25.0,744943.0,682929991.0
2013-01-18,6.99,6.38204,6.875,6.99,11.0,2076443.0,682929991.0
2013-01-21,7.0,6.24961,6.795,6.65,14.0,2562362.0,682929991.0
2013-01-22,6.9,6.18024,6.8,6.9,3.0,80274.0,682929991.0
2013-01-23,6.918,6.18654,6.725,6.9,22.0,608758.0,682929991.0
2013-01-24,6.65,6.18654,6.75,6.6,11.0,333629.0,682929991.0
2013-01-25,6.6,6.16132,6.6,6.40333,4.0,510024.0,682929991.0
2013-01-28,6.822,6.75,6.825,6.8,4.0,65159.0,682929991.0
2013-01-29,7.17,6.3,6.375,6.6,16.0,1172563.0,682929991.0
2013-01-30,6.47,5.99735,6.125,6.25,9.0,258470.0,682929991.0
2013-01-31,7.063,6.245,6.475,6.2475,20.0,389935.0,682929991.0
2013-02-01,6.25,6.0,6.2,6.2,14.0,351705.0,682929991.0
2013-02-04,5.805,5.45,5.55,5.75,30.0,665728.0,682929991.0
2013-02-05,5.4,4.79284,4.95,5.4,23.0,3065188.0,682929991.0
2013-02-06,5.35,4.98833,5.05,5.35,19.0,547147.0,682929991.0
2013-02-07,5.0,4.46491,4.775,4.83,56.0,5850750.0,682929991.0
2013-02-08,5.2,4.60995,5.175,5.04,4.0,2068811.0,682929991.0
2013-02-11,6.25,5.15,5.535,5.75,62.0,2019407.0,682929991.0
2013-02-12,6.3,5.18,5.72,5.18,379.0,10513835.0,682929991.0
2013-02-13,6.355,5.46762,5.745,6.0,178.0,6146512.0,682929991.0
2013-02-14,5.81,4.75,5.5,5.75,61.0,2585078.0,682929991.0
2013-02-15,5.72,5.25,5.45,5.72,28.0,1197881.0,682929991.0
2013-02-18,5.875,5.01356,5.425,5.5,37.0,2877286.0,682929991.0
2013-02-19,5.35,4.984,5.075,5.25,31.0,999022.0,682929991.0
2013-02-20,5.25,5.0,5.045,5.013,16.0,489819.0,682929991.0
2013-02-21,5.0772,4.8,4.975,4.939,12.0,303746.0,682929991.0
2013-02-22,5.09,4.858,4.875,4.99,47.0,1163246.0,682929991.0
2013-02-25,4.99,4.75,4.685,4.99,53.0,1566135.0,682929991.0
2013-02-26,4.8,4.53442,4.75,4.53442,15.0,680053.0,682929991.0
2013-02-27,4.7,4.255,4.375,4.638,30.0,570914.0,682929991.0
2013-02-28,4.7,4.4,4.6,4.52,22.0,818019.0,682929991.0
2013-03-01,5.0,4.55,4.75,5.0,6.0,106872.0,682929991.0
2013-03-04,4.8,4.55,4.625,4.55,7.0,241098.0,682929991.0
2013-03-05,4.75,4.405,4.525,4.7,12.0,394757.0,682929991.0
2013-03-06,4.41,4.085,4.3,4.41,18.0,548346.0,682929991.0
2013-03-07,4.6,4.05982,4.45,4.6,9.0,195177.0,682929991.0
2013-03-08,5.65,4.39,5.25,4.782,77.0,3416629.0,682929991.0
2013-03-11,5.75,5.01,5.18,5.75,53.0,1923929.0,682929991.0
2013-03-12,5.2214,4.8,5.115,5.025,10.0,291536.0,682929991.0
2013-03-13,5.394,5.01,5.24,5.394,13.0,275764.0,682929991.0
2013-03-14,5.13,4.825,4.925,4.825,10.0,290636.0,682929991.0
2013-03-15,5.79,5.01,5.28,5.01,36.0,1516779.0,682929991.0
2013-03-18,5.7,5.024,5.2,5.4,15.0,301604.0,682929991.0
2013-03-19,5.685,5.315,5.525,5.5,11.0,404162.0,682929991.0
2013-03-20,6.05,5.504,5.8,6.03,21.0,1305384.0,682929991.0
2013-03-21,6.0,5.6,5.95,5.7,8.0,462731.0,682929991.0
2013-03-22,6.5,5.875,6.0,6.5,46.0,1825781.0,682929991.0
2013-03-25,6.37,5.7,6.25,5.9,14.0,754990.0,682929991.0
2013-03-26,6.9,6.05,6.5,6.235,12.0,419136.0,682929991.0
2013-03-27,7.0,6.4,6.8,7.0,11.0,520579.0,682929991.0
2013-03-28,6.75,6.01,6.255,6.75,9.0,306081.0,682929991.0
2013-04-02,6.25,5.565,6.0,6.04082,18.0,411537.0,682929991.0
2013-04-03,6.0,5.38,5.775,5.38,5.0,82878.0,682929991.0
2013-04-04,5.435,5.435,5.625,5.435,2.0,21000.0,682929991.0
2013-04-05,5.75,5.348,5.5,5.75,8.0,168619.0,682929991.0
2013-04-08,5.891,5.074,5.13,5.891,7.0,122610.0,682929991.0
2013-04-09,5.625,5.0835,5.5,5.0835,3.0,19227.0,682929991.0
2013-04-10,5.0,4.9,4.925,5.0,10.0,390000.0,682929991.0
2013-04-11,5.463,4.7725,5.08,5.463,3.0,4815.0,682929991.0
2013-04-12,5.0,4.945,5.325,4.99,4.0,60773.0,682929991.0
2013-04-15,5.75,5.12,5.425,5.12,3.0,47286.0,682929991.0
2013-04-16,4.935,4.75,4.875,4.935,11.0,349048.0,682929991.0
2013-04-17,4.4884,4.0,4.125,4.15,31.0,1433926.0,682929991.0
2013-04-18,3.73,3.4,3.45,3.64,36.0,1458575.0,682929991.0
2013-04-19,3.6,3.345,3.42,3.465,19.0,862666.0,682929991.0
2013-04-22,3.75,3.2,3.475,3.2,6.0,119430.0,682929991.0
2013-04-23,4.85,4.0,4.2,4.2,60.0,1875716.0,682929991.0
2013-04-24,3.75,3.3,3.61,3.3,120.0,4369880.0,682929991.0
2013-04-25,3.7,3.275,3.4,3.7,18.0,798642.0,682929991.0
2013-04-26,3.5,3.3,3.6,3.3,27.0,641991.0,682929991.0
2013-04-29,4.063,3.5,3.875,3.9875,3.0,65001.0,682929991.0
2013-04-30,4.0,3.3625,3.625,4.0,14.0,346195.0,682929991.0
2013-05-01,3.5,3.0,3.35,3.11965,25.0,1362411.0,682929991.0
2013-05-02,3.085,2.75,2.965,3.0,5.0,317396.0,682929991.0
2013-05-03,3.05,2.75,3.0,2.95,14.0,670428.0,682929991.0
2013-05-07,3.07,2.8,3.025,2.95,9.0,244738.0,682929991.0
2013-05-08,3.2,2.8,3.15,3.2,5.0,318578.0,682929991.0
2013-05-09,2.98,2.8,2.9,2.9,8.0,546253.0,682929991.0
2013-05-10,2.9639,2.725,2.75,2.75,18.0,1034498.0,682929991.0
2013-05-13,2.79,2.5,2.665,2.79,6.0,395532.0,682929991.0
2013-05-14,2.7,2.3775,2.55,2.7,12.0,584650.0,682929991.0
2013-05-15,2.57,2.4775,2.5,2.4775,6.0,367675.0,682929991.0
2013-05-16,2.455,2.3,2.35,2.455,13.0,789387.0,682929991.0
2013-05-17,2.5,2.4,2.25,2.40625,6.0,177068.0,682929991.0
2013-05-20,2.4,2.19,2.175,2.35,19.0,801645.0,682929991.0
2013-05-21,2.549,2.28,2.35,2.28,42.0,2083633.0,682929991.0
2013-05-22,2.549,2.3,2.38,2.5,8.0,1234810.0,682929991.0
2013-05-23,2.2,2.2,2.3,2.2,1.0,70247.0,682929991.0
2013-05-24,2.923,2.5,2.65,2.5,5.0,208999.0,682929991.0
2013-05-28,,,2.625,,,,682929991.0
2013-05-29,2.8,2.8,2.625,2.8,1.0,40000.0,682929991.0
2013-05-30,2.8,2.5,2.625,2.69,6.0,152535.0,682929991.0
2013-05-31,2.7,2.625,2.7,2.7,4.0,257740.0,682929991.0
2013-06-03,2.5,2.2725,2.375,2.2725,14.0,623578.0,682929991.0
2013-06-04,2.5,2.35,2.375,2.5,17.0,1154680.0,682929991.0
2013-06-05,2.5,2.4,2.37,2.49,6.0,182022.0,682929991.0
2013-06-06,2.7514,2.25,2.625,2.25,21.0,804435.0,682929991.0
2013-06-07,2.68,2.6625,2.6,2.6775,8.0,270750.0,682929991.0
2013-06-10,2.72,2.5,2.6,2.6325,18.0,1432971.0,682929991.0
2013-06-11,2.5,2.21,2.52,2.25,9.0,1263230.0,682929991.0
2013-06-12,2.5,2.41,2.45,2.5,6.0,189899.0,682929991.0
2013-06-13,2.4,2.2,2.21,2.2,7.0,292000.0,682929991.0
2013-06-14,2.5,2.06,2.225,2.06,21.0,1279195.0,682929991.0
2013-06-17,2.4,2.2,2.15,2.4,11.0,1025334.0,682929991.0
2013-06-18,2.36,2.2,2.3,2.36,22.0,895714.0,682929991.0
2013-06-19,2.35,2.16,2.2,2.2,9.0,572262.0,682929991.0
2013-06-20,2.115,2.0,2.075,2.0,10.0,1108982.0,682929991.0
2013-06-21,1.963,1.75,1.875,1.75,8.0,249385.0,682929991.0
2013-06-24,1.78,1.6625,1.825,1.75,5.0,240000.0,682929991.0
2013-06-25,1.8,1.695,1.725,1.8,12.0,3649427.0,682929991.0
2013-06-26,1.8,1.7,1.85,1.8,3.0,73751.0,682929991.0
2013-06-27,1.95,1.76,1.875,1.76,9.0,308948.0,682929991.0
2013-06-28,2.0,1.7,1.95,1.72,16.0,1355176.0,682929991.0
2013-07-01,1.92,1.71,1.95,1.92,9.0,501136.0,684209991.0
2013-07-02,1.72,1.72,1.775,1.72,2.0,39370.0,684209991.0
2013-07-03,1.95,1.663,1.85,1.75,12.0,772778.0,684209991.0
2013-07-04,1.875,1.7,1.815,1.875,5.0,267315.0,684209991.0
2013-07-05,1.858,1.858,1.85,1.858,2.0,9781.0,684209991.0
2013-07-08,1.84,1.675,1.775,1.675,2.0,31202.0,684209991.0
2013-07-09,1.9,1.671429,1.825,1.671429,4.0,150224.0,684209991.0
2013-07-10,1.2,0.95,1.06,1.12,70.0,5768863.0,684209991.0
2013-07-11,1.2,1.0,1.1,1.0,9.0,563380.0,684209991.0
2013-07-12,1.2493,1.033,1.15,1.2493,7.0,561723.0,684209991.0
2013-07-15,1.11,1.033,1.125,1.11,11.0,1658159.0,684209991.0
2013-07-16,1.25,1.185,1.175,1.25,3.0,55500.0,684209991.0
2013-07-17,1.3272,1.18,1.275,1.3272,3.0,169389.0,684209991.0
2013-07-18,1.2165,1.15,1.25,1.15,4.0,1051658.0,684209991.0
2013-07-19,1.22,1.1083559,1.325,1.2,3.0,2144063.0,684209991.0
2013-07-22,1.3,1.23,1.25,1.234586,4.0,224206.0,684209991.0
2013-07-23,1.24,1.05,1.25,1.2,5.0,1130141.0,684209991.0
2013-07-24,,,1.15,,,,684209991.0
2013-07-25,1.23,1.05,1.125,1.06,5.0,267346.0,684209991.0
2013-07-26,1.175,1.002,1.1,1.05,8.0,294069.0,684209991.0
2013-07-29,1.19,1.0375,1.125,1.0375,5.0,409221.0,684209991.0
2013-07-30,1.19,1.05,1.175,1.15,5.0,605971.0,684209991.0
2013-07-31,1.4563,1.195,1.3,1.4563,3.0,198048.0,684209991.0
2013-08-01,1.335,1.195,1.275,1.195,20.0,2944643.0,684209991.0
2013-08-02,1.44,1.25681,1.275,1.33,8.0,644733.0,684209991.0
2013-08-05,1.29,1.13,1.175,1.25,13.0,3075254.0,684209991.0
2013-08-06,1.35,1.23,1.325,1.35,2.0,230114.0,684209991.0
2013-08-07,1.4,1.15,1.225,1.35,11.0,634990.0,684209991.0
2013-08-08,1.275,1.15,1.225,1.196,9.0,957099.0,684209991.0
2013-08-09,1.275,1.05,1.15,1.23,7.0,961840.0,684209991.0
2013-08-12,1.3,1.1125,1.25,1.2,7.0,522432.0,684209991.0
2013-08-13,1.35,1.23,1.335,1.25,8.0,1186500.0,684209991.0
2013-08-14,1.35,1.35,1.275,1.35,1.0,10226.0,1155765100.0
2013-08-15,1.5,1.3,1.4,1.4,4.0,2132391.0,1155765100.0
2013-08-16,1.42,1.275,1.36,1.42,5.0,192667.0,1155765100.0
2013-08-19,1.45,1.275,1.325,1.45,5.0,154328.0,1155765100.0
2013-08-20,1.46,1.35,1.4,1.46,3.0,212000.0,1155765100.0
2013-08-21,1.6,1.25,1.37,1.6,7.0,327336.0,1155765100.0
2013-08-22,1.265449,1.265449,1.425,1.265449,1.0,375136.0,1155765100.0
2013-08-23,1.45,1.11,1.275,1.45,3.0,337000.0,1155765100.0
2013-08-27,1.4,1.18,1.325,1.34,5.0,348034.0,1155765100.0
2013-08-28,1.45,1.44,1.3,1.44,3.0,53327.0,1155765100.0
2013-08-29,1.45,1.2,1.35,1.45,10.0,909340.0,1155765100.0
2013-08-30,1.44,1.21,1.35,1.44,3.0,65433.0,1155765100.0
2013-09-02,1.4,1.15,1.325,1.15,3.0,194000.0,1155765100.0
2013-09-03,1.31,1.146,1.35,1.146,2.0,51799.0,1155765100.0
2013-09-04,1.364286,1.35,1.325,1.35,4.0,250202.0,1155765100.0
2013-09-05,1.292857,1.292857,1.275,1.292857,2.0,103713.0,1155765100.0
2013-09-06,1.35,1.152,1.33,1.35,4.0,119549.0,1155765100.0
2013-09-09,1.6,1.16,1.485,1.285714,157.0,14063246.0,1155765100.0
2013-09-10,1.728,1.457455,1.45,1.59,72.0,7930201.0,1155765100.0
2013-09-11,1.85,1.45,1.625,1.662502,66.0,8183204.0,1155765100.0
2013-09-12,2.15,1.75,1.95,1.85,151.0,13939000.0,1155765100.0
2013-09-13,1.8,1.516119,1.555,1.7,67.0,8293473.0,1155765100.0
2013-09-16,1.9,1.56,1.725,1.56,16.0,1382484.0,1155765100.0
2013-09-17,1.85,1.55,1.575,1.8025,15.0,1092532.0,1155765100.0
2013-09-18,1.6,1.459926,1.475,1.459926,51.0,2558629.0,1155765100.0
2013-09-19,1.47,1.35,1.45,1.4,13.0,1139401.0,1155765100.0
2013-09-20,1.572,1.36,1.43,1.572,18.0,1358387.0,1155765100.0
2013-09-23,1.68,1.68,1.6,1.525,1.0,60000.0,1155765100.0
2013-09-24,1.65,1.5,1.625,1.6,4.0,62494.0,1155765100.0
2013-09-25,1.64,1.5,1.625,1.625,7.0,294032.0,1155765100.0
2013-09-26,1.62,1.45,1.6,1.625,4.0,324024.0,1155765100.0
2013-09-27,1.45,1.45,1.575,1.6,2.0,149375.0,1155765100.0
2013-09-30,1.7,1.55,1.6,1.575,7.0,870000.0,1155765100.0
2013-10-01,1.75,1.5,1.625,1.625,7.0,1423875.0,1155765100.0
2013-10-02,1.7,1.5,1.6,1.625,3.0,748000.0,1155765100.0
2013-10-03,,,1.6,,,,1155765100.0
2013-10-04,1.6,1.4,1.625,1.6,9.0,1562552.0,1155765100.0
2013-10-07,1.99,1.68,1.825,1.625,30.0,2637290.0,1155765100.0
2013-10-08,2.1,1.75,1.95,1.75,41.0,5502278.0,1155765100.0
2013-10-09,2.03,1.8,1.925,1.925,4.0,1077811.0,1155765100.0
2013-10-10,1.85,1.8,1.8,1.925,4.0,1183324.0,1155765100.0
2013-10-11,1.9,1.76,1.875,1.8,10.0,5209045.0,1155765100.0
2013-10-14,1.97,1.8,1.9,1.875,31.0,4305904.0,1155765100.0
2013-10-15,2.19,1.85,2.025,1.95,41.0,5031539.0,1155765100.0
2013-10-16,2.355,2.0,2.275,2.075,35.0,7545359.0,1155765100.0
2013-10-17,2.705,2.35,2.55,2.3,56.0,5642720.0,1155765100.0
2013-10-18,2.688,2.0,2.4,2.55,35.0,6610826.0,1155765100.0
2013-10-21,2.45,2.35,2.4,2.4,17.0,3699973.0,1155765100.0
2013-10-22,2.4,2.35,2.375,2.4,17.0,4893305.0,1155765100.0
2013-10-23,2.7812,2.45,2.65,2.425,28.0,4001589.0,1155765100.0
2013-10-24,2.9,2.6,2.825,2.675,34.0,5650058.0,1155765100.0
2013-10-25,2.75,2.55,2.575,2.825,24.0,3089317.0,1155765100.0
2013-10-28,2.65,2.5495,2.575,2.575,30.0,5175943.0,1155765100.0
2013-10-29,2.8125,2.54,2.775,2.575,28.0,5303134.0,1155765100.0
2013-10-30,2.85,2.65,2.75,2.75,14.0,1318082.0,1155765100.0
2013-10-31,2.75,2.65,2.725,2.75,18.0,4420493.0,1155765100.0
2013-11-01,2.7625,2.6575,2.725,2.725,12.0,991951.0,1155765100.0
2013-11-04,2.73,2.65,2.725,2.725,12.0,1039195.0,1155765100.0
2013-11-05,2.85,2.7075,2.775,2.8,12.0,1304393.0,1155765100.0
2013-11-06,2.787,2.72,2.775,2.775,8.0,1869563.0,1155765100.0
2013-11-07,2.786,2.6125,2.725,2.775,12.0,1569329.0,1155765100.0
2013-11-08,2.615,2.45,2.6,2.7,15.0,5461440.0,1155765100.0
2013-11-11,2.479,2.105,2.325,2.575,42.0,6628958.0,1155765100.0
2013-11-12,2.3775,2.1015,2.325,2.325,24.0,2372162.0,1155765100.0
2013-11-13,2.37,2.3,2.35,2.325,13.0,1200075.0,1155765100.0
2013-11-14,2.1625,2.01,2.125,2.225,19.0,3451467.0,1155765100.0
2013-11-15,2.32,2.1,2.2,2.225,10.0,852764.0,1155765100.0
2013-11-18,2.075,2.0,2.05,2.15,8.0,924184.0,1155765100.0
2013-11-19,2.075,2.0,2.05,2.05,6.0,329889.0,1155765100.0
2013-11-20,2.15,2.039,2.1,2.05,10.0,840788.0,1155765100.0
2013-11-21,2.15,2.0,2.1,2.1,10.0,2344651.0,1155765100.0
2013-11-22,2.119,2.05,2.1,2.1,2.0,165346.0,1155765100.0
2013-11-25,2.053,1.9962,2.1,2.1,4.0,731353.0,1155765100.0
2013-11-26,2.0,2.0,2.1,2.1,3.0,166799.0,1155765100.0
2013-11-27,2.048,1.9,2.0,2.1,4.0,335216.0,1155765100.0
2013-11-28,1.979,1.85,1.925,2.0,9.0,927881.0,1155765100.0
2013-11-29,1.9,1.84,1.9,1.925,6.0,709374.0,1155765100.0
2013-12-02,1.9,1.8,1.875,1.9,5.0,233004.0,1155765100.0
2013-12-03,1.9,1.751,1.825,1.875,9.0,1225168.0,1155765100.0
2013-12-04,1.789,1.65,1.8,1.825,5.0,1487206.0,1155765100.0
2013-12-05,1.759,1.753,1.8,1.8,2.0,15000.0,1155765100.0
2013-12-06,1.77,1.75,1.8,1.8,6.0,719428.0,1155765100.0
2013-12-09,1.65,1.65,1.75,1.75,1.0,350000.0,1155765100.0
2013-12-10,1.75,1.75,1.725,1.725,1.0,2857.0,1155765100.0
2013-12-11,1.75,1.65,1.7,1.75,8.0,701890.0,1155765100.0
2013-12-12,1.71,1.62,1.7,1.7,3.0,415936.0,1155765100.0
2013-12-13,1.624,1.624,1.7,1.7,1.0,18050.0,1155765100.0
2013-12-16,1.6,1.41,1.55,1.7,9.0,1623099.0,1155765100.0
2013-12-17,1.59,1.461,1.55,1.55,5.0,157323.0,1155765100.0
2013-12-18,1.5,1.5,1.55,1.55,1.0,214174.0,1155765100.0
2013-12-19,1.65,1.46,1.575,1.55,6.0,1119621.0,1155765100.0
2013-12-20,1.7,1.5,1.65,1.575,6.0,491190.0,1155765100.0
2013-12-23,1.6525,1.6,1.65,1.65,4.0,587305.0,1155765100.0
2013-12-24,,,1.65,,,,1155765100.0
2013-12-27,,,1.7,,,,1155765100.0
2013-12-30,1.6575,1.6575,1.65,1.65,1.0,180154.0,1155765100.0
2013-12-31,1.63375,1.63375,1.625,1.625,1.0,23690.0,1155765100.0
2014-01-02,1.46,1.46,1.625,1.625,1.0,100000.0,1155765100.0
2014-01-03,,,1.625,,,,1155765100.0
2014-01-06,1.695,1.695,1.625,1.625,1.0,2152.0,1155765100.0
2014-01-07,1.69,1.46,1.625,1.625,3.0,100000.0,1155765100.0
2014-01-08,1.68,1.46,1.625,1.625,2.0,15800.0,1155765100.0
2014-01-09,1.7,1.68,1.65,1.625,3.0,466875.0,1155765100.0
2014-01-10,1.68,1.6,1.65,1.65,3.0,328606.0,1155765100.0
2014-01-13,1.6,1.4175,1.575,1.65,6.0,1282519.0,1155765100.0
2014-01-14,1.55,1.5,1.575,1.575,2.0,210736.0,1155765100.0
2014-01-15,1.4,1.4,1.575,1.575,1.0,1.0,1155765100.0
2014-01-16,1.58,1.41,1.575,1.575,4.0,323032.0,1155765100.0
2014-01-17,1.55,1.55,1.575,1.575,1.0,185862.0,1155765100.0
2014-01-20,1.4,1.4,1.575,1.575,2.0,39460.0,1155765100.0
2014-01-21,,,1.575,,,,1155765100.0
2014-01-22,1.574,1.35,1.525,1.575,4.0,345633.0,1155765100.0
2014-01-23,1.545,1.545,1.5,1.525,1.0,15148.0,1155765100.0
2014-01-24,1.4,1.4,1.5,1.5,1.0,10000.0,1155765100.0
2014-01-27,1.408,1.35,1.4,1.5,2.0,483605.0,1155765100.0
2014-01-28,1.408,1.35,1.4,1.4,4.0,381392.0,1155765100.0
2014-01-29,1.35,1.31,1.375,1.4,4.0,452476.0,1155765100.0
2014-01-30,1.42,1.3,1.35,1.375,7.0,801060.0,1155765100.0
2014-01-31,1.25,1.25,1.35,1.35,1.0,150000.0,1155765100.0
2014-02-03,1.2,1.2,1.325,1.35,1.0,10201.0,1155765100.0
2014-02-04,1.3675,1.2,1.325,1.325,5.0,1624781.0,1155765100.0
2014-02-05,1.3873,1.36,1.35,1.325,3.0,435374.0,1155765100.0
2014-02-06,1.39,1.27,1.35,1.35,3.0,37785.0,1155765100.0
2014-02-07,1.45,1.27,1.35,1.35,3.0,40800.0,1155765100.0
2014-02-10,1.45,1.3,1.5,1.35,5.0,1081729.0,1155765100.0
2014-02-11,1.448,1.445,1.55,1.55,2.0,272318.0,1155765100.0
2014-02-12,,,1.55,,,,1155765100.0
2014-02-13,1.7,1.7,1.625,1.55,1.0,500000.0,1155765100.0
2014-02-14,1.674,1.465,1.625,1.625,2.0,216970.0,1155765100.0
2014-02-17,1.455,1.45,1.625,1.625,2.0,100940.0,1155765100.0
2014-02-18,1.45,1.45,1.625,1.625,1.0,90000.0,1155765100.0
2014-02-19,1.65,1.45,1.6,1.625,4.0,421823.0,1155765100.0
2014-02-20,1.625,1.625,1.625,1.625,1.0,25000.0,1155765100.0
2014-02-21,1.7,1.625,1.625,1.625,2.0,584793.0,1155765100.0
2014-02-24,,,1.625,,,,1155765100.0
2014-02-25,1.45,1.45,1.625,1.625,1.0,5000.0,1155765100.0
2014-02-26,1.625,1.625,1.625,1.625,2.0,550000.0,1155765100.0
2014-02-27,1.455,1.45,1.625,1.625,2.0,32450.0,1155765100.0
2014-02-28,,,1.65,,,,1155765100.0
2014-03-03,1.5,1.5,1.65,1.65,1.0,57328.0,1155765100.0
2014-03-04,,,1.65,,,,1155765100.0
2014-03-05,1.5,1.5,1.65,1.65,1.0,41991.0,1155765100.0
2014-03-06,,,1.65,,,,1155765100.0
2014-03-07,1.5,1.5,1.65,1.65,1.0,35000.0,1155765100.0
2014-03-10,,,1.65,,,,1155765100.0
2014-03-11,,,1.6,,,,1155765100.0
2014-03-12,,,1.6,,,,1155765100.0
2014-03-13,,,1.6,,,,1155765100.0
2014-03-14,,,1.55,,,,1155765100.0
2014-03-17,1.41,1.41,1.55,1.55,1.0,10000.0,1155765100.0
2014-03-18,1.45,1.45,1.55,1.55,1.0,250000.0,1155765100.0
2014-03-19,,,1.55,,,,1155765100.0
2014-03-20,1.594,1.45,1.55,1.55,2.0,201260.0,1155765100.0
2014-03-21,,,1.55,,,,1155765100.0
2014-03-24,1.55,1.55,1.525,1.525,1.0,1463.0,1155765100.0
2014-03-25,1.4,1.4,1.475,1.5,1.0,100000.0,1155765100.0
2014-03-26,,,1.475,,,,1155765100.0
2014-03-27,1.35,1.35,1.475,1.475,1.0,6986.0,1155765100.0
2014-03-28,1.32,1.25,1.275,1.45,8.0,2820712.0,1155765100.0
2014-03-31,1.3,1.25,1.275,1.275,4.0,405399.0,1155765100.0
2014-04-01,1.2875,1.28,1.275,1.275,6.0,519837.0,1155765100.0
2014-04-02,,,1.275,,,,1155765100.0
2014-04-03,1.285,1.25,1.275,1.275,2.0,65000.0,1155765100.0
2014-04-04,1.28,1.25,1.25,1.275,4.0,159848.0,1155765100.0
2014-04-07,,,1.25,,,,1155765100.0
2014-04-08,1.268,1.25,1.25,1.25,2.0,720252.0,1155765100.0
2014-04-09,1.268,1.268,1.25,1.25,1.0,100000.0,1155765100.0
2014-04-10,,,1.25,,,,1155765100.0
2014-04-11,,,1.25,,,,1155765100.0
2014-04-14,1.255,1.255,1.25,1.25,1.0,60000.0,1155765100.0
2014-04-15,1.253,1.253,1.25,1.25,1.0,7687.0,1155765100.0
2014-04-16,1.2522,1.2522,1.25,1.25,1.0,1500.0,1155765100.0
2014-04-17,,,1.225,,,,1155765100.0
2014-04-22,,,1.2,,,,1155765100.0
2014-04-23,,,1.175,,,,1155765100.0
2014-04-24,,,1.15,,,,1155765100.0
2014-04-25,1.1833,1.05,1.125,1.15,2.0,91582.0,1155765100.0
2014-04-28,1.0,1.0,1.125,1.125,1.0,100000.0,1155765100.0
2014-04-29,1.1574,1.1,1.125,1.125,2.0,830923.0,1155765100.0
2014-04-30,1.0,1.0,1.125,1.125,1.0,38000.0,1155765100.0
2014-05-01,1.1475,1.01,1.125,1.125,5.0,1243924.0,1155765100.0
2014-05-02,,,1.2,,,,1155765100.0
2014-05-06,1.14,1.1,1.2,1.15,2.0,406470.0,1155765100.0
2014-05-07,,,1.2,,,,1155765100.0
2014-05-08,1.15,1.15,1.2,1.2,1.0,3000000.0,1155765100.0
2014-05-09,1.2139,1.0,1.2,1.2,12.0,5781950.0,1155765100.0
2014-05-12,1.1,1.1,1.2,1.2,2.0,382222.0,1155765100.0
2014-05-13,1.258,1.1,1.2,1.2,10.0,1611084.0,1155765100.0
2014-05-14,1.390704,1.2,1.35,1.225,12.0,3032451.0,1155765100.0
2014-05-15,1.389,1.35,1.375,1.35,4.0,335003.0,1155765100.0
2014-05-16,1.367,1.312,1.35,1.375,4.0,408727.0,1155765100.0
2014-05-19,1.367,1.35,1.35,1.35,9.0,368880.0,1155765100.0
2014-05-20,1.31,1.31,1.35,1.35,2.0,142000.0,1155765100.0
2014-05-21,1.35,1.3,1.3,1.35,4.0,768609.0,1155765100.0
2014-05-22,1.29,1.29,1.3,1.3,1.0,22717.0,1155765100.0
2014-05-23,1.29,1.262,1.3,1.3,3.0,241488.0,1155765100.0
2014-05-27,1.29,1.29,1.3,1.3,1.0,96899.0,1155765100.0
2014-05-28,1.25,1.25,1.25,1.3,1.0,75000.0,1155765100.0
2014-05-29,1.25,1.25,1.25,1.25,1.0,68500.0,1155765100.0
2014-05-30,1.35,1.25,1.25,1.25,2.0,123594.0,1155765100.0
2014-06-02,,,1.25,,,,1155765100.0
2014-06-03,1.15,1.0025,1.125,1.2,2.0,290000.0,1155765100.0
2014-06-04,,,1.1,,,,1155765100.0
2014-06-05,1.02,1.02,1.1,1.1,1.0,126106.0,1155765100.0
2014-06-06,1.02,1.01,1.1,1.1,2.0,335891.0,1155765100.0
2014-06-09,1.039,0.915,0.975,1.1,10.0,828565.0,1155765100.0
2014-06-10,0.99,0.99,0.975,0.975,3.0,230963.0,1155765100.0
2014-06-11,1.01,1.01,0.975,0.975,1.0,48322.0,1155765100.0
2014-06-12,1.01,0.993,1.0,0.975,6.0,1174340.0,1155765100.0
2014-06-13,0.962,0.955,1.075,1.075,2.0,500000.0,1155765100.0
2014-06-16,,,1.075,,,,1155765100.0
2014-06-17,1.0,1.0,1.1,1.1,2.0,856056.0,1155765100.0
2014-06-18,1.07,1.07,1.1,1.1,1.0,12500.0,1155765100.0
2014-06-19,1.065,1.065,1.05,1.1,1.0,31784.0,1155765100.0
2014-06-20,0.95,0.95,0.975,1.025,1.0,8254.0,1155765100.0
2014-06-23,,,0.975,,,,1155765100.0
2014-06-24,0.956,0.956,0.975,0.975,1.0,10159.0,1155765100.0
2014-06-25,0.97,0.96,0.975,0.975,2.0,467674.0,1155765100.0
2014-06-26,0.97,0.97,1.075,0.975,2.0,310000.0,1155765100.0
2014-06-27,1.0271,1.0,1.075,1.075,2.0,328478.0,1155765100.0
2014-06-30,0.972,0.972,1.075,1.075,1.0,41954.0,1158625100.0
2014-07-01,1.0271,1.0,1.075,1.075,5.0,1070445.0,1158625100.0
2014-07-02,1.0,1.0,1.075,1.075,2.0,1000000.0,1158625100.0
2014-07-03,1.0271,1.0,1.075,1.075,3.0,1196144.0,1158625100.0
2014-07-04,,,1.075,,,,1158625100.0
2014-07-07,1.0271,1.0271,1.075,1.075,1.0,38214.0,1158625100.0
2014-07-08,1.0271,0.9625,1.075,1.075,5.0,352933.0,1158625100.0
2014-07-09,1.0405,1.0,1.075,1.1,3.0,825581.0,1158625100.0
2014-07-10,0.96,0.901,0.975,1.075,2.0,435611.0,1158625100.0
2014-07-11,,,0.975,,,,1158625100.0
2014-07-14,0.956,0.956,0.975,0.975,1.0,32000.0,1158625100.0
2014-07-15,,,1.05,,,,1158625100.0
2014-07-16,0.96,0.96,1.05,1.05,1.0,100000.0,1158625100.0
2014-07-17,,,1.05,,,,1158625100.0
2014-07-18,,,1.05,,,,1158625100.0
2014-07-21,0.6789,0.6789,0.975,1.05,1.0,650000.0,1158625100.0
2014-07-22,0.955,0.955,0.975,0.975,1.0,23915.0,1158625100.0
2014-07-23,1.046086,0.956,0.975,0.975,2.0,184626.0,1158625100.0
2014-07-24,0.95,0.95,0.95,0.975,1.0,100000.0,1158625100.0
2014-07-25,0.999705,0.901,0.95,0.95,3.0,416554.0,1158625100.0
2014-07-28,,,0.95,,,,1158625100.0
2014-07-29,,,0.95,,,,1158625100.0
2014-07-30,1.0,1.0,0.95,0.95,1.0,1000000.0,1158625100.0
2014-07-31,1.0,0.9505,0.975,0.975,3.0,1050000.0,1158625100.0
2014-08-01,1.0,0.9575,0.975,0.975,3.0,1500052.0,1158625100.0
2014-08-04,0.965,0.95,0.95,0.975,4.0,928333.0,1158625100.0
2014-08-05,1.0,0.9,0.95,0.95,3.0,1802232.0,1158625100.0
2014-08-06,0.95,0.95,0.95,0.95,1.0,51373.0,1158625100.0
2014-08-07,0.92,0.92,0.95,0.95,1.0,3576.0,1158625100.0
2014-08-08,0.9,0.8,0.85,0.925,6.0,758442.0,1158625100.0
2014-08-11,,,0.8,,,,1158625100.0
2014-08-12,0.793,0.75,0.775,0.8,3.0,778758.0,1158625100.0
2014-08-13,0.8035,0.8035,0.775,0.775,2.0,25710.0,1158625100.0
2014-08-14,0.8,0.7,0.775,0.775,2.0,225000.0,1158625100.0
2014-08-15,0.796,0.796,0.775,0.775,1.0,23116.0,1158625100.0
2014-08-18,0.65,0.65,0.75,0.75,1.0,300000.0,1158625100.0
2014-08-19,0.758,0.758,0.75,0.75,1.0,130000.0,1158625100.0
2014-08-20,0.755,0.755,0.75,0.75,3.0,38444.0,1158625100.0
2014-08-21,0.6695,0.6695,0.725,0.725,1.0,100000.0,1158625100.0
2014-08-22,,,0.725,,,,1158625100.0
2014-08-26,0.83,0.715,0.775,0.75,7.0,1285285.0,1158625100.0
2014-08-27,0.8435,0.8398,0.825,0.8,2.0,500000.0,1158625100.0
2014-08-28,,,0.825,,,,1158625100.0
2014-08-29,0.835,0.8,0.825,0.825,3.0,335523.0,1158625100.0
2014-09-01,0.8,0.8,0.825,0.825,1.0,14079.0,1158625100.0
2014-09-02,0.8,0.8,0.775,0.825,1.0,100000.0,1158625100.0
2014-09-03,0.75,0.75,0.725,0.775,2.0,395000.0,1158625100.0
2014-09-04,,,0.725,,,,1158625100.0
2014-09-05,,,0.725,,,,1158625100.0
2014-09-08,0.71,0.71,0.75,0.725,1.0,100000.0,1158625100.0
2014-09-09,,,0.775,,,,1158625100.0
2014-09-10,,,0.775,,,,1158625100.0
2014-09-11,,,0.775,,,,1158625100.0
2014-09-12,,,0.775,,,,1158625100.0
2014-09-15,,,0.775,,,,1158625100.0
2014-09-16,,,0.775,,,,1158625100.0
2014-09-17,0.7808,0.72,0.775,0.775,3.0,837433.0,1158625100.0
2014-09-18,,,0.775,,,,1158625100.0
2014-09-19,,,0.775,,,,1158625100.0
2014-09-22,,,0.775,,,,1158625100.0
2014-09-23,,,0.775,,,,1158625100.0
2014-09-24,0.7,0.7,0.75,0.75,1.0,1865234.0,1158625100.0
2014-09-25,0.75,0.65,0.7,0.75,6.0,4660509.0,1158625100.0
2014-09-26,0.66,0.66,0.7,0.7,1.0,35000.0,1158625100.0
2014-09-29,0.729,0.66,0.7,0.7,3.0,29997.0,1158625100.0
2014-09-30,0.7,0.661,0.7,0.7,2.0,66354.0,1158625100.0
2014-10-01,0.66,0.66,0.7,0.7,2.0,189773.0,1158625100.0
2014-10-02,0.66,0.66,0.7,0.7,2.0,268939.0,1158625100.0
2014-10-03,0.7006,0.7,0.7,0.7,3.0,66572.0,1158625100.0
2014-10-06,0.7,0.7,0.7,0.7,1.0,30000.0,1158625100.0
2014-10-07,0.7,0.7,0.7,0.7,1.0,4286.0,1158625100.0
2014-10-08,0.7015,0.66,0.7,0.7,2.0,206355.0,1158625100.0
2014-10-09,,,0.7,,,,1158625100.0
2014-10-10,0.7,0.7,0.7,0.7,1.0,48214.0,1158625100.0
2014-10-13,0.7,0.6,0.675,0.7,4.0,564116.0,1158625100.0
2014-10-14,,,0.675,,,,1158625100.0
2014-10-15,0.6735,0.6735,0.675,0.675,1.0,13734.0,1158625100.0
2014-10-16,,,0.675,,,,1158625100.0
2014-10-17,0.6,0.6,0.675,0.675,1.0,170000.0,1158625100.0
2014-10-20,0.6735,0.6735,0.675,0.675,1.0,96008.0,1158625100.0
2014-10-21,0.611,0.611,0.675,0.675,1.0,6936.0,1158625100.0
2014-10-22,,,0.675,,,,1158625100.0
2014-10-23,,,0.675,,,,1158625100.0
2014-10-24,,,0.675,,,,1158625100.0
2014-10-27,,,0.675,,,,1158625100.0
2014-10-28,,,0.675,,,,1158625100.0
2014-10-29,0.669,0.669,0.675,0.675,1.0,7197.0,1158625100.0
2014-10-30,,,0.625,,,,1158625100.0
2014-10-31,0.6,0.6,0.6,0.6,1.0,100000.0,1158625100.0
2014-11-03,0.5,0.5,0.6,0.6,1.0,94883.0,1158625100.0
2014-11-04,,,0.6,,,,1158625100.0
2014-11-05,,,0.6,,,,1158625100.0
2014-11-06,,,0.6,,,,1158625100.0
2014-11-07,0.5,0.5,0.6,0.6,1.0,10000.0,1158625100.0
2014-11-10,,,0.6,,,,1158625100.0
2014-11-11,,,0.6,,,,1158625100.0
2014-11-12,,,0.6,,,,1158625100.0
2014-11-13,0.57,0.5,0.575,0.6,3.0,124591.0,1158625100.0
2014-11-14,0.55,0.55,0.6,,1.0,175000.0,1158625100.0
2014-11-17,,,0.6,,,,1158625100.0
2014-11-18,,,0.6,,,,1158625100.0
2014-11-19,,,0.6,,,,1158625100.0
2014-11-20,,,0.575,,,,1158625100.0
2014-11-21,0.45,0.45,0.525,0.55,1.0,350000.0,1158625100.0
2014-11-24,0.449,0.449,0.475,0.475,1.0,96866.0,1158625100.0
2014-11-25,,,0.475,,,,1158625100.0
2014-11-26,0.447,0.447,0.475,0.475,1.0,4475.0,1158625100.0
2014-11-27,,,0.475,,,,1158625100.0
2014-11-28,,,0.45,,,,1158625100.0
2014-12-01,0.4,0.3,0.375,0.45,3.0,825000.0,1158625100.0
2014-12-02,,,0.375,,,,1158625100.0
2014-12-03,,,0.375,,,,1158625100.0
2014-12-04,,,0.375,,,,1158625100.0
2014-12-05,,,0.375,,,,1158625100.0
2014-12-08,,,0.375,,,,1158625100.0
2014-12-09,0.378,0.35,0.375,0.375,6.0,1088124.0,1158625100.0
2014-12-10,,,0.375,,,,1158625100.0
2014-12-11,0.3,0.3,0.3,0.325,2.0,65351.0,1158625100.0
2014-12-12,,,0.3,,,,1158625100.0
2014-12-15,,,0.29,,,,1158625100.0
2014-12-16,,,0.29,,,,1158625100.0
2014-12-17,0.29,0.29,0.3,0.29,1.0,200.0,1158625100.0
2014-12-18,0.402,0.2756,0.35,0.3,15.0,3394706.0,1158625100.0
2014-12-19,0.337,0.3,0.35,0.35,2.0,160633.0,1158625100.0
2014-12-22,0.337,0.3,0.35,0.35,2.0,23869.0,1158625100.0
2014-12-23,,,0.35,,,,1158625100.0
2014-12-24,,,0.35,,,,1158625100.0
2014-12-29,0.32,0.309,0.3,0.3,3.0,594585.0,1158625100.0
2014-12-30,,,0.325,,,,1158625100.0
2014-12-31,0.34,0.34,0.325,0.325,1.0,60000.0,1159375100.0
2015-01-02,0.3325,0.33,0.325,0.325,2.0,237000.0,1159375100.0
2015-01-05,,,0.325,,,,1159375100.0
2015-01-06,0.328,0.32,0.325,0.325,3.0,84220.0,1159375100.0
2015-01-07,0.29,0.235,0.25,0.3,8.0,2298019.0,1159375100.0
2015-01-08,0.26,0.26,0.25,0.25,1.0,200000.0,1159375100.0
2015-01-09,0.25,0.2,0.25,0.25,2.0,163467.0,1159375100.0
2015-01-12,,,0.25,,,,1159375100.0
2015-01-13,,,0.25,,,,1159375100.0
2015-01-14,,,0.25,,,,1159375100.0
2015-01-15,0.251,0.25,0.275,0.275,3.0,951697.0,1159375100.0
2015-01-16,,,0.25,,,,1159375100.0
2015-01-19,,,0.25,,,,1159375100.0
2015-01-20,0.21,0.205,0.225,0.25,3.0,1786000.0,1159375100.0
2015-01-21,,,0.225,,,,1159375100.0
2015-01-22,0.21,0.21,0.225,0.225,1.0,153077.0,1159375100.0
2015-01-23,0.225,0.2,0.225,0.225,3.0,435007.0,1159375100.0
2015-01-26,,,0.225,,,,1159375100.0
2015-01-27,0.2,0.2,0.225,0.225,2.0,73300.0,1159375100.0
2015-01-28,0.25,0.2,0.225,0.225,2.0,7850.0,1159375100.0
2015-01-29,,,0.225,,,,1159375100.0
2015-01-30,0.2,0.2,0.2,0.225,1.0,60000.0,1159375100.0
2015-02-02,0.2,0.2,0.2,0.2,1.0,494024.0,1159375100.0
2015-02-03,,,0.2,,,,1159375100.0
2015-02-04,0.245,0.2,0.25,0.225,5.0,1335000.0,1159375100.0
2015-02-05,0.245,0.245,0.225,0.225,1.0,185000.0,1159375100.0
2015-02-06,,,0.225,,,,1159375100.0
2015-02-09,0.224,0.224,0.225,0.225,1.0,6698.0,1159375100.0
2015-02-10,0.224,0.224,0.225,0.225,1.0,37000.0,1159375100.0
2015-02-11,,,0.2,,,,1159375100.0
2015-02-12,0.22,0.1583,0.175,0.175,4.0,1713074.0,1159375100.0
2015-02-13,0.2,0.1613,0.175,0.175,3.0,1618708.0,1159375100.0
2015-02-16,0.162,0.162,0.175,0.175,1.0,1134917.0,1159375100.0
2015-02-17,0.197,0.197,0.175,0.175,1.0,50000.0,1159375100.0
2015-02-18,0.195,0.1615,0.175,0.175,2.0,275000.0,1159375100.0
2015-02-19,,,0.175,,,,1159375100.0
2015-02-20,,,0.175,,,,1159375100.0
2015-02-23,,,0.175,,,,1159375100.0
2015-02-24,0.19,0.19,0.175,0.175,1.0,250000.0,1159375100.0
2015-02-25,,,0.175,,,,1159375100.0
2015-02-26,0.185,0.15,0.175,0.175,3.0,556759.0,1159375100.0
2015-02-27,,,0.175,,,,1159375100.0
2015-03-02,0.1583,0.15,0.175,0.175,2.0,300000.0,1159375100.0
2015-03-03,,,0.175,,,,1159375100.0
2015-03-04,,,0.175,,,,1159375100.0
2015-03-05,,,0.175,,,,1159375100.0
2015-03-06,,,0.175,,,,1159375100.0
2015-03-09,0.175,0.1745,0.175,0.175,3.0,82148.0,1159375100.0
2015-03-10,,,0.175,,,,1159375100.0
2015-03-11,0.1583,0.1583,0.175,0.175,1.0,1420.0,1159375100.0
2015-03-12,0.175,0.1745,0.175,0.175,2.0,223522.0,1159375100.0
2015-03-13,0.175,0.175,0.175,0.175,1.0,12028.0,1159375100.0
2015-03-16,,,0.175,,,,1159375100.0
2015-03-17,,,0.175,,,,1159375100.0
2015-03-18,0.285,0.211,0.225,0.225,21.0,4335214.0,1159375100.0
2015-03-19,0.68,0.3,0.375,0.275,121.0,22376091.0,1159375100.0
2015-03-20,0.385,0.3025,0.325,0.375,14.0,2274373.0,1159375100.0
2015-03-23,0.3,0.26,0.275,0.325,5.0,970507.0,1159375100.0
2015-03-24,0.26,0.25,0.275,0.275,2.0,675000.0,1159375100.0
2015-03-25,0.65,0.3411,0.45,0.325,122.0,26731619.0,1159375100.0
2015-03-26,0.5,0.4,0.45,0.45,13.0,1947066.0,1159375100.0
2015-03-27,0.4,0.36,0.4,0.45,4.0,776266.0,1159375100.0
2015-03-30,0.375,0.3228,0.325,0.4,7.0,1643247.0,1159375100.0
2015-03-31,0.299,0.2101,0.275,0.275,13.0,4035508.0,1159375100.0
2015-04-01,0.2899,0.251,0.275,0.275,6.0,3098389.0,1159375100.0
2015-04-02,0.2734,0.21,0.25,0.275,8.0,6442146.0,1159375100.0
2015-04-07,0.27,0.2301,0.25,0.25,3.0,1204920.0,1159375100.0
2015-04-08,,,0.25,,,,1159375100.0
2015-04-09,0.27,0.231,0.25,0.25,4.0,549591.0,1159375100.0
2015-04-10,0.231,0.231,0.25,0.25,1.0,11826.0,1159375100.0
2015-04-13,0.231,0.231,0.25,0.25,1.0,140000.0,1159375100.0
2015-04-14,0.285,0.285,0.25,0.25,1.0,22000.0,1159375100.0
2015-04-15,0.234,0.234,0.25,0.25,1.0,25351.0,1159375100.0
2015-04-16,0.236,0.235,0.25,0.25,3.0,1000000.0,1159375100.0
2015-04-17,0.335,0.264,0.3,0.25,17.0,3299909.0,1159375100.0
2015-04-20,0.2801,0.2751,0.3,0.3,2.0,500000.0,1159375100.0
2015-04-21,0.3189,0.27,0.3,0.3,3.0,517284.0,1159375100.0
2015-04-22,,,0.3,,,,1159375100.0
2015-04-23,0.318,0.272,0.3,0.3,2.0,272171.0,1159375100.0
2015-04-24,,,0.3,,,,1159375100.0
2015-04-27,0.3,0.256,0.275,0.3,4.0,2266667.0,1159375100.0
2015-04-28,,,0.275,,,,1159375100.0
2015-04-29,0.2601,0.25896,0.275,0.275,3.0,1552257.0,1159375100.0
2015-04-30,0.29,0.29,0.275,0.275,1.0,15000.0,1159375100.0
2015-05-01,0.275,0.2601,0.275,0.275,3.0,108317.0,1159375100.0
2015-05-05,0.2874,0.2501,0.275,0.275,3.0,547021.0,1159375100.0
2015-05-06,0.287,0.25,0.275,0.275,3.0,1715825.0,1159375100.0
2015-05-07,0.25,0.23,0.235,0.275,2.0,1150000.0,1159375100.0
2015-05-08,0.268,0.236,0.26,0.235,4.0,1236990.0,1159375100.0
2015-05-11,0.2699,0.236,0.26,0.26,3.0,800418.0,1159375100.0
2015-05-12,,,0.26,,,,1159375100.0
2015-05-13,0.25,0.25,0.235,0.235,1.0,717999.0,1159375100.0
2015-05-14,,,0.235,,,,1159375100.0
2015-05-15,0.5,0.23,0.34,0.235,84.0,35533821.0,1159375100.0
2015-05-18,0.33,0.3,0.325,0.34,4.0,807789.0,1159375100.0
2015-05-19,0.315,0.315,0.275,0.325,1.0,569841.0,1159375100.0
2015-05-20,0.3244,0.2701,0.325,0.275,9.0,5579153.0,1159375100.0
2015-05-21,0.3199,0.2701,0.3,0.325,8.0,3275847.0,1159375100.0
2015-05-22,0.3899,0.3,0.35,0.3,19.0,5552472.0,1159375100.0
2015-05-26,0.365,0.30001,0.35,0.35,6.0,920612.0,1159375100.0
2015-05-27,0.34,0.3,0.325,0.35,9.0,2604589.0,1159375100.0
2015-05-28,0.3235,0.26601,0.3,0.325,5.0,1169838.0,1159375100.0
2015-05-29,0.25501,0.25,0.275,0.3,4.0,590826.0,1159375100.0
2015-06-01,,,0.275,,,,1159375100.0
2015-06-02,,,0.275,,,,1159375100.0
2015-06-03,0.26,0.2201,0.275,0.275,2.0,1057000.0,1159375100.0
2015-06-04,0.2939,0.25,0.275,0.275,11.0,3761450.0,1159375100.0
2015-06-05,0.3432,0.2875,0.3,0.275,16.0,5347749.0,1159375100.0
2015-06-08,0.336799,0.26,0.275,0.3,16.0,6085853.0,1159375100.0
2015-06-09,0.295,0.2561,0.275,0.275,2.0,533444.0,1159375100.0
2015-06-10,0.2875,0.2501,0.275,0.3,4.0,892098.0,1159375100.0
2015-06-11,0.2799,0.25,0.275,0.275,2.0,807986.0,1159375100.0
2015-06-12,0.269999,0.2625,0.275,0.275,2.0,61777.0,1159375100.0
2015-06-15,0.267999,0.267,0.275,0.275,3.0,725526.0,1159375100.0
2015-06-16,,,0.275,,,,1159375100.0
2015-06-17,0.26,0.26,0.275,0.275,1.0,477904.0,1159375100.0
2015-06-18,0.285,0.265999,0.275,0.275,2.0,104823.0,1159375100.0
2015-06-19,0.34,0.26,0.275,0.275,2.0,6557352.0,1159375100.0
2015-06-22,0.3,0.265999,0.3,0.275,9.0,2753492.0,1159375100.0
2015-06-23,0.34,0.3,0.325,0.325,9.0,3178962.0,1159375100.0
2015-06-24,0.39,0.3,0.35,0.325,6.0,4507894.0,1159375100.0
2015-06-25,0.302,0.302,0.3,0.3,1.0,500000.0,1159375100.0
2015-06-26,,,0.3,,,,1159375100.0
2015-06-29,0.322999,0.3,0.3,0.3,4.0,1998161.0,1159375100.0
2015-06-30,0.319999,0.315,0.3,0.3,2.0,867142.0,1159375100.0
2015-07-01,0.278,0.278,0.3,0.3,1.0,293216.0,1159375100.0
2015-07-02,,,0.3,,,,1159375100.0
2015-07-03,0.27001,0.27001,0.3,0.3,1.0,50000.0,1159375100.0
2015-07-06,0.3499,0.319999,0.3,0.3,4.0,2150150.0,1159375100.0
2015-07-07,0.319999,0.27,0.3,0.3,6.0,4626757.0,1159375100.0
2015-07-08,0.25,0.15,0.125,0.275,42.0,27851662.0,1159375100.0
2015-07-09,0.15,0.132,0.125,0.125,4.0,2268347.0,1159375100.0
2015-07-10,0.15,0.135,0.125,0.125,2.0,535715.0,1159375100.0
2015-07-13,0.1799,0.1355,0.16,0.125,11.0,4999365.0,1159375100.0
2015-07-14,0.175,0.152001,0.165,0.16,6.0,2117389.0,1159375100.0
2015-07-15,0.18,0.1525,0.165,0.165,8.0,3010054.0,1159375100.0
2015-07-16,0.165,0.155,0.165,0.155,3.0,1811475.0,1159375100.0
2015-07-17,0.16999,0.15,0.165,0.165,4.0,4624408.0,1159375100.0
2015-07-20,0.18,0.16,0.175,0.175,7.0,2614594.0,1159375100.0
2015-07-21,0.166,0.166,0.175,0.175,1.0,7500.0,1159375100.0
2015-07-22,0.168201,0.168,0.175,0.175,3.0,652000.0,1159375100.0
2015-07-23,0.17,0.17,0.175,0.175,5.0,3198068.0,1159375100.0
2015-07-24,0.1799,0.1501,0.16,0.175,5.0,571772.0,1159375100.0
2015-07-27,0.16999,0.15,0.16,0.16,12.0,5663768.0,1159375100.0
2015-07-28,0.169999,0.1502,0.16,0.16,11.0,2768056.0,1159375100.0
2015-07-29,0.17,0.1502,0.16,0.16,5.0,2586115.0,1159375100.0
2015-07-30,0.1525,0.1521,0.16,0.16,2.0,2405000.0,1159375100.0
2015-07-31,0.1521,0.1375,0.145,0.2,4.0,974441.0,1159375100.0
2015-08-03,0.131601,0.1315,0.145,0.145,7.0,3255633.0,1159375100.0
2015-08-04,0.131601,0.1315,0.145,0.145,3.0,102915.0,1159375100.0
2015-08-05,0.159,0.13,0.145,0.145,4.0,1986185.0,1159375100.0
2015-08-06,0.149,0.131,0.14,0.145,14.0,6228356.0,1159375100.0
2015-08-07,0.136,0.131,0.14,0.14,6.0,1612361.0,1159375100.0
2015-08-10,0.148,0.132,0.14,0.14,5.0,3009944.0,1159375100.0
2015-08-11,0.132,0.132,0.14,0.14,3.0,338556.0,1159375100.0
2015-08-12,0.132,0.132,0.14,0.14,3.0,283134.0,1159375100.0
2015-08-13,0.1345,0.134,0.15,0.15,3.0,88933.0,1159375100.0
2015-08-14,0.134,0.134,0.15,0.15,2.0,675000.0,1159375100.0
2015-08-17,0.134301,0.13,0.15,0.15,7.0,748480.0,1159375100.0
2015-08-18,0.1672,0.1345,0.15,0.15,6.0,10716593.0,1159375100.0
2015-08-19,0.16,0.140001,0.145,0.145,19.0,2453408.0,1159375100.0
2015-08-20,0.16,0.145,0.155,0.145,6.0,1344122.0,1159375100.0
2015-08-21,0.17,0.158,0.155,0.155,9.0,544640.0,1159375100.0
