Date,CLOSE,HIGH,LOW,OPEN,COUNT,VOLUME
2017-05-23,10.5,10.5,10.5,10.5,0.0,0.0
2017-05-24,10.5,10.5,10.5,10.5,0.0,0.0
2017-05-25,10.5,10.5,10.5,10.5,0.0,0.0
2017-05-26,10.5,10.5,10.5,10.5,0.0,0.0
2017-05-30,10.5,10.5,10.5,10.5,0.0,0.0
2017-05-31,10.5,10.5,10.5,10.5,0.0,0.0
2017-06-01,10.5,10.5,10.5,10.5,0.0,0.0
2017-06-02,10.5,10.5,10.5,10.5,0.0,0.0
2017-06-05,10.5,10.5,10.5,10.5,0.0,0.0
2017-06-06,10.5,10.5,10.5,10.5,0.0,0.0
2017-06-07,10.5,10.5,10.5,10.5,0.0,0.0
2017-06-08,10.5,10.5,10.5,10.5,0.0,0.0
2017-06-09,10.5,10.5,10.5,10.5,0.0,0.0
2017-06-12,10.5,10.5,10.5,10.5,0.0,0.0
2017-06-13,10.5,10.5,10.5,10.5,0.0,0.0
2017-06-14,10.5,10.5,10.5,10.5,0.0,0.0
2017-06-15,10.5,10.5,10.5,10.5,0.0,0.0
2017-06-16,10.5,10.5,10.5,10.5,0.0,0.0
2017-06-19,10.5,10.5,10.5,10.5,0.0,0.0
2017-06-20,10.5,10.5,10.5,10.5,0.0,0.0
2017-06-21,10.5,10.5,10.5,10.5,0.0,0.0
2017-06-22,10.5,10.5,10.5,10.5,1.0,1397.0
2017-06-23,10.5,10.5,10.5,10.5,0.0,0.0
2017-06-26,10.5,10.5,10.5,10.5,0.0,0.0
2017-06-27,10.5,10.5,10.5,10.5,0.0,0.0
2017-06-28,10.5,10.5,10.5,10.5,0.0,0.0
2017-06-29,10.5,10.5,10.5,10.5,0.0,0.0
2017-06-30,10.5,10.5,10.5,10.5,0.0,0.0
2017-07-03,10.5,10.5,10.5,10.5,0.0,0.0
2017-07-04,10.5,10.5,10.5,10.5,0.0,0.0
2017-07-05,10.5,10.5,10.5,10.5,0.0,0.0
2017-07-06,10.5,10.5,10.5,10.5,0.0,0.0
2017-07-07,10.5,10.5,10.5,10.5,0.0,0.0
2017-07-10,10.5,10.5,10.5,10.5,0.0,0.0
2017-07-11,10.5,10.5,10.5,10.5,0.0,0.0
2017-07-12,10.5,10.5,10.5,10.5,0.0,0.0
2017-07-13,10.5,10.5,10.5,10.5,0.0,0.0
2017-07-14,10.5,10.5,10.5,10.5,0.0,0.0
2017-07-17,10.5,10.5,10.5,10.5,0.0,0.0
2017-07-18,10.5,10.5,10.5,10.5,0.0,0.0
2017-07-19,10.5,10.5,10.5,10.5,0.0,0.0
2017-07-20,10.5,10.5,10.5,10.5,0.0,0.0
2017-07-21,10.5,10.5,10.5,10.5,0.0,0.0
2017-07-24,10.5,10.5,10.5,10.5,0.0,0.0
2017-07-25,10.5,10.5,10.5,10.5,0.0,0.0
2017-07-26,10.5,10.5,10.5,10.5,0.0,0.0
2017-07-27,10.5,10.5,10.5,10.5,0.0,0.0
2017-07-28,10.5,10.5,10.5,10.5,0.0,0.0
2017-07-31,10.5,10.5,10.5,10.5,0.0,0.0
2017-08-01,10.5,10.5,10.5,10.5,0.0,0.0
2017-08-02,10.5,10.5,10.5,10.5,0.0,0.0
2017-08-03,10.5,10.5,10.5,10.5,0.0,0.0
2017-08-04,10.5,10.5,10.5,10.5,0.0,0.0
2017-08-07,10.5,10.5,10.5,10.5,0.0,0.0
2017-08-08,10.5,10.5,10.5,10.5,0.0,0.0
2017-08-09,10.5,10.5,10.5,10.5,0.0,0.0
2017-08-10,10.5,10.5,10.5,10.5,0.0,0.0
2017-08-11,10.5,10.5,10.5,10.5,0.0,0.0
2017-08-14,10.5,10.5,10.5,10.5,0.0,0.0
2017-08-15,10.5,10.5,10.5,10.5,0.0,0.0
2017-08-16,10.5,10.5,10.5,10.5,0.0,0.0
2017-08-17,10.5,10.5,10.5,10.5,0.0,0.0
2017-08-18,10.5,10.5,10.5,10.5,0.0,0.0
2017-08-21,10.5,10.5,10.5,10.5,4.0,43440.0
2017-08-22,10.5,10.5,10.5,10.5,1.0,10000.0
2017-08-23,8.5,8.5,8.5,8.5,0.0,0.0
2017-08-24,8.5,8.5,8.5,8.5,0.0,0.0
2017-08-25,8.5,8.5,8.5,8.5,0.0,0.0
2017-08-29,8.5,8.5,8.5,8.5,0.0,0.0
2017-08-30,8.5,8.5,8.5,8.5,0.0,0.0
2017-08-31,8.5,8.5,8.5,8.5,0.0,0.0
2017-09-01,8.5,8.5,8.5,8.5,0.0,0.0
2017-09-04,8.5,8.5,8.5,8.5,0.0,0.0
2017-09-05,8.5,8.5,8.5,8.5,0.0,0.0
2017-09-06,8.5,8.5,8.5,8.5,0.0,0.0
2017-09-07,8.5,8.5,8.5,8.5,0.0,0.0
2017-09-08,8.5,8.5,8.5,8.5,0.0,0.0
2017-09-11,8.5,8.5,8.5,8.5,0.0,0.0
2017-09-12,8.5,8.5,8.5,8.5,0.0,0.0
2017-09-13,8.5,8.5,8.5,8.5,0.0,0.0
2017-09-14,8.5,8.5,8.5,8.5,0.0,0.0
2017-09-15,8.5,8.5,8.5,8.5,0.0,0.0
2017-09-18,8.5,8.5,8.5,8.5,0.0,0.0
2017-09-19,9.5,9.5,9.5,9.5,0.0,0.0
2017-09-20,9.5,9.5,9.5,9.5,0.0,0.0
2017-09-21,9.5,9.5,9.5,9.5,0.0,0.0
2017-09-22,9.5,9.5,9.5,9.5,0.0,0.0
2017-09-25,9.5,9.5,9.5,9.5,0.0,0.0
2017-09-26,9.5,9.5,9.5,9.5,0.0,0.0
2017-09-27,9.5,9.5,9.5,9.5,0.0,0.0
2017-09-28,9.5,9.5,9.5,9.5,0.0,0.0
2017-09-29,9.5,9.5,9.5,9.5,0.0,0.0
2017-10-02,9.5,9.5,9.5,9.5,0.0,0.0
2017-10-03,9.5,9.5,9.5,9.5,0.0,0.0
2017-10-04,9.5,9.5,9.5,9.5,0.0,0.0
2017-10-05,9.5,9.5,9.5,9.5,0.0,0.0
2017-10-06,9.5,9.5,9.5,9.5,0.0,0.0
2017-10-09,9.5,9.5,9.5,9.5,0.0,0.0
2017-10-10,9.5,9.5,9.5,9.5,0.0,0.0
2017-10-11,9.5,9.5,9.5,9.5,0.0,0.0
2017-10-12,9.5,9.5,9.5,9.5,0.0,0.0
2017-10-13,9.5,9.5,9.5,9.5,0.0,0.0
2017-10-16,9.5,9.5,9.5,9.5,0.0,0.0
2017-10-17,9.5,9.5,9.5,9.5,0.0,0.0
2017-10-18,9.5,9.5,9.5,9.5,0.0,0.0
2017-10-19,9.5,9.5,9.5,9.5,0.0,0.0
2017-10-20,9.5,9.5,9.5,9.5,0.0,0.0
2017-10-23,9.5,9.5,9.5,9.5,0.0,0.0
2017-10-24,9.5,9.5,9.5,9.5,0.0,0.0
2017-10-25,9.5,9.5,9.5,9.5,0.0,0.0
2017-10-26,9.5,9.5,9.5,9.5,0.0,0.0
2017-10-27,9.5,9.5,9.5,9.5,0.0,0.0
2017-10-30,9.5,9.5,9.5,9.5,0.0,0.0
2017-10-31,9.5,9.5,9.5,9.5,0.0,0.0
2017-11-01,9.5,9.5,9.5,9.5,0.0,0.0
2017-11-02,9.5,9.5,9.5,9.5,0.0,0.0
2017-11-03,9.5,9.5,9.5,9.5,0.0,0.0
2017-11-06,9.5,9.5,9.5,9.5,0.0,0.0
2017-11-07,9.5,9.5,9.5,9.5,0.0,0.0
2017-11-08,9.5,9.5,9.5,9.5,0.0,0.0
2017-11-09,9.5,9.5,9.5,9.5,0.0,0.0
2017-11-10,9.5,9.5,9.5,9.5,0.0,0.0
2017-11-13,9.5,9.5,9.5,9.5,0.0,0.0
2017-11-14,9.5,9.5,9.5,9.5,0.0,0.0
2017-11-15,9.5,9.5,9.5,9.5,0.0,0.0
2017-11-16,9.5,9.5,9.5,9.5,0.0,0.0
2017-11-17,9.5,9.5,9.5,9.5,0.0,0.0
2017-11-20,9.5,9.5,9.5,9.5,0.0,0.0
2017-11-21,9.5,9.5,9.5,9.5,0.0,0.0
2017-11-22,9.5,9.5,9.5,9.5,0.0,0.0
2017-11-23,9.5,9.5,9.5,9.5,0.0,0.0
2017-11-24,9.5,9.5,9.5,9.5,0.0,0.0
2017-11-27,9.5,9.5,9.5,9.5,0.0,0.0
2017-11-28,9.5,9.5,9.5,9.5,0.0,0.0
2017-11-29,9.5,9.5,9.5,9.5,0.0,0.0
2017-11-30,9.5,9.5,9.5,9.5,0.0,0.0
2017-12-01,9.5,9.5,9.5,9.5,0.0,0.0
2017-12-04,9.5,9.5,9.5,9.5,0.0,0.0
2017-12-05,9.5,9.5,9.5,9.5,0.0,0.0
2017-12-06,9.5,9.5,9.5,9.5,0.0,0.0
2017-12-07,9.5,9.5,9.5,9.5,0.0,0.0
2017-12-08,9.5,9.5,9.5,9.5,0.0,0.0
2017-12-11,9.5,9.5,9.5,9.5,0.0,0.0
2017-12-12,9.5,9.5,9.5,9.5,0.0,0.0
2017-12-13,9.5,9.5,9.5,9.5,0.0,0.0
2017-12-14,9.5,9.5,9.5,9.5,0.0,0.0
2017-12-15,9.5,9.5,9.5,9.5,0.0,0.0
2017-12-18,9.5,9.5,9.5,9.5,0.0,0.0
2017-12-19,9.5,9.5,9.5,9.5,0.0,0.0
2017-12-20,9.5,9.5,9.5,9.5,0.0,0.0
2017-12-21,9.5,9.5,9.5,9.5,0.0,0.0
2017-12-22,9.5,9.5,9.5,9.5,0.0,0.0
2017-12-27,9.5,9.5,9.5,9.5,0.0,0.0
2017-12-28,9.5,9.5,9.5,9.5,0.0,0.0
2017-12-29,9.5,9.5,9.5,9.5,0.0,0.0
2018-01-02,9.5,9.5,9.5,9.5,0.0,0.0
2018-01-03,9.5,9.5,9.5,9.5,0.0,0.0
2018-01-04,9.5,9.5,9.5,9.5,0.0,0.0
2018-01-05,9.5,9.5,9.5,9.5,0.0,0.0
2018-01-08,9.5,9.5,9.5,9.5,0.0,0.0
2018-01-09,9.5,9.5,9.5,9.5,0.0,0.0
2018-01-10,9.5,9.5,9.5,9.5,0.0,0.0
2018-01-11,9.5,9.5,9.5,9.5,0.0,0.0
2018-01-12,9.5,9.5,9.5,9.5,0.0,0.0
2018-01-15,9.5,9.5,9.5,9.5,0.0,0.0
2018-01-16,9.5,9.5,9.5,9.5,0.0,0.0
2018-01-17,9.5,9.5,9.5,9.5,0.0,0.0
2018-01-18,9.5,9.5,9.5,9.5,0.0,0.0
2018-01-19,9.5,9.5,9.5,9.5,0.0,0.0
2018-01-22,9.5,9.5,9.5,9.5,0.0,0.0
2018-01-23,9.5,9.5,9.5,9.5,1.0,100.0
2018-01-24,9.5,9.5,9.5,9.5,0.0,0.0
2018-01-25,9.5,9.5,9.5,9.5,0.0,0.0
2018-01-26,9.5,9.5,9.5,9.5,0.0,0.0
2018-01-29,9.5,9.5,9.5,9.5,0.0,0.0
2018-01-30,9.5,9.5,9.5,9.5,0.0,0.0
2018-01-31,9.5,9.5,9.5,9.5,0.0,0.0
2018-02-01,9.5,9.5,9.5,9.5,0.0,0.0
2018-02-02,9.5,9.5,9.5,9.5,0.0,0.0
2018-02-05,9.5,9.5,9.5,9.5,0.0,0.0
2018-02-06,9.5,9.5,9.5,9.5,0.0,0.0
2018-02-07,9.5,9.5,9.5,9.5,0.0,0.0
2018-02-08,9.5,9.5,9.5,9.5,0.0,0.0
2018-02-09,9.5,9.5,9.5,9.5,0.0,0.0
2018-02-12,9.5,9.5,9.5,9.5,0.0,0.0
2018-02-13,9.5,9.5,9.5,9.5,0.0,0.0
2018-02-14,9.5,9.5,9.5,9.5,0.0,0.0
2018-02-15,9.5,9.5,9.5,9.5,0.0,0.0
2018-02-16,9.5,9.5,9.5,9.5,0.0,0.0
2018-02-19,9.5,9.5,9.5,9.5,0.0,0.0
2018-02-20,9.5,9.5,9.5,9.5,0.0,0.0
2018-02-21,9.5,9.5,9.5,9.5,0.0,0.0
2018-02-22,9.5,9.5,9.5,9.5,0.0,0.0
2018-02-23,9.5,9.5,9.5,9.5,0.0,0.0
2018-02-26,9.5,9.5,9.5,9.5,0.0,0.0
2018-02-27,9.5,9.5,9.5,9.5,0.0,0.0
2018-02-28,9.5,9.5,9.5,9.5,0.0,0.0
2018-03-01,9.5,9.5,9.5,9.5,0.0,0.0
2018-03-02,9.5,9.5,9.5,9.5,0.0,0.0
2018-03-05,9.5,9.5,9.5,9.5,0.0,0.0
2018-03-06,9.5,9.5,9.5,9.5,0.0,0.0
2018-03-07,9.5,9.5,9.5,9.5,0.0,0.0
2018-03-08,9.5,9.5,9.5,9.5,0.0,0.0
2018-03-09,9.5,9.5,9.5,9.5,0.0,0.0
2018-03-12,9.5,9.5,9.5,9.5,0.0,0.0
2018-03-13,9.5,9.5,9.5,9.5,0.0,0.0
2018-03-14,9.5,9.5,9.5,9.5,0.0,0.0
2018-03-15,9.5,9.5,9.5,9.5,0.0,0.0
2018-03-16,9.5,9.5,9.5,9.5,0.0,0.0
2018-03-19,9.5,9.5,9.5,9.5,0.0,0.0
2018-03-20,9.5,9.5,9.5,9.5,0.0,0.0
2018-03-21,9.5,9.5,9.5,9.5,0.0,0.0
2018-03-22,9.5,9.5,9.5,9.5,0.0,0.0
2018-03-23,9.5,9.5,9.5,9.5,0.0,0.0
2018-03-26,9.5,9.5,9.5,9.5,0.0,0.0
2018-03-27,9.5,9.5,9.5,9.5,0.0,0.0
2018-03-28,9.5,9.5,9.5,9.5,0.0,0.0
2018-03-29,9.5,9.5,9.5,9.5,0.0,0.0
2018-04-03,9.5,9.5,9.5,9.5,0.0,0.0
2018-04-04,9.5,9.5,9.5,9.5,0.0,0.0
2018-04-05,9.5,9.5,9.5,9.5,0.0,0.0
2018-04-06,9.5,9.5,9.5,9.5,0.0,0.0
2018-04-09,9.5,9.5,9.5,9.5,0.0,0.0
2018-04-10,9.5,9.5,9.5,9.5,0.0,0.0
2018-04-11,9.5,9.5,9.5,9.5,0.0,0.0
2018-04-12,9.5,9.5,9.5,9.5,0.0,0.0
2018-04-13,9.5,9.5,9.5,9.5,0.0,0.0
2018-04-16,9.5,9.5,9.5,9.5,0.0,0.0
2018-04-17,9.5,9.5,9.5,9.5,0.0,0.0
2018-04-18,9.5,9.5,9.5,9.5,0.0,0.0
2018-04-19,9.5,9.5,9.5,9.5,0.0,0.0
2018-04-20,9.5,9.5,9.5,9.5,0.0,0.0
2018-04-23,9.5,9.5,9.5,9.5,0.0,0.0
2018-04-24,9.5,9.5,9.5,9.5,0.0,0.0
2018-04-25,9.5,9.5,9.5,9.5,0.0,0.0
2018-04-26,9.5,9.5,9.5,9.5,0.0,0.0
2018-04-27,9.5,9.5,9.5,9.5,0.0,0.0
2018-04-30,9.5,9.5,9.5,9.5,0.0,0.0
2018-05-01,9.5,9.5,9.5,9.5,0.0,0.0
2018-05-02,9.5,9.5,9.5,9.5,0.0,0.0
2018-05-03,9.5,9.5,9.5,9.5,0.0,0.0
2018-05-04,9.5,9.5,9.5,9.5,0.0,0.0
2018-05-07,9.5,9.5,9.5,9.5,0.0,0.0
2018-05-08,9.5,9.5,9.5,9.5,0.0,0.0
2018-05-09,9.5,9.5,9.5,9.5,0.0,0.0
2018-05-10,9.5,9.5,9.5,9.5,0.0,0.0
2018-05-11,9.5,9.5,9.5,9.5,0.0,0.0
2018-05-14,9.5,9.5,9.5,9.5,0.0,0.0
2018-05-15,9.5,9.5,9.5,9.5,0.0,0.0
2018-05-16,9.5,9.5,9.5,9.5,0.0,0.0
2018-05-17,9.5,9.5,9.5,9.5,0.0,0.0
2018-05-18,9.5,9.5,9.5,9.5,0.0,0.0
2018-05-21,9.5,9.5,9.5,9.5,0.0,0.0
2018-05-22,9.5,9.5,9.5,9.5,0.0,0.0
2018-05-23,9.5,9.5,9.5,9.5,0.0,0.0
2018-05-24,9.5,9.5,9.5,9.5,0.0,0.0
2018-05-25,9.5,9.5,9.5,9.5,0.0,0.0
2018-05-28,9.5,9.5,9.5,9.5,0.0,0.0
2018-05-29,9.5,9.5,9.5,9.5,0.0,0.0
2018-05-30,9.5,9.5,9.5,9.5,0.0,0.0
2018-05-31,9.5,9.5,9.5,9.5,0.0,0.0
2018-06-01,9.5,9.5,9.5,9.5,0.0,0.0
2018-06-04,9.5,9.5,9.5,9.5,0.0,0.0
2018-06-05,9.5,9.5,9.5,9.5,0.0,0.0
2018-06-06,9.5,9.5,9.5,9.5,0.0,0.0
2018-06-07,9.5,9.5,9.5,9.5,0.0,0.0
2018-06-08,9.5,9.5,9.5,9.5,0.0,0.0
2018-06-11,9.5,9.5,9.5,9.5,0.0,0.0
2018-06-12,9.5,9.5,9.5,9.5,0.0,0.0
2018-06-13,9.5,9.5,9.5,9.5,0.0,0.0
2018-06-14,9.5,9.5,9.5,9.5,0.0,0.0
2018-06-15,9.5,9.5,9.5,9.5,0.0,0.0
2018-06-18,9.5,9.5,9.5,9.5,0.0,0.0
2018-06-19,9.5,9.5,9.5,9.5,0.0,0.0
2018-06-20,9.5,9.5,9.5,9.5,0.0,0.0
2018-06-21,9.5,9.5,9.5,9.5,0.0,0.0
2018-06-22,9.5,9.5,9.5,9.5,0.0,0.0
2018-06-25,9.5,9.5,9.5,9.5,0.0,0.0
2018-06-26,9.5,9.5,9.5,9.5,0.0,0.0
2018-06-27,9.5,9.5,9.5,9.5,0.0,0.0
2018-06-28,9.5,9.5,9.5,9.5,0.0,0.0
2018-06-29,9.5,9.5,9.5,9.5,0.0,0.0
2018-07-02,9.5,9.5,9.5,9.5,0.0,0.0
2018-07-03,9.5,9.5,9.5,9.5,0.0,0.0
2018-07-04,9.5,9.5,9.5,9.5,0.0,0.0
2018-07-05,9.5,9.5,9.5,9.5,0.0,0.0
2018-07-06,9.5,9.5,9.5,9.5,0.0,0.0
2018-07-09,9.5,9.5,9.5,9.5,0.0,0.0
2018-07-10,9.5,9.5,9.5,9.5,0.0,0.0
2018-07-11,9.5,9.5,9.5,9.5,0.0,0.0
2018-07-12,9.5,9.5,9.5,9.5,0.0,0.0
2018-07-13,9.5,9.5,9.5,9.5,0.0,0.0
2018-07-16,9.5,9.5,9.5,9.5,0.0,0.0
2018-07-17,9.5,9.5,9.5,9.5,0.0,0.0
2018-07-18,9.5,9.5,9.5,9.5,0.0,0.0
2018-07-19,9.5,9.5,9.5,9.5,0.0,0.0
2018-07-20,9.5,9.5,9.5,9.5,0.0,0.0
2018-07-23,9.5,9.5,9.5,9.5,0.0,0.0
2018-07-24,9.5,9.5,9.5,9.5,0.0,0.0
2018-07-25,9.5,9.5,9.5,9.5,0.0,0.0
2018-07-26,9.5,9.5,9.5,9.5,1.0,5000.0
2018-07-27,9.5,9.5,9.5,9.5,0.0,0.0
2018-07-30,9.5,9.5,9.5,9.5,0.0,0.0
2018-07-31,9.5,9.5,9.5,9.5,0.0,0.0
2018-08-01,9.5,9.5,9.5,9.5,0.0,0.0
2018-08-02,9.5,9.5,9.5,9.5,1.0,5000.0
2018-08-03,11.0,11.0,11.0,11.0,0.0,0.0
2018-08-06,11.0,11.0,11.0,11.0,0.0,0.0
2018-08-07,11.0,11.0,11.0,11.0,0.0,0.0
2018-08-08,11.0,11.0,11.0,11.0,0.0,0.0
2018-08-09,11.0,11.0,11.0,11.0,0.0,0.0
2018-08-10,11.0,11.0,11.0,11.0,0.0,0.0
2018-08-13,11.0,11.0,11.0,11.0,0.0,0.0
2018-08-14,11.0,11.0,11.0,11.0,0.0,0.0
2018-08-15,11.0,11.0,11.0,11.0,1.0,5000.0
2018-08-16,11.0,11.0,11.0,11.0,0.0,0.0
2018-08-17,11.0,11.0,11.0,11.0,0.0,0.0
2018-08-20,11.0,11.0,11.0,11.0,1.0,5000.0
2018-08-21,11.5,11.5,11.5,11.5,0.0,0.0
2018-08-22,11.5,11.5,11.5,11.5,1.0,10000.0
2018-08-23,11.5,11.5,11.5,11.5,0.0,0.0
2018-08-24,11.5,11.5,11.5,11.5,0.0,0.0
2018-08-27,11.5,11.5,11.5,11.5,0.0,0.0
2018-08-28,11.5,11.5,11.5,11.5,0.0,0.0
2018-08-29,11.5,11.5,11.5,11.5,1.0,6500.0
2018-08-30,11.5,11.5,11.5,11.5,0.0,0.0
2018-08-31,11.5,11.5,11.5,11.5,0.0,0.0
2018-09-03,11.5,11.5,11.5,11.5,0.0,0.0
2018-09-04,11.5,11.5,11.5,11.5,0.0,0.0
2018-09-05,11.5,11.5,11.5,11.5,0.0,0.0
2018-09-06,11.5,11.5,11.5,11.5,0.0,0.0
2018-09-07,11.5,11.5,11.5,11.5,0.0,0.0
2018-09-10,11.5,11.5,11.5,11.5,0.0,0.0
2018-09-11,11.5,11.5,11.5,11.5,1.0,10000.0
2018-09-12,11.5,11.5,11.5,11.5,0.0,0.0
2018-09-13,11.5,11.5,11.5,11.5,0.0,0.0
2018-09-14,11.5,11.5,11.5,11.5,1.0,10000.0
2018-09-17,11.5,11.5,11.5,11.5,1.0,314.0
2018-09-18,11.5,11.5,11.5,11.5,1.0,12000.0
2018-09-19,11.5,11.5,11.5,11.5,0.0,0.0
2018-09-20,11.5,11.5,11.5,11.5,0.0,0.0
2018-09-21,11.5,11.5,11.5,11.5,0.0,0.0
2018-09-24,11.5,11.5,11.5,11.5,0.0,0.0
2018-09-25,11.5,11.5,11.5,11.5,1.0,15000.0
2018-09-26,11.5,11.5,11.5,11.5,0.0,0.0
2018-09-27,11.5,11.5,11.5,11.5,0.0,0.0
2018-09-28,15.0,15.0,15.0,15.0,0.0,0.0
2018-10-01,15.0,15.0,15.0,15.0,0.0,0.0
2018-10-02,15.0,15.0,15.0,15.0,1.0,8000.0
2018-10-03,15.0,15.0,15.0,15.0,0.0,0.0
2018-10-04,15.0,15.0,15.0,15.0,0.0,0.0
2018-10-05,15.0,15.0,15.0,15.0,1.0,10000.0
2018-10-08,15.0,15.0,15.0,15.0,1.0,10000.0
2018-10-09,15.0,15.0,15.0,15.0,0.0,0.0
2018-10-10,15.0,15.0,15.0,15.0,1.0,9000.0
2018-10-11,15.0,15.0,15.0,15.0,0.0,0.0
2018-10-12,15.0,15.0,15.0,15.0,0.0,0.0
2018-10-15,15.0,15.0,15.0,15.0,0.0,0.0
2018-10-16,15.0,15.0,15.0,15.0,1.0,8000.0
2018-10-17,15.0,15.0,15.0,15.0,0.0,0.0
2018-10-18,15.0,15.0,15.0,15.0,0.0,0.0
2018-10-19,15.0,15.0,15.0,15.0,0.0,0.0
2018-10-22,15.0,15.0,15.0,15.0,0.0,0.0
2018-10-23,15.0,15.0,15.0,15.0,0.0,0.0
2018-10-24,15.0,15.0,15.0,15.0,0.0,0.0
2018-10-25,15.0,15.0,15.0,15.0,1.0,8000.0
2018-10-26,15.0,15.0,15.0,15.0,0.0,0.0
2018-10-29,15.0,15.0,15.0,15.0,0.0,0.0
2018-10-30,15.0,15.0,15.0,15.0,0.0,0.0
2018-10-31,15.0,15.0,15.0,15.0,1.0,5000.0
2018-11-01,15.0,15.0,15.0,15.0,0.0,0.0
2018-11-02,15.0,15.0,15.0,15.0,0.0,0.0
2018-11-05,15.0,15.0,15.0,15.0,0.0,0.0
2018-11-06,15.0,15.0,15.0,15.0,1.0,14000.0
2018-11-07,15.0,15.0,15.0,15.0,0.0,0.0
2018-11-08,15.0,15.0,15.0,15.0,0.0,0.0
2018-11-09,15.0,15.0,15.0,15.0,0.0,0.0
2018-11-12,15.0,15.0,15.0,15.0,0.0,0.0
2018-11-13,15.0,15.0,15.0,15.0,1.0,5000.0
2018-11-14,15.0,15.0,15.0,15.0,0.0,0.0
2018-11-15,15.0,15.0,15.0,15.0,0.0,0.0
2018-11-16,15.0,15.0,15.0,15.0,0.0,0.0
2018-11-19,15.0,15.0,15.0,15.0,1.0,10000.0
2018-11-20,15.0,15.0,15.0,15.0,0.0,0.0
2018-11-21,15.0,15.0,15.0,15.0,0.0,0.0
2018-11-22,15.0,15.0,15.0,15.0,0.0,0.0
2018-11-23,15.0,15.0,15.0,15.0,0.0,0.0
2018-11-26,15.0,15.0,15.0,15.0,0.0,0.0
2018-11-27,15.0,15.0,15.0,15.0,1.0,8000.0
2018-11-28,15.0,15.0,15.0,15.0,0.0,0.0
2018-11-29,15.0,15.0,15.0,15.0,0.0,0.0
2018-11-30,15.0,15.0,15.0,15.0,0.0,0.0
2018-12-03,15.0,15.0,15.0,15.0,0.0,0.0
2018-12-04,15.0,15.0,15.0,15.0,0.0,0.0
2018-12-05,15.0,15.0,15.0,15.0,1.0,10000.0
2018-12-06,15.0,15.0,15.0,15.0,0.0,0.0
2018-12-07,15.0,15.0,15.0,15.0,1.0,25000.0
2018-12-10,15.0,15.0,15.0,15.0,0.0,0.0
2018-12-11,15.0,15.0,15.0,15.0,0.0,0.0
2018-12-12,15.0,15.0,15.0,15.0,0.0,0.0
2018-12-13,15.0,15.0,15.0,15.0,0.0,0.0
2018-12-14,15.0,15.0,15.0,15.0,0.0,0.0
2018-12-17,15.0,15.0,15.0,15.0,0.0,0.0
2018-12-18,15.0,15.0,15.0,15.0,0.0,0.0
2018-12-19,15.0,15.0,15.0,15.0,0.0,0.0
2018-12-20,15.0,15.0,15.0,15.0,1.0,15000.0
2018-12-21,15.0,15.0,15.0,15.0,0.0,0.0
2018-12-24,15.0,15.0,15.0,15.0,0.0,0.0
2018-12-27,15.0,15.0,15.0,15.0,0.0,0.0
2018-12-28,15.0,15.0,15.0,15.0,0.0,0.0
2018-12-31,15.0,15.0,15.0,15.0,0.0,0.0
2019-01-02,15.0,15.0,15.0,15.0,0.0,0.0
2019-01-03,15.0,15.0,15.0,15.0,0.0,0.0
2019-01-04,15.0,15.0,15.0,15.0,0.0,0.0
2019-01-07,15.0,15.0,15.0,15.0,0.0,0.0
2019-01-08,15.0,15.0,15.0,15.0,1.0,20000.0
2019-01-09,15.0,15.0,15.0,15.0,0.0,0.0
2019-01-10,15.0,15.0,15.0,15.0,0.0,0.0
2019-01-11,15.0,15.0,15.0,15.0,0.0,0.0
2019-01-14,15.0,15.0,15.0,15.0,0.0,0.0
2019-01-15,15.0,15.0,15.0,15.0,0.0,0.0
2019-01-16,15.0,15.0,15.0,15.0,1.0,20000.0
2019-01-17,15.0,15.0,15.0,15.0,0.0,0.0
2019-01-18,15.0,15.0,15.0,15.0,0.0,0.0
2019-01-21,15.0,15.0,15.0,15.0,0.0,0.0
2019-01-22,15.0,15.0,15.0,15.0,1.0,25000.0
2019-01-23,15.0,15.0,15.0,15.0,0.0,0.0
2019-01-24,15.0,15.0,15.0,15.0,0.0,0.0
2019-01-25,15.0,15.0,15.0,15.0,0.0,0.0
2019-01-28,15.0,15.0,15.0,15.0,0.0,0.0
2019-01-29,15.0,15.0,15.0,15.0,0.0,0.0
2019-01-30,15.0,15.0,15.0,15.0,0.0,0.0
2019-01-31,15.0,15.0,15.0,15.0,0.0,0.0
2019-02-01,15.0,15.0,15.0,15.0,1.0,20000.0
2019-02-04,15.0,15.0,15.0,15.0,0.0,0.0
2019-02-05,15.0,15.0,15.0,15.0,0.0,0.0
2019-02-06,15.0,15.0,15.0,15.0,0.0,0.0
2019-02-07,15.0,15.0,15.0,15.0,0.0,0.0
2019-02-08,15.0,15.0,15.0,15.0,0.0,0.0
2019-02-11,15.0,15.0,15.0,15.0,0.0,0.0
2019-02-12,15.0,15.0,15.0,15.0,0.0,0.0
2019-02-13,15.0,15.0,15.0,15.0,0.0,0.0
2019-02-14,15.0,15.0,15.0,15.0,0.0,0.0
2019-02-15,15.0,15.0,15.0,15.0,0.0,0.0
2019-02-18,15.0,15.0,15.0,15.0,0.0,0.0
2019-02-19,15.0,15.0,15.0,15.0,0.0,0.0
2019-02-20,15.0,15.0,15.0,15.0,1.0,25000.0
2019-02-21,15.0,15.0,15.0,15.0,0.0,0.0
2019-02-22,15.0,15.0,15.0,15.0,0.0,0.0
2019-02-25,15.0,15.0,15.0,15.0,0.0,0.0
2019-02-26,15.0,15.0,15.0,15.0,0.0,0.0
2019-02-27,15.0,15.0,15.0,15.0,0.0,0.0
2019-02-28,15.0,15.0,15.0,15.0,1.0,25000.0
2019-03-01,15.0,15.0,15.0,15.0,0.0,0.0
2019-03-04,15.0,15.0,15.0,15.0,0.0,0.0
2019-03-05,15.0,15.0,15.0,15.0,0.0,0.0
2019-03-06,15.0,15.0,15.0,15.0,0.0,0.0
2019-03-07,15.0,15.0,15.0,15.0,0.0,0.0
2019-03-08,15.0,15.0,15.0,15.0,0.0,0.0
2019-03-11,15.0,15.0,15.0,15.0,0.0,0.0
2019-03-12,15.0,15.0,15.0,15.0,0.0,0.0
2019-03-13,15.0,15.0,15.0,15.0,1.0,20000.0
2019-03-14,15.0,15.0,15.0,15.0,0.0,0.0
2019-03-15,15.0,15.0,15.0,15.0,0.0,0.0
2019-03-18,15.0,15.0,15.0,15.0,1.0,30000.0
2019-03-19,15.0,15.0,15.0,15.0,0.0,0.0
2019-03-20,15.0,15.0,15.0,15.0,0.0,0.0
2019-03-21,15.0,15.0,15.0,15.0,0.0,0.0
2019-03-22,15.0,15.0,15.0,15.0,0.0,0.0
2019-03-25,12.5,12.5,12.5,12.5,0.0,0.0
2019-03-26,12.5,12.5,12.5,12.5,1.0,15000.0
2019-03-27,12.5,12.5,12.5,12.5,0.0,0.0
2019-03-28,12.5,12.5,12.5,12.5,0.0,0.0
2019-03-29,12.5,12.5,12.5,12.5,0.0,0.0
2019-04-01,12.5,12.5,12.5,12.5,0.0,0.0
2019-04-02,12.5,12.5,12.5,12.5,1.0,20000.0
2019-04-03,10.0,10.0,10.0,10.0,0.0,0.0
2019-04-04,9.0,9.0,9.0,9.0,0.0,0.0
2019-04-05,9.0,9.0,9.0,9.0,0.0,0.0
2019-04-08,9.0,9.0,9.0,9.0,0.0,0.0
2019-04-09,9.0,9.0,9.0,9.0,0.0,0.0
2019-04-10,9.0,9.0,9.0,9.0,1.0,20000.0
2019-04-11,9.0,9.0,9.0,9.0,0.0,0.0
2019-04-12,12.0,12.0,12.0,12.0,0.0,0.0
2019-04-15,12.0,12.0,12.0,12.0,1.0,20000.0
2019-04-16,12.0,12.0,12.0,12.0,0.0,0.0
2019-04-17,12.0,12.0,12.0,12.0,1.0,15000.0
2019-04-18,12.0,12.0,12.0,12.0,0.0,0.0
2019-04-23,12.0,12.0,12.0,12.0,2.0,40000.0
2019-04-24,12.0,12.0,12.0,12.0,1.0,10000.0
2019-04-25,10.5,10.5,10.5,10.5,0.0,0.0
2019-04-26,10.5,10.5,10.5,10.5,0.0,0.0
2019-04-29,10.5,10.5,10.5,10.5,0.0,0.0
2019-04-30,10.5,10.5,10.5,10.5,0.0,0.0
2019-05-01,10.5,10.5,10.5,10.5,1.0,30000.0
2019-05-02,10.5,10.5,10.5,10.5,1.0,25000.0
2019-05-03,8.5,8.5,8.5,8.5,0.0,0.0
2019-05-06,8.5,8.5,8.5,8.5,0.0,0.0
2019-05-07,8.5,8.5,8.5,8.5,0.0,0.0
2019-05-08,8.5,8.5,8.5,8.5,0.0,0.0
2019-05-09,8.5,8.5,8.5,8.5,0.0,0.0
2019-05-10,8.5,8.5,8.5,8.5,0.0,0.0
2019-05-13,8.5,8.5,8.5,8.5,1.0,10000.0
2019-05-14,8.5,8.5,8.5,8.5,0.0,0.0
2019-05-15,8.5,8.5,8.5,8.5,0.0,0.0
2019-05-16,8.5,8.5,8.5,8.5,0.0,0.0
2019-05-17,8.5,8.5,8.5,8.5,0.0,0.0
2019-05-20,8.5,8.5,8.5,8.5,0.0,0.0
2019-05-21,8.5,8.5,8.5,8.5,0.0,0.0
2019-05-22,8.5,8.5,8.5,8.5,0.0,0.0
2019-05-23,8.5,8.5,8.5,8.5,0.0,0.0
2019-05-24,8.5,8.5,8.5,8.5,0.0,0.0
2019-05-27,8.5,8.5,8.5,8.5,0.0,0.0
2019-05-28,8.5,8.5,8.5,8.5,0.0,0.0
2019-05-29,8.5,8.5,8.5,8.5,0.0,0.0
2019-05-30,8.5,8.5,8.5,8.5,0.0,0.0
2019-05-31,8.5,8.5,8.5,8.5,0.0,0.0
2019-06-03,8.5,8.5,8.5,8.5,0.0,0.0
2019-06-04,8.5,8.5,8.5,8.5,0.0,0.0
2019-06-05,8.5,8.5,8.5,8.5,0.0,0.0
2019-06-06,8.5,8.5,8.5,8.5,0.0,0.0
2019-06-07,8.5,8.5,8.5,8.5,0.0,0.0
2019-06-10,8.5,8.5,8.5,8.5,0.0,0.0
2019-06-11,8.5,8.5,8.5,8.5,0.0,0.0
2019-06-12,8.5,8.5,8.5,8.5,0.0,0.0
2019-06-13,8.5,8.5,8.5,8.5,1.0,10000.0
2019-06-14,8.5,8.5,8.5,8.5,0.0,0.0
2019-06-17,8.5,8.5,8.5,8.5,0.0,0.0
2019-06-18,8.5,8.5,8.5,8.5,1.0,10000.0
2019-06-19,8.5,8.5,8.5,8.5,0.0,0.0
2019-06-20,8.5,8.5,8.5,8.5,0.0,0.0
2019-06-21,8.5,8.5,8.5,8.5,0.0,0.0
2019-06-24,8.5,8.5,8.5,8.5,0.0,0.0
2019-06-25,8.5,8.5,8.5,8.5,0.0,0.0
2019-06-26,8.5,8.5,8.5,8.5,1.0,10000.0
2019-06-27,8.5,8.5,8.5,8.5,0.0,0.0
2019-06-28,8.5,8.5,8.5,8.5,0.0,0.0
2019-07-01,8.5,8.5,8.5,8.5,1.0,314.0
2019-07-02,8.5,8.5,8.5,8.5,0.0,0.0
2019-07-03,8.5,8.5,8.5,8.5,0.0,0.0
2019-07-04,8.5,8.5,8.5,8.5,0.0,0.0
2019-07-05,8.5,8.5,8.5,8.5,0.0,0.0
2019-07-08,8.5,8.5,8.5,8.5,0.0,0.0
2019-07-09,8.5,8.5,8.5,8.5,0.0,0.0
2019-07-10,8.5,8.5,8.5,8.5,0.0,0.0
2019-07-11,8.5,8.5,8.5,8.5,0.0,0.0
2019-07-12,8.5,8.5,8.5,8.5,0.0,0.0
2019-07-15,8.5,8.5,8.5,8.5,0.0,0.0
2019-07-16,8.5,8.5,8.5,8.5,0.0,0.0
2019-07-17,8.5,8.5,8.5,8.5,0.0,0.0
2019-07-18,8.5,8.5,8.5,8.5,0.0,0.0
2019-07-19,8.5,8.5,8.5,8.5,0.0,0.0
2019-07-22,8.5,8.5,8.5,8.5,0.0,0.0
2019-07-23,8.5,8.5,8.5,8.5,0.0,0.0
2019-07-24,8.5,8.5,8.5,8.5,0.0,0.0
2019-07-25,8.5,8.5,8.5,8.5,1.0,628.0
2019-07-26,8.5,8.5,8.5,8.5,0.0,0.0
2019-07-29,8.5,8.5,8.5,8.5,0.0,0.0
2019-07-30,8.5,8.5,8.5,8.5,0.0,0.0
2019-07-31,8.5,8.5,8.5,8.5,0.0,0.0
2019-08-01,8.5,8.5,8.5,8.5,0.0,0.0
2019-08-02,8.5,8.5,8.5,8.5,0.0,0.0
2019-08-05,8.5,8.5,8.5,8.5,0.0,0.0
2019-08-06,8.5,8.5,8.5,8.5,0.0,0.0
2019-08-07,8.5,8.5,8.5,8.5,0.0,0.0
2019-08-08,8.5,8.5,8.5,8.5,0.0,0.0
2019-08-09,8.5,8.5,8.5,8.5,0.0,0.0
2019-08-12,8.5,8.5,8.5,8.5,0.0,0.0
2019-08-13,8.5,8.5,8.5,8.5,0.0,0.0
2019-08-14,8.5,8.5,8.5,8.5,0.0,0.0
2019-08-15,8.5,8.5,8.5,8.5,0.0,0.0
2019-08-16,6.5,6.5,6.5,6.5,0.0,0.0
2019-08-19,6.5,6.5,6.5,6.5,2.0,3500.0
2019-08-20,8.5,8.5,8.5,8.5,0.0,0.0
2019-08-21,8.5,8.5,8.5,8.5,0.0,0.0
2019-08-22,8.5,8.5,8.5,8.5,0.0,0.0
2019-08-23,8.5,8.5,8.5,8.5,4.0,3951.0
2019-08-26,8.5,8.5,8.5,8.5,0.0,0.0
2019-08-27,8.5,8.5,8.5,8.5,1.0,200.0
2019-08-28,8.5,8.5,8.5,8.5,3.0,13000.0
2019-08-29,11.0,11.0,11.0,11.0,0.0,0.0
2019-08-30,11.0,11.0,11.0,11.0,0.0,0.0
2019-09-02,11.0,11.0,11.0,11.0,0.0,0.0
2019-09-03,11.0,11.0,11.0,11.0,1.0,3750.0
2019-09-04,9.5,9.5,9.5,9.5,0.0,0.0
2019-09-05,9.5,9.5,9.5,9.5,0.0,0.0
2019-09-06,9.5,9.5,9.5,9.5,0.0,0.0
2019-09-09,7.5,7.5,7.5,7.5,0.0,0.0
2019-09-10,7.5,7.5,7.5,7.5,0.0,0.0
2019-09-11,7.5,7.5,7.5,7.5,0.0,0.0
2019-09-12,7.5,7.5,7.5,7.5,1.0,744.0
2019-09-13,7.5,7.5,7.5,7.5,0.0,0.0
2019-09-16,7.5,7.5,7.5,7.5,0.0,0.0
2019-09-17,7.5,7.5,7.5,7.5,0.0,0.0
2019-09-18,7.5,7.5,7.5,7.5,0.0,0.0
2019-09-19,7.5,7.5,7.5,7.5,0.0,0.0
2019-09-20,7.5,7.5,7.5,7.5,0.0,0.0
2019-09-23,7.5,7.5,7.5,7.5,0.0,0.0
2019-09-24,7.5,7.5,7.5,7.5,1.0,1000.0
2019-09-25,7.5,7.5,7.5,7.5,0.0,0.0
2019-09-26,7.5,7.5,7.5,7.5,0.0,0.0
2019-09-27,7.5,7.5,7.5,7.5,0.0,0.0
2019-09-30,7.5,7.5,7.5,7.5,1.0,1000.0
2019-10-01,7.5,7.5,7.5,7.5,0.0,0.0
2019-10-02,7.5,7.5,7.5,7.5,0.0,0.0
2019-10-03,7.5,7.5,7.5,7.5,0.0,0.0
2019-10-04,7.5,7.5,7.5,7.5,0.0,0.0
2019-10-07,7.5,7.5,7.5,7.5,0.0,0.0
2019-10-08,7.5,7.5,7.5,7.5,0.0,0.0
2019-10-09,7.5,7.5,7.5,7.5,0.0,0.0
2019-10-10,7.5,7.5,7.5,7.5,0.0,0.0
2019-10-11,7.5,7.5,7.5,7.5,0.0,0.0
2019-10-14,7.5,7.5,7.5,7.5,0.0,0.0
2019-10-15,7.5,7.5,7.5,7.5,0.0,0.0
2019-10-16,7.5,7.5,7.5,7.5,0.0,0.0
2019-10-17,7.5,7.5,7.5,7.5,0.0,0.0
2019-10-18,7.5,7.5,7.5,7.5,0.0,0.0
2019-10-21,7.5,7.5,7.5,7.5,0.0,0.0
2019-10-22,7.5,7.5,7.5,7.5,0.0,0.0
2019-10-23,7.5,7.5,7.5,7.5,0.0,0.0
2019-10-24,7.5,7.5,7.5,7.5,0.0,0.0
2019-10-25,7.5,7.5,7.5,7.5,0.0,0.0
2019-10-28,7.5,7.5,7.5,7.5,2.0,53.0
2019-10-29,7.5,7.5,7.5,7.5,0.0,0.0
2019-10-30,7.5,7.5,7.5,7.5,0.0,0.0
2019-10-31,7.5,7.5,7.5,7.5,0.0,0.0
2019-11-01,7.5,7.5,7.5,7.5,0.0,0.0
2019-11-04,7.5,7.5,7.5,7.5,0.0,0.0
2019-11-05,7.5,7.5,7.5,7.5,0.0,0.0
2019-11-06,7.5,7.5,7.5,7.5,0.0,0.0
2019-11-07,7.5,7.5,7.5,7.5,0.0,0.0
2019-11-08,7.5,7.5,7.5,7.5,0.0,0.0
2019-11-11,7.5,7.5,7.5,7.5,0.0,0.0
2019-11-12,7.5,7.5,7.5,7.5,0.0,0.0
2019-11-13,7.5,7.5,7.5,7.5,0.0,0.0
2019-11-14,7.5,7.5,7.5,7.5,0.0,0.0
2019-11-15,7.5,7.5,7.5,7.5,0.0,0.0
2019-11-18,7.5,7.5,7.5,7.5,0.0,0.0
2019-11-19,7.5,7.5,7.5,7.5,0.0,0.0
2019-11-20,7.5,7.5,7.5,7.5,0.0,0.0
2019-11-21,7.5,7.5,7.5,7.5,0.0,0.0
2019-11-22,7.5,7.5,7.5,7.5,0.0,0.0
2019-11-25,7.5,7.5,7.5,7.5,0.0,0.0
2019-11-26,7.5,7.5,7.5,7.5,0.0,0.0
2019-11-27,7.5,7.5,7.5,7.5,0.0,0.0
2019-11-28,7.5,7.5,7.5,7.5,0.0,0.0
2019-11-29,7.5,7.5,7.5,7.5,0.0,0.0
2019-12-02,7.5,7.5,7.5,7.5,1.0,1000.0
2019-12-03,7.5,7.5,7.5,7.5,0.0,0.0
2019-12-04,7.5,7.5,7.5,7.5,0.0,0.0
2019-12-05,7.5,7.5,7.5,7.5,0.0,0.0
2019-12-06,7.5,7.5,7.5,7.5,0.0,0.0
2019-12-09,7.5,7.5,7.5,7.5,0.0,0.0
2019-12-10,7.5,7.5,7.5,7.5,0.0,0.0
2019-12-11,7.5,7.5,7.5,7.5,0.0,0.0
2019-12-12,7.5,7.5,7.5,7.5,0.0,0.0
2019-12-13,7.5,7.5,7.5,7.5,0.0,0.0
2019-12-16,7.5,7.5,7.5,7.5,0.0,0.0
2019-12-17,7.5,7.5,7.5,7.5,0.0,0.0
2019-12-18,7.5,7.5,7.5,7.5,0.0,0.0
2019-12-19,7.5,7.5,7.5,7.5,0.0,0.0
2019-12-20,7.5,7.5,7.5,7.5,0.0,0.0
2019-12-23,7.5,7.5,7.5,7.5,0.0,0.0
2019-12-24,7.5,7.5,7.5,7.5,0.0,0.0
2019-12-27,7.5,7.5,7.5,7.5,0.0,0.0
2019-12-30,7.5,7.5,7.5,7.5,0.0,0.0
2019-12-31,7.5,7.5,7.5,7.5,0.0,0.0
2020-01-02,7.5,7.5,7.5,7.5,0.0,0.0
2020-01-03,7.5,7.5,7.5,7.5,0.0,0.0
2020-01-06,7.5,7.5,7.5,7.5,0.0,0.0
2020-01-07,7.5,7.5,7.5,7.5,0.0,0.0
2020-01-08,7.5,7.5,7.5,7.5,0.0,0.0
2020-01-09,7.5,7.5,7.5,7.5,0.0,0.0
2020-01-10,7.5,7.5,7.5,7.5,0.0,0.0
2020-01-13,7.5,7.5,7.5,7.5,0.0,0.0
2020-01-14,7.5,7.5,7.5,7.5,0.0,0.0
2020-01-15,7.5,7.5,7.5,7.5,0.0,0.0
2020-01-16,7.5,7.5,7.5,7.5,0.0,0.0
2020-01-17,7.5,7.5,7.5,7.5,0.0,0.0
2020-01-20,7.5,7.5,7.5,7.5,1.0,5000.0
2020-01-21,8.75,8.75,8.75,8.75,0.0,0.0
2020-01-22,8.75,8.75,8.75,8.75,1.0,1000.0
2020-01-23,8.75,8.75,8.75,8.75,0.0,0.0
2020-01-24,8.75,8.75,8.75,8.75,0.0,0.0
2020-01-27,8.75,8.75,8.75,8.75,0.0,0.0
2020-01-28,8.75,8.75,8.75,8.75,0.0,0.0
2020-01-29,8.75,8.75,8.75,8.75,0.0,0.0
2020-01-30,8.75,8.75,8.75,8.75,0.0,0.0
2020-01-31,8.75,8.75,8.75,8.75,1.0,1000.0
2020-02-03,8.75,8.75,8.75,8.75,0.0,0.0
2020-02-04,8.75,8.75,8.75,8.75,2.0,1314.0
2020-02-05,7.75,7.75,7.75,7.75,0.0,0.0
2020-02-06,7.75,7.75,7.75,7.75,0.0,0.0
2020-02-07,7.75,7.75,7.75,7.75,0.0,0.0
2020-02-10,7.75,7.75,7.75,7.75,0.0,0.0
2020-02-11,7.75,7.75,7.75,7.75,0.0,0.0
2020-02-12,7.75,7.75,7.75,7.75,0.0,0.0
2020-02-13,7.75,7.75,7.75,7.75,0.0,0.0
2020-02-14,7.75,7.75,7.75,7.75,0.0,0.0
2020-02-17,7.75,7.75,7.75,7.75,0.0,0.0
2020-02-18,7.75,7.75,7.75,7.75,0.0,0.0
2020-02-19,7.75,7.75,7.75,7.75,0.0,0.0
2020-02-20,7.75,7.75,7.75,7.75,0.0,0.0
2020-02-21,7.75,7.75,7.75,7.75,0.0,0.0
2020-02-24,7.75,7.75,7.75,7.75,0.0,0.0
2020-02-25,7.75,7.75,7.75,7.75,0.0,0.0
2020-02-26,7.75,7.75,7.75,7.75,0.0,0.0
2020-02-27,7.75,7.75,7.75,7.75,0.0,0.0
2020-02-28,6.75,6.75,6.75,6.75,0.0,0.0
2020-03-02,6.75,6.75,6.75,6.75,0.0,0.0
2020-03-03,6.75,6.75,6.75,6.75,0.0,0.0
2020-03-04,6.75,6.75,6.75,6.75,0.0,0.0
2020-03-05,6.75,6.75,6.75,6.75,0.0,0.0
2020-03-06,6.75,6.75,6.75,6.75,0.0,0.0
2020-03-09,6.75,6.75,6.75,6.75,0.0,0.0
2020-03-10,6.75,6.75,6.75,6.75,0.0,0.0
2020-03-11,6.75,6.75,6.75,6.75,0.0,0.0
2020-03-12,6.75,6.75,6.75,6.75,0.0,0.0
2020-03-13,6.75,6.75,6.75,6.75,0.0,0.0
2020-03-16,6.75,6.75,6.75,6.75,0.0,0.0
2020-03-17,6.75,6.75,6.75,6.75,0.0,0.0
2020-03-18,6.75,6.75,6.75,6.75,0.0,0.0
2020-03-19,6.75,6.75,6.75,6.75,0.0,0.0
2020-03-20,6.75,6.75,6.75,6.75,0.0,0.0
2020-03-23,6.75,6.75,6.75,6.75,0.0,0.0
2020-03-24,6.75,6.75,6.75,6.75,0.0,0.0
2020-03-25,6.75,6.75,6.75,6.75,0.0,0.0
2020-03-26,6.75,6.75,6.75,6.75,0.0,0.0
2020-03-27,6.75,6.75,6.75,6.75,0.0,0.0
2020-03-30,6.75,6.75,6.75,6.75,0.0,0.0
2020-03-31,6.75,6.75,6.75,6.75,0.0,0.0
2020-04-01,6.75,6.75,6.75,6.75,0.0,0.0
2020-04-02,6.75,6.75,6.75,6.75,0.0,0.0
2020-04-03,6.75,6.75,6.75,6.75,0.0,0.0
2020-04-06,6.75,6.75,6.75,6.75,0.0,0.0
2020-04-07,6.75,6.75,6.75,6.75,0.0,0.0
2020-04-08,6.75,6.75,6.75,6.75,0.0,0.0
2020-04-09,6.75,6.75,6.75,6.75,0.0,0.0
2020-04-14,6.75,6.75,6.75,6.75,0.0,0.0
2020-04-15,6.75,6.75,6.75,6.75,0.0,0.0
2020-04-16,6.75,6.75,6.75,6.75,0.0,0.0
2020-04-17,6.75,6.75,6.75,6.75,0.0,0.0
2020-04-20,6.75,6.75,6.75,6.75,0.0,0.0
2020-04-21,6.75,6.75,6.75,6.75,0.0,0.0
2020-04-22,6.75,6.75,6.75,6.75,0.0,0.0
2020-04-23,6.75,6.75,6.75,6.75,0.0,0.0
2020-04-24,6.75,6.75,6.75,6.75,0.0,0.0
2020-04-27,6.75,6.75,6.75,6.75,0.0,0.0
2020-04-28,6.75,6.75,6.75,6.75,0.0,0.0
2020-04-29,6.75,6.75,6.75,6.75,0.0,0.0
2020-04-30,6.75,6.75,6.75,6.75,0.0,0.0
2020-05-01,6.75,6.75,6.75,6.75,0.0,0.0
2020-05-04,6.75,6.75,6.75,6.75,0.0,0.0
2020-05-05,6.75,6.75,6.75,6.75,0.0,0.0
2020-05-06,6.75,6.75,6.75,6.75,0.0,0.0
2020-05-07,6.75,6.75,6.75,6.75,0.0,0.0
2020-05-08,6.75,6.75,6.75,6.75,0.0,0.0
2020-05-11,6.75,6.75,6.75,6.75,0.0,0.0
2020-05-12,6.75,6.75,6.75,6.75,0.0,0.0
2020-05-13,6.75,6.75,6.75,6.75,0.0,0.0
2020-05-14,6.75,6.75,6.75,6.75,0.0,0.0
2020-05-15,6.75,6.75,6.75,6.75,0.0,0.0
2020-05-18,6.75,6.75,6.75,6.75,0.0,0.0
2020-05-19,6.75,6.75,6.75,6.75,0.0,0.0
2020-05-20,6.75,6.75,6.75,6.75,0.0,0.0
2020-05-21,6.75,6.75,6.75,6.75,0.0,0.0
2020-05-22,6.75,6.75,6.75,6.75,0.0,0.0
2020-05-25,6.75,6.75,6.75,6.75,0.0,0.0
2020-05-26,6.75,6.75,6.75,6.75,0.0,0.0
2020-05-27,6.75,6.75,6.75,6.75,0.0,0.0
2020-05-28,6.75,6.75,6.75,6.75,0.0,0.0
2020-05-29,6.75,6.75,6.75,6.75,0.0,0.0
2020-06-01,6.75,6.75,6.75,6.75,0.0,0.0
2020-06-02,6.75,6.75,6.75,6.75,0.0,0.0
2020-06-03,6.75,6.75,6.75,6.75,0.0,0.0
2020-06-04,6.75,6.75,6.75,6.75,0.0,0.0
2020-06-05,6.75,6.75,6.75,6.75,0.0,0.0
2020-06-08,6.75,6.75,6.75,6.75,0.0,0.0
2020-06-09,6.75,6.75,6.75,6.75,0.0,0.0
2020-06-10,6.75,6.75,6.75,6.75,0.0,0.0
2020-06-11,6.75,6.75,6.75,6.75,1.0,3000.0
2020-06-12,6.75,6.75,6.75,6.75,0.0,0.0
2020-06-15,6.75,6.75,6.75,6.75,0.0,0.0
2020-06-16,6.75,6.75,6.75,6.75,0.0,0.0
2020-06-17,6.75,6.75,6.75,6.75,0.0,0.0
2020-06-18,6.75,6.75,6.75,6.75,0.0,0.0
2020-06-19,6.75,6.75,6.75,6.75,0.0,0.0
2020-06-22,6.75,6.75,6.75,6.75,0.0,0.0
2020-06-23,6.75,6.75,6.75,6.75,0.0,0.0
2020-06-24,6.75,6.75,6.75,6.75,0.0,0.0
2020-06-25,6.75,6.75,6.75,6.75,0.0,0.0
2020-06-26,6.75,6.75,6.75,6.75,0.0,0.0
2020-06-29,6.75,6.75,6.75,6.75,0.0,0.0
2020-06-30,6.75,6.75,6.75,6.75,0.0,0.0
2020-07-01,6.75,6.75,6.75,6.75,0.0,0.0
2020-07-02,6.75,6.75,6.75,6.75,0.0,0.0
2020-07-03,6.75,6.75,6.75,6.75,0.0,0.0
2020-07-06,6.75,6.75,6.75,6.75,0.0,0.0
2020-07-07,6.75,6.75,6.75,6.75,0.0,0.0
2020-07-08,6.75,6.75,6.75,6.75,0.0,0.0
2020-07-09,6.75,6.75,6.75,6.75,0.0,0.0
2020-07-10,6.75,6.75,6.75,6.75,0.0,0.0
2020-07-13,6.75,6.75,6.75,6.75,0.0,0.0
2020-07-14,6.75,6.75,6.75,6.75,0.0,0.0
2020-07-15,6.75,6.75,6.75,6.75,0.0,0.0
2020-07-16,6.75,6.75,6.75,6.75,0.0,0.0
2020-07-17,6.75,6.75,6.75,6.75,0.0,0.0
2020-07-20,6.75,6.75,6.75,6.75,0.0,0.0
2020-07-21,6.75,6.75,6.75,6.75,0.0,0.0
2020-07-22,6.75,6.75,6.75,6.75,0.0,0.0
2020-07-23,6.75,6.75,6.75,6.75,0.0,0.0
2020-07-24,6.75,6.75,6.75,6.75,6.0,198184.0
2020-07-27,6.75,6.75,6.75,6.75,1.0,9375.0
2020-07-28,6.75,6.75,6.75,6.75,1.0,2098.0
2020-07-29,2.3,2.3,2.3,2.3,0.0,0.0
2020-07-30,2.3,2.3,2.3,2.3,0.0,0.0
2020-07-31,2.3,2.3,2.3,2.3,0.0,0.0
2020-08-03,2.3,2.3,2.3,2.3,0.0,0.0
2020-08-04,2.3,2.3,2.3,2.3,0.0,0.0
2020-08-05,2.3,2.3,2.3,2.3,0.0,0.0
2020-08-06,2.3,2.3,2.3,2.3,0.0,0.0
2020-08-07,2.3,2.3,2.3,2.3,0.0,0.0
2020-08-10,2.3,2.3,2.3,2.3,0.0,0.0
2020-08-11,2.3,2.3,2.3,2.3,0.0,0.0
2020-08-12,2.3,2.3,2.3,2.3,0.0,0.0
2020-08-13,2.3,2.3,2.3,2.3,0.0,0.0
2020-08-14,2.3,2.3,2.3,2.3,0.0,0.0
2020-08-17,2.3,2.3,2.3,2.3,0.0,0.0
2020-08-18,2.3,2.3,2.3,2.3,0.0,0.0
2020-08-19,2.3,2.3,2.3,2.3,0.0,0.0
2020-08-20,2.3,2.3,2.3,2.3,0.0,0.0
2020-08-21,2.3,2.3,2.3,2.3,0.0,0.0
2020-08-24,2.3,2.3,2.3,2.3,0.0,0.0
2020-08-25,2.3,2.3,2.3,2.3,0.0,0.0
2020-08-26,2.3,2.3,2.3,2.3,0.0,0.0
2020-08-27,2.3,2.3,2.3,2.3,0.0,0.0
2020-08-28,2.3,2.3,2.3,2.3,0.0,0.0
2020-08-31,2.3,2.3,2.3,2.3,0.0,0.0
2020-09-01,2.3,2.3,2.3,2.3,0.0,0.0
2020-09-02,2.3,2.3,2.3,2.3,0.0,0.0
2020-09-03,2.3,2.3,2.3,2.3,0.0,0.0
2020-09-04,2.3,2.3,2.3,2.3,0.0,0.0
2020-09-07,2.3,2.3,2.3,2.3,0.0,0.0
2020-09-08,2.3,2.3,2.3,2.3,0.0,0.0
2020-09-09,2.3,2.3,2.3,2.3,0.0,0.0
2020-09-10,2.3,2.3,2.3,2.3,0.0,0.0
2020-09-11,2.3,2.3,2.3,2.3,1.0,9375.0
2020-09-14,2.2,2.2,2.2,2.2,0.0,0.0
2020-09-15,2.2,2.2,2.2,2.2,0.0,0.0
2020-09-16,2.2,2.2,2.2,2.2,0.0,0.0
2020-09-17,2.2,2.2,2.2,2.2,0.0,0.0
2020-09-18,2.2,2.2,2.2,2.2,0.0,0.0
2020-09-21,2.2,2.2,2.2,2.2,0.0,0.0
2020-09-22,2.2,2.2,2.2,2.2,2.0,2835.0
2020-09-23,2.2,2.2,2.2,2.2,0.0,0.0
2020-09-24,2.2,2.2,2.2,2.2,0.0,0.0
2020-09-25,2.2,2.2,2.2,2.2,0.0,0.0
2020-09-28,2.2,2.2,2.2,2.2,0.0,0.0
2020-09-29,2.2,2.2,2.2,2.2,0.0,0.0
2020-09-30,2.2,2.2,2.2,2.2,0.0,0.0
2020-10-01,2.2,2.2,2.2,2.2,0.0,0.0
2020-10-02,2.2,2.2,2.2,2.2,0.0,0.0
2020-10-05,2.2,2.2,2.2,2.2,0.0,0.0
2020-10-06,2.2,2.2,2.2,2.2,0.0,0.0
2020-10-07,2.2,2.2,2.2,2.2,0.0,0.0
2020-10-08,2.2,2.2,2.2,2.2,0.0,0.0
2020-10-09,2.2,2.2,2.2,2.2,0.0,0.0
2020-10-12,2.2,2.2,2.2,2.2,0.0,0.0
2020-10-13,2.2,2.2,2.2,2.2,0.0,0.0
2020-10-14,2.2,2.2,2.2,2.2,0.0,0.0
2020-10-15,2.2,2.2,2.2,2.2,0.0,0.0
2020-10-16,2.2,2.2,2.2,2.2,0.0,0.0
2020-10-19,2.2,2.2,2.2,2.2,0.0,0.0
2020-10-20,2.2,2.2,2.2,2.2,0.0,0.0
2020-10-21,2.2,2.2,2.2,2.2,0.0,0.0
2020-10-22,2.2,2.2,2.2,2.2,0.0,0.0
2020-10-23,2.2,2.2,2.2,2.2,0.0,0.0
2020-10-26,2.2,2.2,2.2,2.2,0.0,0.0
2020-10-27,2.2,2.2,2.2,2.2,0.0,0.0
2020-10-28,2.2,2.2,2.2,2.2,0.0,0.0
2020-10-29,2.2,2.2,2.2,2.2,0.0,0.0
2020-10-30,2.2,2.2,2.2,2.2,0.0,0.0
2020-11-02,2.2,2.2,2.2,2.2,0.0,0.0
2020-11-03,2.2,2.2,2.2,2.2,0.0,0.0
2020-11-04,2.2,2.2,2.2,2.2,0.0,0.0
2020-11-05,2.2,2.2,2.2,2.2,0.0,0.0
2020-11-06,2.2,2.2,2.2,2.2,0.0,0.0
2020-11-09,2.2,2.2,2.2,2.2,0.0,0.0
2020-11-10,2.2,2.2,2.2,2.2,0.0,0.0
2020-11-11,2.2,2.2,2.2,2.2,0.0,0.0
2020-11-12,2.2,2.2,2.2,2.2,0.0,0.0
2020-11-13,2.2,2.2,2.2,2.2,0.0,0.0
2020-11-16,2.2,2.2,2.2,2.2,0.0,0.0
2020-11-17,2.2,2.2,2.2,2.2,0.0,0.0
2020-11-18,2.2,2.2,2.2,2.2,0.0,0.0
2020-11-19,2.2,2.2,2.2,2.2,0.0,0.0
2020-11-20,2.2,2.2,2.2,2.2,0.0,0.0
2020-11-23,2.2,2.2,2.2,2.2,0.0,0.0
2020-11-24,2.2,2.2,2.2,2.2,0.0,0.0
2020-11-25,2.2,2.2,2.2,2.2,0.0,0.0
2020-11-26,2.2,2.2,2.2,2.2,0.0,0.0
2020-11-27,2.2,2.2,2.2,2.2,0.0,0.0
2020-11-30,2.2,2.2,2.2,2.2,0.0,0.0
2020-12-01,2.2,2.2,2.2,2.2,0.0,0.0
2020-12-02,2.2,2.2,2.2,2.2,0.0,0.0
2020-12-03,2.2,2.2,2.2,2.2,0.0,0.0
2020-12-04,2.2,2.2,2.2,2.2,0.0,0.0
2020-12-07,2.2,2.2,2.2,2.2,0.0,0.0
2020-12-08,2.2,2.2,2.2,2.2,0.0,0.0
2020-12-09,2.2,2.2,2.2,2.2,0.0,0.0
2020-12-10,2.2,2.2,2.2,2.2,0.0,0.0
2020-12-11,2.2,2.2,2.2,2.2,0.0,0.0
2020-12-14,2.2,2.2,2.2,2.2,0.0,0.0
2020-12-15,2.2,2.2,2.2,2.2,0.0,0.0
2020-12-16,2.2,2.2,2.2,2.2,0.0,0.0
2020-12-17,2.2,2.2,2.2,2.2,0.0,0.0
2020-12-18,2.2,2.2,2.2,2.2,0.0,0.0
2020-12-21,2.2,2.2,2.2,2.2,0.0,0.0
2020-12-22,2.2,2.2,2.2,2.2,0.0,0.0
2020-12-23,2.2,2.2,2.2,2.2,0.0,0.0
2020-12-24,2.2,2.2,2.2,2.2,0.0,0.0
2020-12-28,2.2,2.2,2.2,2.2,0.0,0.0
2020-12-29,2.2,2.2,2.2,2.2,0.0,0.0
2020-12-30,2.2,2.2,2.2,2.2,0.0,0.0
2020-12-31,2.2,2.2,2.2,2.2,0.0,0.0
2021-01-04,2.2,2.2,2.2,2.2,0.0,0.0
2021-01-05,2.2,2.2,2.2,2.2,0.0,0.0
2021-01-06,2.2,2.2,2.2,2.2,0.0,0.0
2021-01-07,2.2,2.2,2.2,2.2,0.0,0.0
2021-01-08,2.2,2.2,2.2,2.2,0.0,0.0
2021-01-11,2.2,2.2,2.2,2.2,0.0,0.0
2021-01-12,2.2,2.2,2.2,2.2,0.0,0.0
2021-01-13,2.2,2.2,2.2,2.2,0.0,0.0
2021-01-14,2.2,2.2,2.2,2.2,0.0,0.0
2021-01-15,2.2,2.2,2.2,2.2,0.0,0.0
2021-01-18,2.2,2.2,2.2,2.2,0.0,0.0
2021-01-19,2.2,2.2,2.2,2.2,0.0,0.0
2021-01-20,2.2,2.2,2.2,2.2,0.0,0.0
2021-01-21,2.2,2.2,2.2,2.2,0.0,0.0
2021-01-22,2.2,2.2,2.2,2.2,0.0,0.0
2021-01-25,2.2,2.2,2.2,2.2,0.0,0.0
2021-01-26,2.2,2.2,2.2,2.2,0.0,0.0
2021-01-27,2.2,2.2,2.2,2.2,0.0,0.0
2021-01-28,2.2,2.2,2.2,2.2,0.0,0.0
2021-01-29,2.2,2.2,2.2,2.2,0.0,0.0
2021-02-01,2.2,2.2,2.2,2.2,4.0,26378.0
2021-02-02,2.5,2.5,2.5,2.5,0.0,0.0
2021-02-03,2.5,2.5,2.5,2.5,0.0,0.0
2021-02-04,2.5,2.5,2.5,2.5,4.0,59900.0
2021-02-05,3.75,3.75,3.75,3.75,0.0,0.0
2021-02-08,3.75,3.75,3.75,3.75,0.0,0.0
2021-02-09,3.75,3.75,3.75,3.75,1.0,10000.0
2021-02-10,3.75,3.75,3.75,3.75,0.0,0.0
2021-02-11,3.75,3.75,3.75,3.75,0.0,0.0
2021-02-12,3.75,3.75,3.75,3.75,0.0,0.0
2021-02-15,3.75,3.75,3.75,3.75,0.0,0.0
2021-02-16,3.75,3.75,3.75,3.75,0.0,0.0
2021-02-17,3.75,3.75,3.75,3.75,0.0,0.0
2021-02-18,3.75,3.75,3.75,3.75,1.0,4726.0
2021-02-19,3.75,3.75,3.75,3.75,0.0,0.0
2021-02-22,3.75,3.75,3.75,3.75,0.0,0.0
2021-02-23,3.75,3.75,3.75,3.75,0.0,0.0
2021-02-24,3.75,3.75,3.75,3.75,0.0,0.0
2021-02-25,3.75,3.75,3.75,3.75,0.0,0.0
2021-02-26,3.75,3.75,3.75,3.75,0.0,0.0
2021-03-01,3.75,3.75,3.75,3.75,0.0,0.0
2021-03-02,3.75,3.75,3.75,3.75,0.0,0.0
2021-03-03,3.75,3.75,3.75,3.75,0.0,0.0
2021-03-04,3.75,3.75,3.75,3.75,0.0,0.0
2021-03-05,3.75,3.75,3.75,3.75,0.0,0.0
2021-03-08,3.75,3.75,3.75,3.75,0.0,0.0
2021-03-09,3.75,3.75,3.75,3.75,0.0,0.0
2021-03-10,3.75,3.75,3.75,3.75,0.0,0.0
2021-03-11,3.75,3.75,3.75,3.75,0.0,0.0
2021-03-12,3.75,3.75,3.75,3.75,0.0,0.0
2021-03-15,3.75,3.75,3.75,3.75,0.0,0.0
2021-03-16,3.75,3.75,3.75,3.75,0.0,0.0
2021-03-17,3.75,3.75,3.75,3.75,0.0,0.0
2021-03-18,3.75,3.75,3.75,3.75,1.0,868.0
2021-03-19,3.75,3.75,3.75,3.75,0.0,0.0
2021-03-22,3.75,3.75,3.75,3.75,0.0,0.0
2021-03-23,3.75,3.75,3.75,3.75,0.0,0.0
2021-03-24,3.75,3.75,3.75,3.75,0.0,0.0
2021-03-25,3.75,3.75,3.75,3.75,0.0,0.0
2021-03-26,3.75,3.75,3.75,3.75,0.0,0.0
2021-03-29,3.75,3.75,3.75,3.75,0.0,0.0
2021-03-30,3.75,3.75,3.75,3.75,2.0,17672.0
2021-03-31,2.75,2.75,2.75,2.75,0.0,0.0
2021-04-01,2.75,2.75,2.75,2.75,0.0,0.0
2021-04-06,2.75,2.75,2.75,2.75,1.0,1399.0
2021-04-07,2.75,2.75,2.75,2.75,0.0,0.0
2021-04-08,2.75,2.75,2.75,2.75,0.0,0.0
2021-04-09,2.75,2.75,2.75,2.75,2.0,29036.0
2021-04-12,2.25,2.25,2.25,2.25,0.0,0.0
2021-04-13,2.25,2.25,2.25,2.25,0.0,0.0
2021-04-14,2.25,2.25,2.25,2.25,0.0,0.0
2021-04-15,2.25,2.25,2.25,2.25,0.0,0.0
2021-04-16,2.25,2.25,2.25,2.25,0.0,0.0
2021-04-19,2.25,2.25,2.25,2.25,0.0,0.0
2021-04-20,2.25,2.25,2.25,2.25,0.0,0.0
2021-04-21,2.25,2.25,2.25,2.25,0.0,0.0
2021-04-22,2.25,2.25,2.25,2.25,0.0,0.0
2021-04-23,2.25,2.25,2.25,2.25,0.0,0.0
2021-04-26,2.25,2.25,2.25,2.25,0.0,0.0
2021-04-27,2.25,2.25,2.25,2.25,0.0,0.0
2021-04-28,2.25,2.25,2.25,2.25,0.0,0.0
2021-04-29,2.25,2.25,2.25,2.25,0.0,0.0
2021-04-30,2.25,2.25,2.25,2.25,0.0,0.0
2021-05-03,2.25,2.25,2.25,2.25,0.0,0.0
2021-05-04,2.25,2.25,2.25,2.25,0.0,0.0
2021-05-05,2.25,2.25,2.25,2.25,0.0,0.0
2021-05-06,2.25,2.25,2.25,2.25,0.0,0.0
2021-05-07,2.25,2.25,2.25,2.25,0.0,0.0
2021-05-10,2.25,2.25,2.25,2.25,0.0,0.0
2021-05-11,2.25,2.25,2.25,2.25,0.0,0.0
2021-05-12,2.25,2.25,2.25,2.25,0.0,0.0
2021-05-13,2.25,2.25,2.25,2.25,0.0,0.0
2021-05-14,2.25,2.25,2.25,2.25,0.0,0.0
2021-05-17,2.25,2.25,2.25,2.25,0.0,0.0
2021-05-18,2.25,2.25,2.25,2.25,0.0,0.0
2021-05-19,2.25,2.25,2.25,2.25,0.0,0.0
2021-05-20,2.25,2.25,2.25,2.25,0.0,0.0
2021-05-21,2.25,2.25,2.25,2.25,0.0,0.0
2021-05-24,2.25,2.25,2.25,2.25,0.0,0.0
2021-05-25,2.25,2.25,2.25,2.25,6.0,33154.0
2021-05-26,1.5,1.5,1.5,1.5,0.0,0.0
2021-05-27,1.5,1.5,1.5,1.5,0.0,0.0
2021-05-28,1.5,1.5,1.5,1.5,0.0,0.0
2021-05-31,1.5,1.5,1.5,1.5,0.0,0.0
2021-06-01,1.5,1.5,1.5,1.5,33.0,371154.0
2021-06-02,1.5,1.5,1.5,1.5,6.0,61294.0
2021-06-03,1.5,1.5,1.5,1.5,1.0,25000.0
2021-06-04,1.5,1.5,1.5,1.5,9.0,93351.0
2021-06-07,1.5,1.5,1.5,1.5,2.0,31303.0
2021-06-08,1.5,1.5,1.5,1.5,4.0,18495.0
2021-06-09,1.5,1.5,1.5,1.5,3.0,29000.0
2021-06-10,1.5,1.5,1.5,1.5,1.0,2000.0
2021-06-11,1.5,1.5,1.5,1.5,1.0,16783.0
2021-06-14,3.0,3.0,3.0,3.0,0.0,0.0
2021-06-15,3.0,3.0,3.0,3.0,0.0,0.0
2021-06-16,3.0,3.0,3.0,3.0,0.0,0.0
2021-06-17,3.0,3.0,3.0,3.0,0.0,0.0
2021-06-18,3.0,3.0,3.0,3.0,0.0,0.0
2021-06-21,3.0,3.0,3.0,3.0,0.0,0.0
2021-06-22,3.0,3.0,3.0,3.0,0.0,0.0
2021-06-23,3.0,3.0,3.0,3.0,0.0,0.0
2021-06-24,3.0,3.0,3.0,3.0,0.0,0.0
2021-06-25,3.0,3.0,3.0,3.0,0.0,0.0
2021-06-28,3.0,3.0,3.0,3.0,0.0,0.0
2021-06-29,3.0,3.0,3.0,3.0,2.0,28000.0
2021-06-30,3.0,3.0,3.0,3.0,0.0,0.0
2021-07-01,3.0,3.0,3.0,3.0,0.0,0.0
2021-07-02,3.0,3.0,3.0,3.0,0.0,0.0
2021-07-05,3.0,3.0,3.0,3.0,1.0,561.0
2021-07-06,3.0,3.0,3.0,3.0,0.0,0.0
2021-07-07,3.0,3.0,3.0,3.0,0.0,0.0
2021-07-08,3.0,3.0,3.0,3.0,0.0,0.0
2021-07-09,3.0,3.0,3.0,3.0,0.0,0.0
2021-07-12,3.0,3.0,3.0,3.0,0.0,0.0
2021-07-13,3.0,3.0,3.0,3.0,0.0,0.0
2021-07-14,3.0,3.0,3.0,3.0,0.0,0.0
2021-07-15,3.0,3.0,3.0,3.0,0.0,0.0
2021-07-16,3.0,3.0,3.0,3.0,1.0,4140.0
2021-07-19,3.0,3.0,3.0,3.0,0.0,0.0
2021-07-20,3.0,3.0,3.0,3.0,0.0,0.0
2021-07-21,3.0,3.0,3.0,3.0,0.0,0.0
2021-07-22,3.0,3.0,3.0,3.0,0.0,0.0
2021-07-23,3.0,3.0,3.0,3.0,0.0,0.0
2021-07-26,3.0,3.0,3.0,3.0,0.0,0.0
2021-07-27,3.0,3.0,3.0,3.0,0.0,0.0
2021-07-28,3.0,3.0,3.0,3.0,0.0,0.0
2021-07-29,3.0,3.0,3.0,3.0,0.0,0.0
2021-07-30,3.0,3.0,3.0,3.0,0.0,0.0
2021-08-02,3.0,3.0,3.0,3.0,0.0,0.0
2021-08-03,3.0,3.0,3.0,3.0,0.0,0.0
2021-08-04,3.0,3.0,3.0,3.0,0.0,0.0
2021-08-05,3.0,3.0,3.0,3.0,0.0,0.0
2021-08-06,3.0,3.0,3.0,3.0,0.0,0.0
2021-08-09,3.0,3.0,3.0,3.0,1.0,2080.0
2021-08-10,3.0,3.0,3.0,3.0,0.0,0.0
2021-08-11,3.0,3.0,3.0,3.0,2.0,25314.0
2021-08-12,3.0,3.0,3.0,3.0,0.0,0.0
2021-08-13,3.0,3.0,3.0,3.0,1.0,1604.0
2021-08-16,3.0,3.0,3.0,3.0,0.0,0.0
2021-08-17,3.0,3.0,3.0,3.0,0.0,0.0
2021-08-18,3.0,3.0,3.0,3.0,0.0,0.0
2021-08-19,3.0,3.0,3.0,3.0,0.0,0.0
2021-08-20,3.0,3.0,3.0,3.0,0.0,0.0
2021-08-23,3.0,3.0,3.0,3.0,0.0,0.0
2021-08-24,3.0,3.0,3.0,3.0,0.0,0.0
2021-08-25,3.0,3.0,3.0,3.0,0.0,0.0
2021-08-26,3.0,3.0,3.0,3.0,0.0,0.0
2021-08-27,3.0,3.0,3.0,3.0,0.0,0.0
2021-08-30,3.0,3.0,3.0,3.0,0.0,0.0
2021-08-31,3.0,3.0,3.0,3.0,0.0,0.0
2021-09-01,3.0,3.0,3.0,3.0,0.0,0.0
2021-09-02,3.0,3.0,3.0,3.0,0.0,0.0
2021-09-03,3.0,3.0,3.0,3.0,0.0,0.0
2021-09-06,3.0,3.0,3.0,3.0,0.0,0.0
2021-09-07,3.0,3.0,3.0,3.0,0.0,0.0
2021-09-08,3.0,3.0,3.0,3.0,0.0,0.0
2021-09-09,3.0,3.0,3.0,3.0,0.0,0.0
2021-09-10,3.0,3.0,3.0,3.0,0.0,0.0
2021-09-13,3.0,3.0,3.0,3.0,0.0,0.0
2021-09-14,3.0,3.0,3.0,3.0,0.0,0.0
2021-09-15,3.0,3.0,3.0,3.0,0.0,0.0
2021-09-16,3.0,3.0,3.0,3.0,0.0,0.0
2021-09-17,3.0,3.0,3.0,3.0,0.0,0.0
2021-09-20,3.0,3.0,3.0,3.0,0.0,0.0
2021-09-21,3.0,3.0,3.0,3.0,0.0,0.0
2021-09-22,3.0,3.0,3.0,3.0,0.0,0.0
2021-09-23,3.0,3.0,3.0,3.0,0.0,0.0
2021-09-24,3.0,3.0,3.0,3.0,0.0,0.0
2021-09-27,3.0,3.0,3.0,3.0,0.0,0.0
2021-09-28,3.0,3.0,3.0,3.0,0.0,0.0
2021-09-29,3.0,3.0,3.0,3.0,0.0,0.0
2021-09-30,3.0,3.0,3.0,3.0,0.0,0.0
2021-10-01,3.0,3.0,3.0,3.0,0.0,0.0
2021-10-04,3.0,3.0,3.0,3.0,0.0,0.0
2021-10-05,3.0,3.0,3.0,3.0,0.0,0.0
2021-10-06,3.0,3.0,3.0,3.0,0.0,0.0
2021-10-07,3.0,3.0,3.0,3.0,0.0,0.0
2021-10-08,3.0,3.0,3.0,3.0,0.0,0.0
2021-10-11,3.0,3.0,3.0,3.0,0.0,0.0
2021-10-12,3.0,3.0,3.0,3.0,0.0,0.0
2021-10-13,3.0,3.0,3.0,3.0,0.0,0.0
2021-10-14,3.0,3.0,3.0,3.0,0.0,0.0
2021-10-15,3.0,3.0,3.0,3.0,0.0,0.0
2021-10-18,3.0,3.0,3.0,3.0,0.0,0.0
2021-10-19,3.0,3.0,3.0,3.0,0.0,0.0
2021-10-20,3.0,3.0,3.0,3.0,0.0,0.0
2021-10-21,3.0,3.0,3.0,3.0,0.0,0.0
2021-10-22,3.0,3.0,3.0,3.0,0.0,0.0
2021-10-25,3.0,3.0,3.0,3.0,0.0,0.0
2021-10-26,3.0,3.0,3.0,3.0,0.0,0.0
2021-10-27,3.0,3.0,3.0,3.0,0.0,0.0
2021-10-28,3.0,3.0,3.0,3.0,0.0,0.0
2021-10-29,3.0,3.0,3.0,3.0,0.0,0.0
2021-11-01,3.0,3.0,3.0,3.0,0.0,0.0
2021-11-02,3.0,3.0,3.0,3.0,0.0,0.0
2021-11-03,3.0,3.0,3.0,3.0,0.0,0.0
2021-11-04,3.0,3.0,3.0,3.0,0.0,0.0
2021-11-05,3.0,3.0,3.0,3.0,0.0,0.0
2021-11-08,3.0,3.0,3.0,3.0,0.0,0.0
2021-11-09,3.0,3.0,3.0,3.0,0.0,0.0
2021-11-10,3.0,3.0,3.0,3.0,0.0,0.0
2021-11-11,3.0,3.0,3.0,3.0,0.0,0.0
2021-11-12,3.0,3.0,3.0,3.0,0.0,0.0
2021-11-15,3.0,3.0,3.0,3.0,0.0,0.0
2021-11-16,3.0,3.0,3.0,3.0,0.0,0.0
2021-11-17,3.0,3.0,3.0,3.0,0.0,0.0
2021-11-18,3.0,3.0,3.0,3.0,0.0,0.0
2021-11-19,3.0,3.0,3.0,3.0,0.0,0.0
2021-11-22,3.0,3.0,3.0,3.0,0.0,0.0
2021-11-23,3.0,3.0,3.0,3.0,0.0,0.0
2021-11-24,3.0,3.0,3.0,3.0,0.0,0.0
2021-11-25,3.0,3.0,3.0,3.0,0.0,0.0
2021-11-26,3.0,3.0,3.0,3.0,0.0,0.0
2021-11-29,3.0,3.0,3.0,3.0,0.0,0.0
2021-11-30,3.0,3.0,3.0,3.0,0.0,0.0
2021-12-01,3.0,3.0,3.0,3.0,0.0,0.0
2021-12-02,3.0,3.0,3.0,3.0,0.0,0.0
2021-12-03,3.0,3.0,3.0,3.0,0.0,0.0
2021-12-06,3.0,3.0,3.0,3.0,0.0,0.0
2021-12-07,3.0,3.0,3.0,3.0,0.0,0.0
2021-12-08,3.0,3.0,3.0,3.0,0.0,0.0
2021-12-09,3.0,3.0,3.0,3.0,0.0,0.0
2021-12-10,3.0,3.0,3.0,3.0,0.0,0.0
2021-12-13,3.0,3.0,3.0,3.0,0.0,0.0
2021-12-14,3.0,3.0,3.0,3.0,0.0,0.0
2021-12-15,3.0,3.0,3.0,3.0,0.0,0.0
2021-12-16,3.0,3.0,3.0,3.0,0.0,0.0
2021-12-17,3.0,3.0,3.0,3.0,0.0,0.0
2021-12-20,3.0,3.0,3.0,3.0,0.0,0.0
2021-12-21,3.0,3.0,3.0,3.0,0.0,0.0
2021-12-22,3.0,3.0,3.0,3.0,0.0,0.0
2021-12-23,3.0,3.0,3.0,3.0,0.0,0.0
2021-12-24,3.0,3.0,3.0,3.0,0.0,0.0
2021-12-27,3.0,3.0,3.0,3.0,0.0,0.0
2021-12-28,3.0,3.0,3.0,3.0,0.0,0.0
2021-12-29,3.0,3.0,3.0,3.0,0.0,0.0
2021-12-30,3.0,3.0,3.0,3.0,0.0,0.0
2021-12-31,3.0,3.0,3.0,3.0,0.0,0.0
2022-01-03,3.0,3.0,3.0,3.0,0.0,0.0
2022-01-04,3.0,3.0,3.0,3.0,0.0,0.0
2022-01-05,3.0,3.0,3.0,3.0,0.0,0.0
2022-01-06,3.0,3.0,3.0,3.0,0.0,0.0
2022-01-07,3.0,3.0,3.0,3.0,0.0,0.0
2022-01-10,3.0,3.0,3.0,3.0,0.0,0.0
2022-01-11,3.0,3.0,3.0,3.0,0.0,0.0
2022-01-12,3.0,3.0,3.0,3.0,0.0,0.0
2022-01-13,3.0,3.0,3.0,3.0,0.0,0.0
2022-01-14,3.0,3.0,3.0,3.0,0.0,0.0
2022-01-17,3.0,3.0,3.0,3.0,0.0,0.0
2022-01-18,3.0,3.0,3.0,3.0,1.0,5000.0
2022-01-19,3.0,3.0,3.0,3.0,0.0,0.0
2022-01-20,3.0,3.0,3.0,3.0,0.0,0.0
2022-01-21,3.0,3.0,3.0,3.0,0.0,0.0
2022-01-24,3.0,3.0,3.0,3.0,0.0,0.0
2022-01-25,3.0,3.0,3.0,3.0,0.0,0.0
2022-01-26,3.0,3.0,3.0,3.0,0.0,0.0
2022-01-27,3.0,3.0,3.0,3.0,0.0,0.0
2022-01-28,3.0,3.0,3.0,3.0,0.0,0.0
2022-01-31,3.0,3.0,3.0,3.0,0.0,0.0
2022-02-01,3.0,3.0,3.0,3.0,1.0,744.0
2022-02-02,3.0,3.0,3.0,3.0,0.0,0.0
2022-02-03,3.0,3.0,3.0,3.0,0.0,0.0
2022-02-04,3.0,3.0,3.0,3.0,0.0,0.0
2022-02-07,3.0,3.0,3.0,3.0,0.0,0.0
2022-02-08,3.0,3.0,3.0,3.0,0.0,0.0
2022-02-09,3.0,3.0,3.0,3.0,0.0,0.0
2022-02-10,3.0,3.0,3.0,3.0,0.0,0.0
2022-02-11,3.0,3.0,3.0,3.0,0.0,0.0
2022-02-14,3.0,3.0,3.0,3.0,0.0,0.0
2022-02-15,3.0,3.0,3.0,3.0,0.0,0.0
2022-02-16,3.0,3.0,3.0,3.0,0.0,0.0
2022-02-17,3.0,3.0,3.0,3.0,0.0,0.0
2022-02-18,3.0,3.0,3.0,3.0,0.0,0.0
2022-02-21,3.0,3.0,3.0,3.0,0.0,0.0
2022-02-22,3.0,3.0,3.0,3.0,0.0,0.0
2022-02-23,3.0,3.0,3.0,3.0,0.0,0.0
2022-02-24,3.0,3.0,3.0,3.0,0.0,0.0
2022-02-25,3.0,3.0,3.0,3.0,0.0,0.0
2022-02-28,3.0,3.0,3.0,3.0,0.0,0.0
2022-03-01,3.0,3.0,3.0,3.0,0.0,0.0
2022-03-02,3.0,3.0,3.0,3.0,0.0,0.0
2022-03-03,3.0,3.0,3.0,3.0,0.0,0.0
2022-03-04,3.0,3.0,3.0,3.0,0.0,0.0
2022-03-07,3.0,3.0,3.0,3.0,0.0,0.0
2022-03-08,3.0,3.0,3.0,3.0,0.0,0.0
2022-03-09,3.0,3.0,3.0,3.0,0.0,0.0
2022-03-10,3.0,3.0,3.0,3.0,0.0,0.0
2022-03-11,3.0,3.0,3.0,3.0,0.0,0.0
2022-03-14,3.0,3.0,3.0,3.0,0.0,0.0
2022-03-15,3.0,3.0,3.0,3.0,0.0,0.0
2022-03-16,3.0,3.0,3.0,3.0,0.0,0.0
2022-03-17,3.0,3.0,3.0,3.0,0.0,0.0
2022-03-18,3.0,3.0,3.0,3.0,0.0,0.0
2022-03-21,3.0,3.0,3.0,3.0,0.0,0.0
2022-03-22,3.0,3.0,3.0,3.0,0.0,0.0
2022-03-23,3.0,3.0,3.0,3.0,0.0,0.0
2022-03-24,3.0,3.0,3.0,3.0,0.0,0.0
2022-03-25,3.0,3.0,3.0,3.0,0.0,0.0
2022-03-28,3.0,3.0,3.0,3.0,0.0,0.0
2022-03-29,3.0,3.0,3.0,3.0,0.0,0.0
2022-03-30,3.0,3.0,3.0,3.0,0.0,0.0
2022-03-31,3.0,3.0,3.0,3.0,0.0,0.0
2022-04-01,3.0,3.0,3.0,3.0,0.0,0.0
2022-04-04,3.0,3.0,3.0,3.0,0.0,0.0
2022-04-05,3.0,3.0,3.0,3.0,0.0,0.0
2022-04-06,3.0,3.0,3.0,3.0,0.0,0.0
2022-04-07,3.0,3.0,3.0,3.0,0.0,0.0
2022-04-08,3.0,3.0,3.0,3.0,0.0,0.0
2022-04-11,3.0,3.0,3.0,3.0,0.0,0.0
2022-04-12,3.0,3.0,3.0,3.0,0.0,0.0
2022-04-13,3.0,3.0,3.0,3.0,0.0,0.0
2022-04-14,3.0,3.0,3.0,3.0,0.0,0.0
2022-04-19,3.0,3.0,3.0,3.0,0.0,0.0
2022-04-20,3.0,3.0,3.0,3.0,0.0,0.0
2022-04-21,3.0,3.0,3.0,3.0,0.0,0.0
2022-04-22,3.0,3.0,3.0,3.0,0.0,0.0
2022-04-25,3.0,3.0,3.0,3.0,0.0,0.0
2022-04-26,3.0,3.0,3.0,3.0,0.0,0.0
2022-04-27,3.0,3.0,3.0,3.0,0.0,0.0
2022-04-28,3.0,3.0,3.0,3.0,0.0,0.0
2022-04-29,3.0,3.0,3.0,3.0,0.0,0.0
2022-05-02,3.0,3.0,3.0,3.0,0.0,0.0
2022-05-03,3.0,3.0,3.0,3.0,0.0,0.0
2022-05-04,3.0,3.0,3.0,3.0,0.0,0.0
2022-05-05,3.0,3.0,3.0,3.0,0.0,0.0
2022-05-06,3.0,3.0,3.0,3.0,0.0,0.0
2022-05-09,3.0,3.0,3.0,3.0,0.0,0.0
2022-05-10,3.0,3.0,3.0,3.0,0.0,0.0
2022-05-11,3.0,3.0,3.0,3.0,0.0,0.0
2022-05-12,3.0,3.0,3.0,3.0,0.0,0.0
2022-05-13,3.0,3.0,3.0,3.0,0.0,0.0
2022-05-16,3.0,3.0,3.0,3.0,0.0,0.0
2022-05-17,3.0,3.0,3.0,3.0,0.0,0.0
2022-05-18,3.0,3.0,3.0,3.0,0.0,0.0
2022-05-19,3.0,3.0,3.0,3.0,0.0,0.0
2022-05-20,3.0,3.0,3.0,3.0,0.0,0.0
2022-05-23,3.0,3.0,3.0,3.0,0.0,0.0
2022-05-24,3.0,3.0,3.0,3.0,0.0,0.0
2022-05-25,3.0,3.0,3.0,3.0,0.0,0.0
2022-05-26,3.0,3.0,3.0,3.0,1.0,10000.0
2022-05-27,3.0,3.0,3.0,3.0,0.0,0.0
2022-05-30,3.0,3.0,3.0,3.0,0.0,0.0
2022-05-31,3.0,3.0,3.0,3.0,0.0,0.0
2022-06-01,3.0,3.0,3.0,3.0,0.0,0.0
2022-06-02,3.0,3.0,3.0,3.0,0.0,0.0
2022-06-03,3.0,3.0,3.0,3.0,0.0,0.0
2022-06-06,3.0,3.0,3.0,3.0,0.0,0.0
2022-06-07,3.0,3.0,3.0,3.0,0.0,0.0
2022-06-08,3.0,3.0,3.0,3.0,0.0,0.0
2022-06-09,3.0,3.0,3.0,3.0,0.0,0.0
2022-06-10,3.0,3.0,3.0,3.0,0.0,0.0
2022-06-13,3.0,3.0,3.0,3.0,0.0,0.0
2022-06-14,3.0,3.0,3.0,3.0,0.0,0.0
2022-06-15,3.0,3.0,3.0,3.0,0.0,0.0
2022-06-16,3.0,3.0,3.0,3.0,0.0,0.0
2022-06-17,3.0,3.0,3.0,3.0,0.0,0.0
2022-06-20,3.0,3.0,3.0,3.0,0.0,0.0
2022-06-21,3.0,3.0,3.0,3.0,0.0,0.0
2022-06-22,3.0,3.0,3.0,3.0,0.0,0.0
2022-06-23,3.0,3.0,3.0,3.0,0.0,0.0
2022-06-24,3.0,3.0,3.0,3.0,0.0,0.0
2022-06-27,3.0,3.0,3.0,3.0,0.0,0.0
2022-06-28,3.0,3.0,3.0,3.0,0.0,0.0
2022-06-29,3.0,3.0,3.0,3.0,0.0,0.0
2022-06-30,3.0,3.0,3.0,3.0,0.0,0.0
2022-07-01,3.0,3.0,3.0,3.0,0.0,0.0
2022-07-04,3.0,3.0,3.0,3.0,0.0,0.0
2022-07-05,3.0,3.0,3.0,3.0,0.0,0.0
2022-07-06,3.0,3.0,3.0,3.0,0.0,0.0
2022-07-07,3.0,3.0,3.0,3.0,0.0,0.0
2022-07-08,3.0,3.0,3.0,3.0,0.0,0.0
2022-07-11,3.0,3.0,3.0,3.0,0.0,0.0
2022-07-12,3.0,3.0,3.0,3.0,0.0,0.0
2022-07-13,3.0,3.0,3.0,3.0,0.0,0.0
2022-07-14,3.0,3.0,3.0,3.0,0.0,0.0
2022-07-15,3.0,3.0,3.0,3.0,0.0,0.0
2022-07-18,3.0,3.0,3.0,3.0,0.0,0.0
2022-07-19,3.0,3.0,3.0,3.0,0.0,0.0
2022-07-20,3.0,3.0,3.0,3.0,0.0,0.0
2022-07-21,3.0,3.0,3.0,3.0,0.0,0.0
2022-07-22,3.0,3.0,3.0,3.0,0.0,0.0
2022-07-25,3.0,3.0,3.0,3.0,0.0,0.0
2022-07-26,3.0,3.0,3.0,3.0,0.0,0.0
2022-07-27,3.0,3.0,3.0,3.0,0.0,0.0
2022-07-28,3.0,3.0,3.0,3.0,0.0,0.0
2022-07-29,3.0,3.0,3.0,3.0,0.0,0.0
2022-08-01,3.0,3.0,3.0,3.0,0.0,0.0
2022-08-02,3.0,3.0,3.0,3.0,0.0,0.0
2022-08-03,3.0,3.0,3.0,3.0,0.0,0.0
2022-08-04,3.0,3.0,3.0,3.0,0.0,0.0
2022-08-05,3.0,3.0,3.0,3.0,0.0,0.0
2022-08-08,3.0,3.0,3.0,3.0,0.0,0.0
2022-08-09,3.0,3.0,3.0,3.0,0.0,0.0
2022-08-10,3.0,3.0,3.0,3.0,0.0,0.0
2022-08-11,3.0,3.0,3.0,3.0,0.0,0.0
2022-08-12,3.0,3.0,3.0,3.0,0.0,0.0
2022-08-15,3.0,3.0,3.0,3.0,0.0,0.0
2022-08-16,3.0,3.0,3.0,3.0,0.0,0.0
2022-08-17,3.0,3.0,3.0,3.0,0.0,0.0
2022-08-18,3.0,3.0,3.0,3.0,0.0,0.0
2022-08-19,3.0,3.0,3.0,3.0,0.0,0.0
2022-08-22,3.0,3.0,3.0,3.0,0.0,0.0
2022-08-23,3.0,3.0,3.0,3.0,0.0,0.0
2022-08-24,3.0,3.0,3.0,3.0,0.0,0.0
2022-08-25,3.0,3.0,3.0,3.0,0.0,0.0
2022-08-26,3.0,3.0,3.0,3.0,0.0,0.0
2022-08-29,3.0,3.0,3.0,3.0,0.0,0.0
2022-08-30,3.0,3.0,3.0,3.0,0.0,0.0
2022-08-31,3.0,3.0,3.0,3.0,0.0,0.0
2022-09-01,3.0,3.0,3.0,3.0,0.0,0.0
2022-09-02,3.0,3.0,3.0,3.0,0.0,0.0
2022-09-05,3.0,3.0,3.0,3.0,0.0,0.0
2022-09-06,3.0,3.0,3.0,3.0,0.0,0.0
2022-09-07,3.0,3.0,3.0,3.0,0.0,0.0
2022-09-08,3.0,3.0,3.0,3.0,0.0,0.0
2022-09-09,3.0,3.0,3.0,3.0,0.0,0.0
2022-09-12,3.0,3.0,3.0,3.0,0.0,0.0
2022-09-13,3.0,3.0,3.0,3.0,0.0,0.0
2022-09-14,3.0,3.0,3.0,3.0,0.0,0.0
2022-09-15,3.0,3.0,3.0,3.0,0.0,0.0
2022-09-16,3.0,3.0,3.0,3.0,0.0,0.0
2022-09-19,3.0,3.0,3.0,3.0,0.0,0.0
2022-09-20,3.0,3.0,3.0,3.0,0.0,0.0
2022-09-21,3.0,3.0,3.0,3.0,0.0,0.0
2022-09-22,3.0,3.0,3.0,3.0,0.0,0.0
2022-09-23,3.0,3.0,3.0,3.0,0.0,0.0
2022-09-26,3.0,3.0,3.0,3.0,0.0,0.0
2022-09-27,3.0,3.0,3.0,3.0,0.0,0.0
2022-09-28,3.0,3.0,3.0,3.0,0.0,0.0
2022-09-29,3.0,3.0,3.0,3.0,0.0,0.0
2022-09-30,3.0,3.0,3.0,3.0,0.0,0.0
2022-10-03,3.0,3.0,3.0,3.0,0.0,0.0
2022-10-04,3.0,3.0,3.0,3.0,0.0,0.0
2022-10-05,3.0,3.0,3.0,3.0,0.0,0.0
2022-10-06,3.0,3.0,3.0,3.0,0.0,0.0
2022-10-07,3.0,3.0,3.0,3.0,0.0,0.0
2022-10-10,3.0,3.0,3.0,3.0,0.0,0.0
2022-10-11,3.0,3.0,3.0,3.0,3.0,49328.0
2022-10-12,3.0,3.0,3.0,3.0,2.0,340.0
2022-10-13,1.75,1.75,1.75,1.75,0.0,0.0
2022-10-14,1.75,1.75,1.75,1.75,0.0,0.0
2022-10-17,1.75,1.75,1.75,1.75,0.0,0.0
2022-10-18,1.75,1.75,1.75,1.75,0.0,0.0
2022-10-19,1.75,1.75,1.75,1.75,0.0,0.0
2022-10-20,1.75,1.75,1.75,1.75,0.0,0.0
2022-10-21,1.75,1.75,1.75,1.75,1.0,250.0
2022-10-24,1.75,1.75,1.75,1.75,0.0,0.0
2022-10-25,1.75,1.75,1.75,1.75,1.0,250.0
2022-10-26,1.75,1.75,1.75,1.75,0.0,0.0
2022-10-27,1.75,1.75,1.75,1.75,0.0,0.0
2022-10-28,1.75,1.75,1.75,1.75,0.0,0.0
2022-10-31,1.75,1.75,1.75,1.75,0.0,0.0
2022-11-01,1.75,1.75,1.75,1.75,0.0,0.0
2022-11-02,1.75,1.75,1.75,1.75,0.0,0.0
2022-11-03,1.75,1.75,1.75,1.75,0.0,0.0
2022-11-04,1.75,1.75,1.75,1.75,0.0,0.0
2022-11-07,1.75,1.75,1.75,1.75,0.0,0.0
2022-11-08,1.75,1.75,1.75,1.75,0.0,0.0
2022-11-09,1.75,1.75,1.75,1.75,0.0,0.0
2022-11-10,1.75,1.75,1.75,1.75,0.0,0.0
2022-11-11,1.75,1.75,1.75,1.75,0.0,0.0
2022-11-14,1.75,1.75,1.75,1.75,0.0,0.0
2022-11-15,1.75,1.75,1.75,1.75,0.0,0.0
2022-11-16,1.75,1.75,1.75,1.75,1.0,20.0
2022-11-17,1.75,1.75,1.75,1.75,0.0,0.0
2022-11-18,1.75,1.75,1.75,1.75,0.0,0.0
2022-11-21,1.75,1.75,1.75,1.75,0.0,0.0
2022-11-22,1.75,1.75,1.75,1.75,0.0,0.0
2022-11-23,1.75,1.75,1.75,1.75,0.0,0.0
2022-11-24,1.75,1.75,1.75,1.75,0.0,0.0
2022-11-25,1.75,1.75,1.75,1.75,0.0,0.0
2022-11-28,1.75,1.75,1.75,1.75,0.0,0.0
2022-11-29,1.75,1.75,1.75,1.75,0.0,0.0
2022-11-30,1.75,1.75,1.75,1.75,0.0,0.0
2022-12-01,1.75,1.75,1.75,1.75,0.0,0.0
2022-12-02,1.75,1.75,1.75,1.75,0.0,0.0
2022-12-05,1.75,1.75,1.75,1.75,0.0,0.0
2022-12-06,1.75,1.75,1.75,1.75,0.0,0.0
2022-12-07,1.75,1.75,1.75,1.75,0.0,0.0
2022-12-08,1.75,1.75,1.75,1.75,0.0,0.0
2022-12-09,1.75,1.75,1.75,1.75,0.0,0.0
2022-12-12,1.75,1.75,1.75,1.75,0.0,0.0
2022-12-13,1.75,1.75,1.75,1.75,0.0,0.0
2022-12-14,1.75,1.75,1.75,1.75,4.0,1159.0
2022-12-15,1.75,1.75,1.75,1.75,0.0,0.0
2022-12-16,1.75,1.75,1.75,1.75,0.0,0.0
2022-12-19,1.75,1.75,1.75,1.75,0.0,0.0
2022-12-20,1.75,1.75,1.75,1.75,0.0,0.0
2022-12-21,1.75,1.75,1.75,1.75,0.0,0.0
2022-12-22,1.75,1.75,1.75,1.75,0.0,0.0
2022-12-23,1.75,1.75,1.75,1.75,0.0,0.0
2022-12-27,1.75,1.75,1.75,1.75,0.0,0.0
2022-12-28,1.75,1.75,1.75,1.75,0.0,0.0
2022-12-29,1.75,1.75,1.75,1.75,0.0,0.0
2022-12-30,1.75,1.75,1.75,1.75,0.0,0.0
2023-01-02,1.75,1.75,1.75,1.75,0.0,0.0
2023-01-03,1.75,1.75,1.75,1.75,0.0,0.0
2023-01-04,1.75,1.75,1.75,1.75,0.0,0.0
2023-01-05,1.75,1.75,1.75,1.75,0.0,0.0
2023-01-06,1.75,1.75,1.75,1.75,0.0,0.0
2023-01-09,1.75,1.75,1.75,1.75,0.0,0.0
2023-01-10,1.75,1.75,1.75,1.75,0.0,0.0
2023-01-11,1.75,1.75,1.75,1.75,0.0,0.0
2023-01-12,1.75,1.75,1.75,1.75,0.0,0.0
2023-01-13,1.75,1.75,1.75,1.75,0.0,0.0
2023-01-16,1.75,1.75,1.75,1.75,0.0,0.0
2023-01-17,1.75,1.75,1.75,1.75,0.0,0.0
2023-01-18,1.75,1.75,1.75,1.75,0.0,0.0
2023-01-19,1.75,1.75,1.75,1.75,0.0,0.0
2023-01-20,1.75,1.75,1.75,1.75,0.0,0.0
2023-01-23,1.75,1.75,1.75,1.75,0.0,0.0
2023-01-24,1.75,1.75,1.75,1.75,0.0,0.0
2023-01-25,1.75,1.75,1.75,1.75,0.0,0.0
2023-01-26,1.75,1.75,1.75,1.75,0.0,0.0
2023-01-27,1.75,1.75,1.75,1.75,0.0,0.0
2023-01-30,1.75,1.75,1.75,1.75,0.0,0.0
2023-01-31,1.75,1.75,1.75,1.75,0.0,0.0
2023-02-01,1.75,1.75,1.75,1.75,7.0,164765.0
2023-02-02,1.75,1.75,1.75,1.75,1.0,5000.0
2023-02-03,3.0,3.0,3.0,3.0,0.0,0.0
2023-02-06,3.0,3.0,3.0,3.0,0.0,0.0
2023-02-07,3.0,3.0,3.0,3.0,0.0,0.0
2023-02-08,3.0,3.0,3.0,3.0,0.0,0.0
2023-02-09,3.0,3.0,3.0,3.0,0.0,0.0
2023-02-10,3.0,3.0,3.0,3.0,0.0,0.0
2023-02-13,3.0,3.0,3.0,3.0,0.0,0.0
2023-02-14,3.0,3.0,3.0,3.0,0.0,0.0
2023-02-15,3.0,3.0,3.0,3.0,0.0,0.0
2023-02-16,3.0,3.0,3.0,3.0,0.0,0.0
2023-02-17,3.0,3.0,3.0,3.0,0.0,0.0
2023-02-20,3.0,3.0,3.0,3.0,0.0,0.0
2023-02-21,3.0,3.0,3.0,3.0,2.0,72218.0
2023-02-22,1.75,1.75,1.75,1.75,0.0,0.0
2023-02-23,1.75,1.75,1.75,1.75,0.0,0.0
2023-02-24,1.75,1.75,1.75,1.75,0.0,0.0
2023-02-27,1.75,1.75,1.75,1.75,0.0,0.0
2023-02-28,1.75,1.75,1.75,1.75,0.0,0.0
2023-03-01,1.75,1.75,1.75,1.75,0.0,0.0
2023-03-02,1.75,1.75,1.75,1.75,0.0,0.0
2023-03-03,1.75,1.75,1.75,1.75,0.0,0.0
2023-03-06,1.75,1.75,1.75,1.75,2.0,39330.0
2023-03-07,1.25,1.25,1.25,1.25,0.0,0.0
2023-03-08,1.25,1.25,1.25,1.25,3.0,25000.0
2023-03-09,1.0,1.0,1.0,1.0,0.0,0.0
2023-03-10,1.0,1.0,1.0,1.0,0.0,0.0
2023-03-13,1.0,1.0,1.0,1.0,0.0,0.0
2023-03-14,1.0,1.0,1.0,1.0,0.0,0.0
2023-03-15,1.0,1.0,1.0,1.0,0.0,0.0
2023-03-16,1.0,1.0,1.0,1.0,0.0,0.0
2023-03-17,1.0,1.0,1.0,1.0,0.0,0.0
2023-03-20,1.0,1.0,1.0,1.0,0.0,0.0
2023-03-21,1.0,1.0,1.0,1.0,0.0,0.0
2023-03-22,1.0,1.0,1.0,1.0,0.0,0.0
2023-03-23,1.0,1.0,1.0,1.0,0.0,0.0
2023-03-24,1.0,1.0,1.0,1.0,0.0,0.0
2023-03-27,1.0,1.0,1.0,1.0,0.0,0.0
2023-03-28,1.0,1.0,1.0,1.0,1.0,35671.0
2023-03-29,1.0,1.0,1.0,1.0,0.0,0.0
2023-03-30,1.0,1.0,1.0,1.0,0.0,0.0
2023-03-31,1.0,1.0,1.0,1.0,0.0,0.0
2023-04-03,1.0,1.0,1.0,1.0,0.0,0.0
2023-04-04,1.0,1.0,1.0,1.0,0.0,0.0
2023-04-05,1.0,1.0,1.0,1.0,0.0,0.0
2023-04-06,1.0,1.0,1.0,1.0,0.0,0.0
2023-04-11,1.0,1.0,1.0,1.0,0.0,0.0
2023-04-12,1.0,1.0,1.0,1.0,0.0,0.0
2023-04-13,1.0,1.0,1.0,1.0,0.0,0.0
2023-04-14,1.0,1.0,1.0,1.0,0.0,0.0
2023-04-17,1.0,1.0,1.0,1.0,0.0,0.0
2023-04-18,1.0,1.0,1.0,1.0,0.0,0.0
2023-04-19,1.0,1.0,1.0,1.0,0.0,0.0
2023-04-20,1.0,1.0,1.0,1.0,0.0,0.0
2023-04-21,1.0,1.0,1.0,1.0,0.0,0.0
2023-04-24,1.0,1.0,1.0,1.0,0.0,0.0
2023-04-25,1.0,1.0,1.0,1.0,0.0,0.0
2023-04-26,1.0,1.0,1.0,1.0,0.0,0.0
2023-04-27,1.0,1.0,1.0,1.0,0.0,0.0
2023-04-28,1.0,1.0,1.0,1.0,0.0,0.0
2023-05-02,1.0,1.0,1.0,1.0,0.0,0.0
2023-05-03,1.0,1.0,1.0,1.0,0.0,0.0
2023-05-04,1.0,1.0,1.0,1.0,0.0,0.0
2023-05-05,1.0,1.0,1.0,1.0,0.0,0.0
2023-05-08,1.0,1.0,1.0,1.0,0.0,0.0
2023-05-09,1.0,1.0,1.0,1.0,0.0,0.0
2023-05-10,1.0,1.0,1.0,1.0,0.0,0.0
2023-05-11,1.0,1.0,1.0,1.0,0.0,0.0
2023-05-12,1.0,1.0,1.0,1.0,0.0,0.0
2023-05-15,1.0,1.0,1.0,1.0,0.0,0.0
2023-05-16,1.0,1.0,1.0,1.0,0.0,0.0
2023-05-17,1.0,1.0,1.0,1.0,0.0,0.0
2023-05-18,1.0,1.0,1.0,1.0,0.0,0.0
2023-05-19,1.0,1.0,1.0,1.0,0.0,0.0
2023-05-22,1.0,1.0,1.0,1.0,0.0,0.0
2023-05-23,1.0,1.0,1.0,1.0,0.0,0.0
2023-05-24,1.0,1.0,1.0,1.0,0.0,0.0
2023-05-25,1.0,1.0,1.0,1.0,0.0,0.0
2023-05-26,1.0,1.0,1.0,1.0,0.0,0.0
2023-05-29,1.0,1.0,1.0,1.0,0.0,0.0
2023-05-30,1.0,1.0,1.0,1.0,0.0,0.0
2023-05-31,1.0,1.0,1.0,1.0,0.0,0.0
2023-06-01,1.0,1.0,1.0,1.0,0.0,0.0
2023-06-02,1.0,1.0,1.0,1.0,0.0,0.0
2023-06-05,1.0,1.0,1.0,1.0,0.0,0.0
2023-06-06,1.0,1.0,1.0,1.0,0.0,0.0
2023-06-07,1.0,1.0,1.0,1.0,1.0,1397.0
2023-06-08,1.0,1.0,1.0,1.0,0.0,0.0
2023-06-09,1.0,1.0,1.0,1.0,0.0,0.0
2023-06-12,1.0,1.0,1.0,1.0,0.0,0.0
2023-06-13,1.0,1.0,1.0,1.0,0.0,0.0
2023-06-14,1.0,1.0,1.0,1.0,0.0,0.0
2023-06-15,1.0,1.0,1.0,1.0,0.0,0.0
2023-06-16,0.75,0.75,0.75,0.75,0.0,0.0
2023-06-19,0.75,0.75,0.75,0.75,0.0,0.0
2023-06-20,0.75,0.75,0.75,0.75,0.0,0.0
2023-06-21,0.75,0.75,0.75,0.75,0.0,0.0
2023-06-22,0.75,0.75,0.75,0.75,0.0,0.0
2023-06-23,0.75,0.75,0.75,0.75,0.0,0.0
2023-06-26,0.75,0.75,0.75,0.75,0.0,0.0
2023-06-27,0.75,0.75,0.75,0.75,0.0,0.0
2023-06-28,0.75,0.75,0.75,0.75,0.0,0.0
2023-06-29,0.75,0.75,0.75,0.75,0.0,0.0
2023-06-30,0.75,0.75,0.75,0.75,0.0,0.0
2023-07-03,0.75,0.75,0.75,0.75,0.0,0.0
2023-07-04,0.75,0.75,0.75,0.75,0.0,0.0
2023-07-05,0.75,0.75,0.75,0.75,0.0,0.0
2023-07-06,0.75,0.75,0.75,0.75,0.0,0.0
2023-07-07,0.75,0.75,0.75,0.75,4.0,218691.0
2017-05-22,0.0,0.0,0.0,0.0,1.0,100.0
